#pragma once
#include <cstdint>
#include <span>
// Generated by hsa/tools/build-signal-kernels.sh from signal_operations.cl and
// signal_mailbox_service.cl. Do not edit; re-run the script instead.
// Homebrew clang version 21.1.8
// Homebrew LLD 21.1.8 (compatible with GNU linkers)
namespace mac_hsa::signal_kernels {
namespace gfx9_generic {
// gfx9-generic signal_operations: e_flags=0x01000151, 5056 bytes
inline constexpr uint8_t signal_operations[] = {
    0x7f,0x45,0x4c,0x46,0x02,0x01,0x01,0x40,0x04,0x00,0x00,0x00,0x00,0x00,0x00,0x00,0x03,0x00,0xe0,0x00,0x01,0x00,0x00,0x00,
    0x00,0x00,0x00,0x00,0x00,0x00,0x00,0x00,0x40,0x00,0x00,0x00,0x00,0x00,0x00,0x00,0x00,0x10,0x00,0x00,0x00,0x00,0x00,0x00,
    0x51,0x01,0x00,0x01,0x40,0x00,0x38,0x00,0x08,0x00,0x40,0x00,0x0f,0x00,0x0d,0x00,0x06,0x00,0x00,0x00,0x04,0x00,0x00,0x00,
    0x40,0x00,0x00,0x00,0x00,0x00,0x00,0x00,0x40,0x00,0x00,0x00,0x00,0x00,0x00,0x00,0x40,0x00,0x00,0x00,0x00,0x00,0x00,0x00,
    0xc0,0x01,0x00,0x00,0x00,0x00,0x00,0x00,0xc0,0x01,0x00,0x00,0x00,0x00,0x00,0x00,0x08,0x00,0x00,0x00,0x00,0x00,0x00,0x00,
    0x01,0x00,0x00,0x00,0x04,0x00,0x00,0x00,0x00,0x00,0x00,0x00,0x00,0x00,0x00,0x00,0x00,0x00,0x00,0x00,0x00,0x00,0x00,0x00,
    0x00,0x00,0x00,0x00,0x00,0x00,0x00,0x00,0x80,0x06,0x00,0x00,0x00,0x00,0x00,0x00,0x80,0x06,0x00,0x00,0x00,0x00,0x00,0x00,
    0x00,0x10,0x00,0x00,0x00,0x00,0x00,0x00,0x01,0x00,0x00,0x00,0x05,0x00,0x00,0x00,0x00,0x07,0x00,0x00,0x00,0x00,0x00,0x00,
    0x00,0x17,0x00,0x00,0x00,0x00,0x00,0x00,0x00,0x17,0x00,0x00,0x00,0x00,0x00,0x00,0x48,0x05,0x00,0x00,0x00,0x00,0x00,0x00,
    0x48,0x05,0x00,0x00,0x00,0x00,0x00,0x00,0x00,0x10,0x00,0x00,0x00,0x00,0x00,0x00,0x01,0x00,0x00,0x00,0x06,0x00,0x00,0x00,
    0x48,0x0c,0x00,0x00,0x00,0x00,0x00,0x00,0x48,0x2c,0x00,0x00,0x00,0x00,0x00,0x00,0x48,0x2c,0x00,0x00,0x00,0x00,0x00,0x00,
    0x70,0x00,0x00,0x00,0x00,0x00,0x00,0x00,0xb8,0x03,0x00,0x00,0x00,0x00,0x00,0x00,0x00,0x10,0x00,0x00,0x00,0x00,0x00,0x00,
    0x02,0x00,0x00,0x00,0x06,0x00,0x00,0x00,0x48,0x0c,0x00,0x00,0x00,0x00,0x00,0x00,0x48,0x2c,0x00,0x00,0x00,0x00,0x00,0x00,
    0x48,0x2c,0x00,0x00,0x00,0x00,0x00,0x00,0x70,0x00,0x00,0x00,0x00,0x00,0x00,0x00,0x70,0x00,0x00,0x00,0x00,0x00,0x00,0x00,
    0x08,0x00,0x00,0x00,0x00,0x00,0x00,0x00,0x52,0xe5,0x74,0x64,0x04,0x00,0x00,0x00,0x48,0x0c,0x00,0x00,0x00,0x00,0x00,0x00,
    0x48,0x2c,0x00,0x00,0x00,0x00,0x00,0x00,0x48,0x2c,0x00,0x00,0x00,0x00,0x00,0x00,0x70,0x00,0x00,0x00,0x00,0x00,0x00,0x00,
    0xb8,0x03,0x00,0x00,0x00,0x00,0x00,0x00,0x01,0x00,0x00,0x00,0x00,0x00,0x00,0x00,0x51,0xe5,0x74,0x64,0x06,0x00,0x00,0x00,
    0x00,0x00,0x00,0x00,0x00,0x00,0x00,0x00,0x00,0x00,0x00,0x00,0x00,0x00,0x00,0x00,0x00,0x00,0x00,0x00,0x00,0x00,0x00,0x00,
    0x00,0x00,0x00,0x00,0x00,0x00,0x00,0x00,0x00,0x00,0x00,0x00,0x00,0x00,0x00,0x00,0x00,0x00,0x00,0x00,0x00,0x00,0x00,0x00,
    0x04,0x00,0x00,0x00,0x04,0x00,0x00,0x00,0x00,0x02,0x00,0x00,0x00,0x00,0x00,0x00,0x00,0x02,0x00,0x00,0x00,0x00,0x00,0x00,
    0x00,0x02,0x00,0x00,0x00,0x00,0x00,0x00,0x10,0x03,0x00,0x00,0x00,0x00,0x00,0x00,0x10,0x03,0x00,0x00,0x00,0x00,0x00,0x00,
    0x04,0x00,0x00,0x00,0x00,0x00,0x00,0x00,0x07,0x00,0x00,0x00,0xfc,0x02,0x00,0x00,0x20,0x00,0x00,0x00,0x41,0x4d,0x44,0x47,
    0x50,0x55,0x00,0x00,0x83,0xae,0x61,0x6d,0x64,0x68,0x73,0x61,0x2e,0x6b,0x65,0x72,0x6e,0x65,0x6c,0x73,0x91,0xde,0x00,0x11,
    0xa5,0x2e,0x61,0x72,0x67,0x73,0x95,0x85,0xae,0x2e,0x61,0x64,0x64,0x72,0x65,0x73,0x73,0x5f,0x73,0x70,0x61,0x63,0x65,0xa6,
    0x67,0x6c,0x6f,0x62,0x61,0x6c,0xa7,0x2e,0x6f,0x66,0x66,0x73,0x65,0x74,0x00,0xa5,0x2e,0x73,0x69,0x7a,0x65,0x08,0xaa,0x2e,
    0x74,0x79,0x70,0x65,0x5f,0x6e,0x61,0x6d,0x65,0xa5,0x6c,0x6f,0x6e,0x67,0x2a,0xab,0x2e,0x76,0x61,0x6c,0x75,0x65,0x5f,0x6b,
    0x69,0x6e,0x64,0xad,0x67,0x6c,0x6f,0x62,0x61,0x6c,0x5f,0x62,0x75,0x66,0x66,0x65,0x72,0x85,0xae,0x2e,0x61,0x64,0x64,0x72,
    0x65,0x73,0x73,0x5f,0x73,0x70,0x61,0x63,0x65,0xa6,0x67,0x6c,0x6f,0x62,0x61,0x6c,0xa7,0x2e,0x6f,0x66,0x66,0x73,0x65,0x74,
    0x08,0xa5,0x2e,0x73,0x69,0x7a,0x65,0x08,0xaa,0x2e,0x74,0x79,0x70,0x65,0x5f,0x6e,0x61,0x6d,0x65,0xa5,0x6c,0x6f,0x6e,0x67,
    0x2a,0xab,0x2e,0x76,0x61,0x6c,0x75,0x65,0x5f,0x6b,0x69,0x6e,0x64,0xad,0x67,0x6c,0x6f,0x62,0x61,0x6c,0x5f,0x62,0x75,0x66,
    0x66,0x65,0x72,0x84,0xa7,0x2e,0x6f,0x66,0x66,0x73,0x65,0x74,0x10,0xa5,0x2e,0x73,0x69,0x7a,0x65,0x08,0xaa,0x2e,0x74,0x79,
    0x70,0x65,0x5f,0x6e,0x61,0x6d,0x65,0xa4,0x6c,0x6f,0x6e,0x67,0xab,0x2e,0x76,0x61,0x6c,0x75,0x65,0x5f,0x6b,0x69,0x6e,0x64,
    0xa8,0x62,0x79,0x5f,0x76,0x61,0x6c,0x75,0x65,0x84,0xa7,0x2e,0x6f,0x66,0x66,0x73,0x65,0x74,0x18,0xa5,0x2e,0x73,0x69,0x7a,
    0x65,0x08,0xaa,0x2e,0x74,0x79,0x70,0x65,0x5f,0x6e,0x61,0x6d,0x65,0xa4,0x6c,0x6f,0x6e,0x67,0xab,0x2e,0x76,0x61,0x6c,0x75,
    0x65,0x5f,0x6b,0x69,0x6e,0x64,0xa8,0x62,0x79,0x5f,0x76,0x61,0x6c,0x75,0x65,0x84,0xa7,0x2e,0x6f,0x66,0x66,0x73,0x65,0x74,
    0x20,0xa5,0x2e,0x73,0x69,0x7a,0x65,0x04,0xaa,0x2e,0x74,0x79,0x70,0x65,0x5f,0x6e,0x61,0x6d,0x65,0xa4,0x75,0x69,0x6e,0x74,
    0xab,0x2e,0x76,0x61,0x6c,0x75,0x65,0x5f,0x6b,0x69,0x6e,0x64,0xa8,0x62,0x79,0x5f,0x76,0x61,0x6c,0x75,0x65,0xb9,0x2e,0x67,
    0x72,0x6f,0x75,0x70,0x5f,0x73,0x65,0x67,0x6d,0x65,0x6e,0x74,0x5f,0x66,0x69,0x78,0x65,0x64,0x5f,0x73,0x69,0x7a,0x65,0x00,
    0xb6,0x2e,0x6b,0x65,0x72,0x6e,0x61,0x72,0x67,0x5f,0x73,0x65,0x67,0x6d,0x65,0x6e,0x74,0x5f,0x61,0x6c,0x69,0x67,0x6e,0x08,
    0xb5,0x2e,0x6b,0x65,0x72,0x6e,0x61,0x72,0x67,0x5f,0x73,0x65,0x67,0x6d,0x65,0x6e,0x74,0x5f,0x73,0x69,0x7a,0x65,0x24,0xa9,
    0x2e,0x6c,0x61,0x6e,0x67,0x75,0x61,0x67,0x65,0xa8,0x4f,0x70,0x65,0x6e,0x43,0x4c,0x20,0x43,0xb1,0x2e,0x6c,0x61,0x6e,0x67,
    0x75,0x61,0x67,0x65,0x5f,0x76,0x65,0x72,0x73,0x69,0x6f,0x6e,0x92,0x02,0x00,0xb8,0x2e,0x6d,0x61,0x78,0x5f,0x66,0x6c,0x61,
    0x74,0x5f,0x77,0x6f,0x72,0x6b,0x67,0x72,0x6f,0x75,0x70,0x5f,0x73,0x69,0x7a,0x65,0x20,0xa5,0x2e,0x6e,0x61,0x6d,0x65,0xb0,
    0x73,0x69,0x67,0x6e,0x61,0x6c,0x5f,0x6f,0x70,0x65,0x72,0x61,0x74,0x69,0x6f,0x6e,0xbb,0x2e,0x70,0x72,0x69,0x76,0x61,0x74,
    0x65,0x5f,0x73,0x65,0x67,0x6d,0x65,0x6e,0x74,0x5f,0x66,0x69,0x78,0x65,0x64,0x5f,0x73,0x69,0x7a,0x65,0x00,0xb4,0x2e,0x72,
    0x65,0x71,0x64,0x5f,0x77,0x6f,0x72,0x6b,0x67,0x72,0x6f,0x75,0x70,0x5f,0x73,0x69,0x7a,0x65,0x93,0x20,0x01,0x01,0xab,0x2e,
    0x73,0x67,0x70,0x72,0x5f,0x63,0x6f,0x75,0x6e,0x74,0x14,0xb1,0x2e,0x73,0x67,0x70,0x72,0x5f,0x73,0x70,0x69,0x6c,0x6c,0x5f,
    0x63,0x6f,0x75,0x6e,0x74,0x00,0xa7,0x2e,0x73,0x79,0x6d,0x62,0x6f,0x6c,0xb3,0x73,0x69,0x67,0x6e,0x61,0x6c,0x5f,0x6f,0x70,
    0x65,0x72,0x61,0x74,0x69,0x6f,0x6e,0x2e,0x6b,0x64,0xb3,0x2e,0x75,0x73,0x65,0x73,0x5f,0x64,0x79,0x6e,0x61,0x6d,0x69,0x63,
    0x5f,0x73,0x74,0x61,0x63,0x6b,0xc2,0xab,0x2e,0x76,0x67,0x70,0x72,0x5f,0x63,0x6f,0x75,0x6e,0x74,0x05,0xb1,0x2e,0x76,0x67,
    0x70,0x72,0x5f,0x73,0x70,0x69,0x6c,0x6c,0x5f,0x63,0x6f,0x75,0x6e,0x74,0x00,0xaf,0x2e,0x77,0x61,0x76,0x65,0x66,0x72,0x6f,
    0x6e,0x74,0x5f,0x73,0x69,0x7a,0x65,0x40,0xad,0x61,0x6d,0x64,0x68,0x73,0x61,0x2e,0x74,0x61,0x72,0x67,0x65,0x74,0xbf,0x61,
    0x6d,0x64,0x67,0x63,0x6e,0x2d,0x61,0x6d,0x64,0x2d,0x61,0x6d,0x64,0x68,0x73,0x61,0x2d,0x2d,0x67,0x66,0x78,0x39,0x2d,0x67,
    0x65,0x6e,0x65,0x72,0x69,0x63,0xae,0x61,0x6d,0x64,0x68,0x73,0x61,0x2e,0x76,0x65,0x72,0x73,0x69,0x6f,0x6e,0x92,0x01,0x02,
    0x00,0x00,0x00,0x00,0x00,0x00,0x00,0x00,0x00,0x00,0x00,0x00,0x00,0x00,0x00,0x00,0x00,0x00,0x00,0x00,0x00,0x00,0x00,0x00,
    0x01,0x00,0x00,0x00,0x12,0x03,0x07,0x00,0x00,0x17,0x00,0x00,0x00,0x00,0x00,0x00,0x64,0x03,0x00,0x00,0x00,0x00,0x00,0x00,
    0x12,0x00,0x00,0x00,0x11,0x03,0x06,0x00,0x40,0x06,0x00,0x00,0x00,0x00,0x00,0x00,0x40,0x00,0x00,0x00,0x00,0x00,0x00,0x00,
    0x26,0x00,0x00,0x00,0x12,0x03,0x07,0x00,0x64,0x1a,0x00,0x00,0x00,0x00,0x00,0x00,0xe4,0x01,0x00,0x00,0x00,0x00,0x00,0x00,
    0x01,0x00,0x00,0x00,0x01,0x00,0x00,0x00,0x01,0x00,0x00,0x00,0x1a,0x00,0x00,0x00,0x00,0x00,0x89,0x00,0x40,0x00,0x01,0x10,
    0x01,0x00,0x00,0x00,0xd2,0x64,0x68,0xc1,0xd0,0x69,0xb2,0x5f,0xe7,0x24,0x33,0xf0,0x04,0x00,0x00,0x00,0x04,0x00,0x00,0x00,
    0x02,0x00,0x00,0x00,0x00,0x00,0x00,0x00,0x03,0x00,0x00,0x00,0x00,0x00,0x00,0x00,0x00,0x00,0x00,0x00,0x00,0x00,0x00,0x00,
    0x00,0x00,0x00,0x00,0x01,0x00,0x00,0x00,0x00,0x73,0x69,0x67,0x6e,0x61,0x6c,0x5f,0x6f,0x70,0x65,0x72,0x61,0x74,0x69,0x6f,
    0x6e,0x00,0x73,0x69,0x67,0x6e,0x61,0x6c,0x5f,0x6f,0x70,0x65,0x72,0x61,0x74,0x69,0x6f,0x6e,0x2e,0x6b,0x64,0x00,0x5f,0x5f,
    0x63,0x6c,0x61,0x6e,0x67,0x5f,0x6f,0x63,0x6c,0x5f,0x6b,0x65,0x72,0x6e,0x5f,0x69,0x6d,0x70,0x5f,0x73,0x69,0x67,0x6e,0x61,
    0x6c,0x5f,0x6f,0x70,0x65,0x72,0x61,0x74,0x69,0x6f,0x6e,0x00,0x00,0x00,0x00,0x00,0x00,0x00,0x00,0x00,0x00,0x00,0x00,0x00,
    0x00,0x00,0x00,0x00,0x00,0x00,0x00,0x00,0x00,0x00,0x00,0x00,0x00,0x00,0x00,0x00,0x00,0x00,0x00,0x00,0x00,0x00,0x00,0x00,
    0x00,0x00,0x00,0x00,0x00,0x00,0x00,0x00,0x00,0x00,0x00,0x00,0x00,0x00,0x00,0x00,0x00,0x00,0x00,0x00,0x00,0x00,0x00,0x00,
    0x24,0x00,0x00,0x00,0x00,0x00,0x00,0x00,0xc0,0x10,0x00,0x00,0x00,0x00,0x00,0x00,0x00,0x00,0x00,0x00,0x00,0x00,0x00,0x00,
    0x00,0x00,0x00,0x00,0x00,0x00,0x00,0x00,0x00,0x00,0x00,0x00,0x00,0x00,0x00,0x00,0x81,0x00,0xaf,0x00,0x8c,0x00,0x00,0x00,
    0x09,0x00,0x00,0x00,0x00,0x00,0x00,0x00,0x00,0x00,0x00,0x00,0x00,0x00,0x00,0x00,0x00,0x00,0x00,0x00,0x00,0x00,0x00,0x00,
    0x00,0x00,0x00,0x00,0x00,0x00,0x00,0x00,0x00,0x00,0x00,0x00,0x00,0x00,0x00,0x00,0x00,0x00,0x00,0x00,0x00,0x00,0x00,0x00,
    0x00,0x00,0x00,0x00,0x00,0x00,0x00,0x00,0x00,0x00,0x00,0x00,0x00,0x00,0x00,0x00,0x00,0x00,0x00,0x00,0x00,0x00,0x00,0x00,
    0x00,0x00,0x00,0x00,0x00,0x00,0x00,0x00,0x00,0x00,0x00,0x00,0x00,0x00,0x00,0x00,0x00,0x00,0x00,0x00,0x00,0x00,0x00,0x00,
    0x00,0x00,0x00,0x00,0x00,0x00,0x00,0x00,0x00,0x00,0x00,0x00,0x00,0x00,0x00,0x00,0x00,0x00,0x00,0x00,0x00,0x00,0x00,0x00,
    0x00,0x00,0x00,0x00,0x00,0x00,0x00,0x00,0x00,0x00,0x00,0x00,0x00,0x00,0x00,0x00,0x80,0x00,0x94,0x7d,0x6a,0x20,0x80,0xbe,
    0xd5,0x00,0x88,0xbf,0x82,0x01,0x02,0xc0,0x20,0x00,0x00,0x00,0x02,0x02,0x0e,0xc0,0x00,0x00,0x00,0x00,0x7f,0xc0,0x8c,0xbf,
    0x06,0x85,0x04,0xbf,0x14,0x00,0x85,0xbf,0x06,0x86,0x02,0xbf,0x15,0x00,0x84,0xbf,0x06,0x87,0x02,0xbf,0x16,0x00,0x84,0xbf,
    0x80,0x02,0x00,0x7e,0x80,0x02,0x02,0x7e,0x06,0x88,0x06,0xbf,0x0a,0x00,0x84,0xbf,0x0c,0x02,0x00,0x7e,0x0d,0x02,0x02,0x7e,
    0x0e,0x02,0x04,0x7e,0x0f,0x02,0x06,0x7e,0x80,0x02,0x08,0x7e,0x00,0x80,0x85,0xdd,0x04,0x00,0x08,0x00,0x70,0x0f,0x8c,0xbf,
    0x00,0x00,0xfc,0xe0,0x00,0x00,0x00,0x00,0x80,0x01,0x80,0xbe,0x07,0x00,0x82,0xbf,0x80,0x01,0x80,0xbe,0x43,0x00,0x89,0xbf,
    0xaa,0x00,0x82,0xbf,0x80,0x01,0x80,0xbe,0x03,0x00,0x89,0xbf,0x3e,0x00,0x82,0xbf,0xc1,0x01,0x80,0xbe,0x3c,0x00,0x82,0xbf,
    0x06,0x85,0x02,0xbf,0x1f,0x00,0x84,0xbf,0x7e,0x01,0x84,0xbe,0x00,0x00,0x8c,0xd2,0x04,0x00,0x01,0x00,0x02,0x00,0x8d,0xd2,
    0x05,0x00,0x02,0x00,0x80,0x04,0x94,0x7d,0x6a,0x20,0x82,0xbe,0x0c,0x00,0x88,0xbf,0x04,0x0d,0x84,0xbe,0x04,0x81,0x04,0x86,
    0x0d,0x04,0x05,0x92,0x0c,0x04,0x04,0x92,0x04,0x02,0x00,0x7e,0x05,0x02,0x02,0x7e,0x80,0x02,0x06,0x7e,0x00,0x80,0xa9,0xdd,
    0x03,0x00,0x08,0x00,0x70,0x0f,0x8c,0xbf,0x00,0x00,0xfc,0xe0,0x00,0x00,0x00,0x00,0x7e,0x02,0xfe,0x87,0x81,0x04,0x04,0x26,
    0x03,0x00,0x85,0xd2,0x0d,0x04,0x02,0x00,0x02,0x00,0x85,0xd2,0x0c,0x04,0x02,0x00,0x01,0x05,0x04,0x7e,0x00,0x05,0x06,0x7e,
    0x02,0x06,0x02,0x2a,0x03,0x04,0x00,0x2a,0x1b,0x00,0x82,0xbf,0x1a,0x00,0x88,0xbf,0x00,0x00,0x8c,0xd2,0x7e,0x00,0x01,0x00,
    0x00,0x00,0x8d,0xd2,0x7f,0x00,0x02,0x00,0x80,0x00,0x94,0x7d,0x6a,0x20,0x82,0xbe,0x08,0x00,0x88,0xbf,0x0c,0x02,0x00,0x7e,
    0x80,0x02,0x04,0x7e,0x0d,0x02,0x02,0x7e,0x00,0x80,0xa5,0xdd,0x02,0x00,0x08,0x00,0x70,0x0f,0x8c,0xbf,0x00,0x00,0xfc,0xe0,
    0x00,0x00,0x00,0x00,0x7e,0x02,0xfe,0x87,0x01,0x05,0x04,0x7e,0x00,0x05,0x06,0x7e,0x0d,0x02,0x00,0x7e,0x0c,0x02,0x02,0x7e,
    0x00,0x00,0x00,0xd1,0x00,0x01,0xa9,0x01,0x02,0x00,0x00,0xd1,0x01,0x01,0xa9,0x01,0x02,0x00,0x02,0x28,0x03,0x04,0x00,0x28,
    0x68,0x00,0x82,0xbf,0x06,0x82,0x02,0xbf,0x1d,0x00,0x84,0xbf,0x06,0x83,0x02,0xbf,0x1c,0x00,0x84,0xbf,0x00,0x00,0x8c,0xd2,
    0x7e,0x00,0x01,0x00,0x00,0x00,0x8d,0xd2,0x7f,0x00,0x02,0x00,0x80,0x00,0x94,0x7d,0x6a,0x20,0x82,0xbe,0x08,0x00,0x88,0xbf,
    0x0c,0x02,0x00,0x7e,0x80,0x02,0x04,0x7e,0x0d,0x02,0x02,0x7e,0x00,0x80,0xa1,0xdd,0x02,0x00,0x08,0x00,0x70,0x0f,0x8c,0xbf,
    0x00,0x00,0xfc,0xe0,0x00,0x00,0x00,0x00,0x7e,0x02,0xfe,0x87,0x01,0x05,0x04,0x7e,0x00,0x05,0x06,0x7e,0x0d,0x02,0x00,0x7e,
    0x0c,0x02,0x02,0x7e,0x00,0x00,0x00,0xd1,0x00,0x83,0xa9,0x01,0x02,0x00,0x00,0xd1,0x01,0x83,0xa9,0x01,0x02,0x00,0x02,0x26,
    0x03,0x04,0x00,0x26,0x22,0x00,0x82,0xbf,0x22,0x00,0x82,0xbf,0x20,0x00,0x88,0xbf,0x7e,0x01,0x84,0xbe,0x00,0x00,0x8c,0xd2,
    0x04,0x00,0x01,0x00,0x02,0x00,0x8d,0xd2,0x05,0x00,0x02,0x00,0x80,0x04,0x94,0x7d,0x6a,0x20,0x82,0xbe,0x0d,0x00,0x88,0xbf,
    0x04,0x0d,0x84,0xbe,0x0d,0x04,0x05,0x92,0x0c,0x04,0x07,0x96,0x07,0x05,0x07,0x81,0x0c,0x04,0x04,0x92,0x04,0x02,0x00,0x7e,
    0x07,0x02,0x02,0x7e,0x80,0x02,0x06,0x7e,0x00,0x80,0x8d,0xdd,0x03,0x00,0x08,0x00,0x70,0x0f,0x8c,0xbf,0x00,0x00,0xfc,0xe0,
    0x00,0x00,0x00,0x00,0x7e,0x02,0xfe,0x87,0x03,0x02,0xe8,0xd1,0x0c,0x04,0x02,0x02,0x00,0x05,0x0a,0x7e,0x01,0x05,0x08,0x7e,
    0x04,0x03,0x00,0x7e,0x01,0x02,0xe8,0xd1,0x0d,0x04,0x02,0x04,0x04,0x02,0x04,0x7e,0x05,0x06,0x00,0x34,0x02,0x03,0x02,0x3a,
    0x26,0x00,0x89,0xbf,0x06,0x81,0x02,0xbf,0x1f,0x00,0x84,0xbf,0x7e,0x01,0x84,0xbe,0x00,0x00,0x8c,0xd2,0x04,0x00,0x01,0x00,
    0x02,0x00,0x8d,0xd2,0x05,0x00,0x02,0x00,0x80,0x04,0x94,0x7d,0x6a,0x20,0x82,0xbe,0x0d,0x00,0x88,0xbf,0x04,0x0d,0x84,0xbe,
    0x0d,0x04,0x05,0x92,0x0c,0x04,0x07,0x96,0x07,0x05,0x07,0x81,0x0c,0x04,0x04,0x92,0x04,0x02,0x00,0x7e,0x07,0x02,0x02,0x7e,
    0x80,0x02,0x06,0x7e,0x00,0x80,0x89,0xdd,0x03,0x00,0x08,0x00,0x70,0x0f,0x8c,0xbf,0x00,0x00,0xfc,0xe0,0x00,0x00,0x00,0x00,
    0x7e,0x02,0xfe,0x87,0x01,0x05,0x04,0x7e,0x00,0x05,0x06,0x7e,0x03,0x02,0x00,0x7e,0x02,0x02,0x02,0x7e,0x00,0x02,0xe8,0xd1,
    0x0c,0x04,0x02,0x04,0x01,0x02,0xe8,0xd1,0x0d,0x04,0x06,0x04,0x05,0x00,0x82,0xbf,0x04,0x00,0x88,0xbf,0x80,0x02,0x00,0x7e,
    0x06,0x81,0x06,0xbf,0x80,0x02,0x02,0x7e,0xc1,0x80,0x80,0x85,0x7e,0x00,0xea,0x86,0x08,0x00,0x86,0xbf,0x0c,0x02,0x00,0x7e,
    0x80,0x02,0x04,0x7e,0x0d,0x02,0x02,0x7e,0x00,0x80,0x81,0xdd,0x02,0x00,0x08,0x00,0x70,0x0f,0x8c,0xbf,0x00,0x00,0xfc,0xe0,
    0x00,0x00,0x00,0x00,0x80,0x02,0x04,0x7e,0x00,0x80,0x74,0xdc,0x02,0x00,0x0a,0x00,0x00,0x00,0x81,0xbf,0x00,0x00,0x8c,0xbf,
    0xff,0x3e,0x12,0x26,0xff,0x03,0x00,0x00,0x80,0x12,0x94,0x7d,0x6a,0x20,0x84,0xbe,0x70,0x00,0x88,0xbf,0x84,0x10,0x82,0x7d,
    0x80,0x01,0x86,0xbe,0x6a,0x20,0x88,0xbe,0x7e,0x08,0x88,0x88,0x2b,0x00,0x88,0xbf,0x86,0x10,0x82,0x7d,0x6a,0x20,0x8a,0xbe,
    0x7e,0x0a,0x8a,0x88,0x12,0x00,0x88,0xbf,0x87,0x10,0x82,0x7d,0xc1,0x01,0x8c,0xbe,0x6a,0x20,0x86,0xbe,0x0c,0x00,0x88,0xbf,
    0x80,0x02,0x12,0x7e,0x80,0x02,0x14,0x7e,0x88,0x10,0x94,0x7d,0x6a,0x20,0x8c,0xbe,0x05,0x00,0x88,0xbf,0x00,0x80,0x85,0xdd,
    0x00,0x04,0x7f,0x09,0x70,0x0f,0x8c,0xbf,0x00,0x00,0xfc,0xe0,0x00,0x00,0x00,0x00,0x7e,0x0c,0xfe,0x87,0x7e,0xc1,0x8c,0x88,
    0x7e,0x06,0xfe,0x87,0x0c,0x7e,0x86,0x86,0x0a,0x23,0x8a,0xbe,0x11,0x00,0x88,0xbf,0x85,0x10,0x82,0x7d,0x6a,0x20,0x8c,0xbe,
    0x7e,0x0c,0x8c,0x88,0x05,0x00,0x88,0xbf,0x00,0x80,0xa9,0xdd,0x00,0x04,0x7f,0x09,0x70,0x0f,0x8c,0xbf,0x00,0x00,0xfc,0xe0,
    0x00,0x00,0x00,0x00,0x0c,0x23,0x8c,0xbe,0x05,0x00,0x88,0xbf,0x00,0x80,0xa5,0xdd,0x00,0x04,0x7f,0x09,0x70,0x0f,0x8c,0xbf,
    0x00,0x00,0xfc,0xe0,0x00,0x00,0x00,0x00,0x7e,0x0c,0xfe,0x87,0x7e,0x0a,0xfe,0x87,0x06,0x7e,0x86,0x86,0x08,0x23,0x88,0xbe,
    0x33,0x00,0x88,0xbf,0x82,0x10,0x82,0x7d,0x6a,0x20,0x8a,0xbe,0x7e,0x0a,0x8a,0x88,0x11,0x00,0x88,0xbf,0x83,0x10,0x82,0x7d,
    0x6a,0x20,0x8c,0xbe,0x7e,0x0c,0x8c,0x88,0x05,0x00,0x88,0xbf,0x00,0x80,0xa1,0xdd,0x00,0x04,0x7f,0x09,0x70,0x0f,0x8c,0xbf,
    0x00,0x00,0xfc,0xe0,0x00,0x00,0x00,0x00,0x0c,0x23,0x8c,0xbe,0x05,0x00,0x88,0xbf,0x00,0x80,0x8d,0xdd,0x00,0x04,0x7f,0x09,
    0x70,0x0f,0x8c,0xbf,0x00,0x00,0xfc,0xe0,0x00,0x00,0x00,0x00,0x7e,0x0c,0xfe,0x87,0x0a,0x21,0x8a,0xbe,0x06,0x01,0x8c,0xbe,
    0x7e,0x0a,0xfe,0x88,0x16,0x00,0x88,0xbf,0x81,0x10,0x82,0x7d,0x6a,0x20,0x8c,0xbe,0x7e,0x0c,0x8c,0x88,0x05,0x00,0x88,0xbf,
    0x00,0x80,0x89,0xdd,0x00,0x04,0x7f,0x09,0x70,0x0f,0x8c,0xbf,0x00,0x00,0xfc,0xe0,0x00,0x00,0x00,0x00,0x0c,0x21,0x8c,0xbe,
    0x06,0x01,0x8e,0xbe,0x7e,0x0c,0xfe,0x88,0x81,0x10,0x94,0x7d,0x80,0x02,0x12,0x7e,0x06,0x7e,0x8e,0x89,0x6a,0x7e,0x90,0x86,
    0x80,0x02,0x14,0x7e,0x0e,0x10,0x8e,0x87,0x7e,0x0c,0xfe,0x87,0x06,0x7e,0x8c,0x89,0x0e,0x7e,0x8e,0x86,0x0c,0x0e,0x8c,0x87,
    0x7e,0x0a,0xfe,0x87,0x06,0x7e,0x86,0x89,0x0c,0x7e,0x8a,0x86,0x06,0x0a,0x86,0x87,0x7e,0x08,0xfe,0x87,0x06,0x20,0x88,0xbe,
    0x05,0x00,0x88,0xbf,0x00,0x80,0x81,0xdd,0x00,0x04,0x7f,0x09,0x70,0x0f,0x8c,0xbf,0x00,0x00,0xfc,0xe0,0x00,0x00,0x00,0x00,
    0x7e,0x08,0xfe,0x87,0x00,0x80,0x74,0xdc,0x02,0x09,0x7f,0x00,0x7e,0x04,0xfe,0x87,0x70,0x0f,0x8c,0xbf,0x1e,0x1d,0x80,0xbe,
    0x06,0x00,0x00,0x00,0x00,0x00,0x00,0x00,0x10,0x05,0x00,0x00,0x00,0x00,0x00,0x00,0x0b,0x00,0x00,0x00,0x00,0x00,0x00,0x00,
    0x18,0x00,0x00,0x00,0x00,0x00,0x00,0x00,0x05,0x00,0x00,0x00,0x00,0x00,0x00,0x00,0xc0,0x05,0x00,0x00,0x00,0x00,0x00,0x00,
    0x0a,0x00,0x00,0x00,0x00,0x00,0x00,0x00,0x4c,0x00,0x00,0x00,0x00,0x00,0x00,0x00,0xf5,0xfe,0xff,0x6f,0x00,0x00,0x00,0x00,
    0x70,0x05,0x00,0x00,0x00,0x00,0x00,0x00,0x04,0x00,0x00,0x00,0x00,0x00,0x00,0x00,0x98,0x05,0x00,0x00,0x00,0x00,0x00,0x00,
    0x00,0x00,0x00,0x00,0x00,0x00,0x00,0x00,0x00,0x00,0x00,0x00,0x00,0x00,0x00,0x00,0x48,0x6f,0x6d,0x65,0x62,0x72,0x65,0x77,
    0x20,0x63,0x6c,0x61,0x6e,0x67,0x20,0x76,0x65,0x72,0x73,0x69,0x6f,0x6e,0x20,0x32,0x31,0x2e,0x31,0x2e,0x38,0x00,0x00,0x4c,
    0x69,0x6e,0x6b,0x65,0x72,0x3a,0x20,0x48,0x6f,0x6d,0x65,0x62,0x72,0x65,0x77,0x20,0x4c,0x4c,0x44,0x20,0x32,0x31,0x2e,0x31,
    0x2e,0x38,0x00,0x00,0x00,0x00,0x00,0x00,0x00,0x00,0x00,0x00,0x00,0x00,0x00,0x00,0x00,0x00,0x00,0x00,0x00,0x00,0x00,0x00,
    0x00,0x00,0x00,0x00,0x00,0x00,0x00,0x00,0x01,0x00,0x00,0x00,0x00,0x00,0xf1,0xff,0x00,0x00,0x00,0x00,0x00,0x00,0x00,0x00,
    0x00,0x00,0x00,0x00,0x00,0x00,0x00,0x00,0x23,0x00,0x00,0x00,0x00,0x00,0xf1,0xff,0x00,0x00,0x00,0x00,0x00,0x00,0x00,0x00,
    0x00,0x00,0x00,0x00,0x00,0x00,0x00,0x00,0x3d,0x00,0x00,0x00,0x00,0x00,0xf1,0xff,0x05,0x00,0x00,0x00,0x00,0x00,0x00,0x00,
    0x00,0x00,0x00,0x00,0x00,0x00,0x00,0x00,0x57,0x00,0x00,0x00,0x00,0x00,0xf1,0xff,0x10,0x00,0x00,0x00,0x00,0x00,0x00,0x00,
    0x00,0x00,0x00,0x00,0x00,0x00,0x00,0x00,0x76,0x00,0x00,0x00,0x00,0x00,0xf1,0xff,0x01,0x00,0x00,0x00,0x00,0x00,0x00,0x00,
    0x00,0x00,0x00,0x00,0x00,0x00,0x00,0x00,0x90,0x00,0x00,0x00,0x00,0x00,0xf1,0xff,0x00,0x00,0x00,0x00,0x00,0x00,0x00,0x00,
    0x00,0x00,0x00,0x00,0x00,0x00,0x00,0x00,0xb3,0x00,0x00,0x00,0x00,0x00,0xf1,0xff,0x00,0x00,0x00,0x00,0x00,0x00,0x00,0x00,
    0x00,0x00,0x00,0x00,0x00,0x00,0x00,0x00,0xd8,0x00,0x00,0x00,0x00,0x00,0xf1,0xff,0x00,0x00,0x00,0x00,0x00,0x00,0x00,0x00,
    0x00,0x00,0x00,0x00,0x00,0x00,0x00,0x00,0x42,0x01,0x00,0x00,0x00,0x02,0x08,0x00,0x48,0x2c,0x00,0x00,0x00,0x00,0x00,0x00,
    0x00,0x00,0x00,0x00,0x00,0x00,0x00,0x00,0xf7,0x00,0x00,0x00,0x12,0x03,0x07,0x00,0x00,0x17,0x00,0x00,0x00,0x00,0x00,0x00,
    0x64,0x03,0x00,0x00,0x00,0x00,0x00,0x00,0x08,0x01,0x00,0x00,0x11,0x03,0x06,0x00,0x40,0x06,0x00,0x00,0x00,0x00,0x00,0x00,
    0x40,0x00,0x00,0x00,0x00,0x00,0x00,0x00,0x1c,0x01,0x00,0x00,0x12,0x03,0x07,0x00,0x64,0x1a,0x00,0x00,0x00,0x00,0x00,0x00,
    0xe4,0x01,0x00,0x00,0x00,0x00,0x00,0x00,0x00,0x2e,0x6e,0x6f,0x74,0x65,0x00,0x2e,0x64,0x79,0x6e,0x73,0x79,0x6d,0x00,0x2e,
    0x67,0x6e,0x75,0x2e,0x68,0x61,0x73,0x68,0x00,0x2e,0x68,0x61,0x73,0x68,0x00,0x2e,0x64,0x79,0x6e,0x73,0x74,0x72,0x00,0x2e,
    0x72,0x6f,0x64,0x61,0x74,0x61,0x00,0x2e,0x74,0x65,0x78,0x74,0x00,0x2e,0x64,0x79,0x6e,0x61,0x6d,0x69,0x63,0x00,0x2e,0x72,
    0x65,0x6c,0x72,0x6f,0x5f,0x70,0x61,0x64,0x64,0x69,0x6e,0x67,0x00,0x2e,0x41,0x4d,0x44,0x47,0x50,0x55,0x2e,0x67,0x70,0x72,
    0x5f,0x6d,0x61,0x78,0x69,0x6d,0x75,0x6d,0x73,0x00,0x2e,0x63,0x6f,0x6d,0x6d,0x65,0x6e,0x74,0x00,0x2e,0x73,0x79,0x6d,0x74,
    0x61,0x62,0x00,0x2e,0x73,0x68,0x73,0x74,0x72,0x74,0x61,0x62,0x00,0x2e,0x73,0x74,0x72,0x74,0x61,0x62,0x00,0x00,0x73,0x69,
    0x67,0x6e,0x61,0x6c,0x5f,0x6f,0x70,0x65,0x72,0x61,0x74,0x69,0x6f,0x6e,0x2e,0x70,0x72,0x69,0x76,0x61,0x74,0x65,0x5f,0x73,
    0x65,0x67,0x5f,0x73,0x69,0x7a,0x65,0x00,0x73,0x69,0x67,0x6e,0x61,0x6c,0x5f,0x6f,0x70,0x65,0x72,0x61,0x74,0x69,0x6f,0x6e,
    0x2e,0x6e,0x75,0x6d,0x5f,0x61,0x67,0x70,0x72,0x00,0x73,0x69,0x67,0x6e,0x61,0x6c,0x5f,0x6f,0x70,0x65,0x72,0x61,0x74,0x69,
    0x6f,0x6e,0x2e,0x6e,0x75,0x6d,0x5f,0x76,0x67,0x70,0x72,0x00,0x73,0x69,0x67,0x6e,0x61,0x6c,0x5f,0x6f,0x70,0x65,0x72,0x61,
    0x74,0x69,0x6f,0x6e,0x2e,0x6e,0x75,0x6d,0x62,0x65,0x72,0x65,0x64,0x5f,0x73,0x67,0x70,0x72,0x00,0x73,0x69,0x67,0x6e,0x61,
    0x6c,0x5f,0x6f,0x70,0x65,0x72,0x61,0x74,0x69,0x6f,0x6e,0x2e,0x75,0x73,0x65,0x73,0x5f,0x76,0x63,0x63,0x00,0x73,0x69,0x67,
    0x6e,0x61,0x6c,0x5f,0x6f,0x70,0x65,0x72,0x61,0x74,0x69,0x6f,0x6e,0x2e,0x75,0x73,0x65,0x73,0x5f,0x66,0x6c,0x61,0x74,0x5f,
    0x73,0x63,0x72,0x61,0x74,0x63,0x68,0x00,0x73,0x69,0x67,0x6e,0x61,0x6c,0x5f,0x6f,0x70,0x65,0x72,0x61,0x74,0x69,0x6f,0x6e,
    0x2e,0x68,0x61,0x73,0x5f,0x64,0x79,0x6e,0x5f,0x73,0x69,0x7a,0x65,0x64,0x5f,0x73,0x74,0x61,0x63,0x6b,0x00,0x73,0x69,0x67,
    0x6e,0x61,0x6c,0x5f,0x6f,0x70,0x65,0x72,0x61,0x74,0x69,0x6f,0x6e,0x2e,0x68,0x61,0x73,0x5f,0x72,0x65,0x63,0x75,0x72,0x73,
    0x69,0x6f,0x6e,0x00,0x73,0x69,0x67,0x6e,0x61,0x6c,0x5f,0x6f,0x70,0x65,0x72,0x61,0x74,0x69,0x6f,0x6e,0x00,0x73,0x69,0x67,
    0x6e,0x61,0x6c,0x5f,0x6f,0x70,0x65,0x72,0x61,0x74,0x69,0x6f,0x6e,0x2e,0x6b,0x64,0x00,0x5f,0x5f,0x63,0x6c,0x61,0x6e,0x67,
    0x5f,0x6f,0x63,0x6c,0x5f,0x6b,0x65,0x72,0x6e,0x5f,0x69,0x6d,0x70,0x5f,0x73,0x69,0x67,0x6e,0x61,0x6c,0x5f,0x6f,0x70,0x65,
    0x72,0x61,0x74,0x69,0x6f,0x6e,0x00,0x5f,0x44,0x59,0x4e,0x41,0x4d,0x49,0x43,0x00,0x00,0x00,0x00,0x00,0x00,0x00,0x00,0x00,
    0x00,0x00,0x00,0x00,0x00,0x00,0x00,0x00,0x00,0x00,0x00,0x00,0x00,0x00,0x00,0x00,0x00,0x00,0x00,0x00,0x00,0x00,0x00,0x00,
    0x00,0x00,0x00,0x00,0x00,0x00,0x00,0x00,0x00,0x00,0x00,0x00,0x00,0x00,0x00,0x00,0x00,0x00,0x00,0x00,0x00,0x00,0x00,0x00,
    0x00,0x00,0x00,0x00,0x00,0x00,0x00,0x00,0x01,0x00,0x00,0x00,0x07,0x00,0x00,0x00,0x02,0x00,0x00,0x00,0x00,0x00,0x00,0x00,
    0x00,0x02,0x00,0x00,0x00,0x00,0x00,0x00,0x00,0x02,0x00,0x00,0x00,0x00,0x00,0x00,0x10,0x03,0x00,0x00,0x00,0x00,0x00,0x00,
    0x00,0x00,0x00,0x00,0x00,0x00,0x00,0x00,0x04,0x00,0x00,0x00,0x00,0x00,0x00,0x00,0x00,0x00,0x00,0x00,0x00,0x00,0x00,0x00,
    0x07,0x00,0x00,0x00,0x0b,0x00,0x00,0x00,0x02,0x00,0x00,0x00,0x00,0x00,0x00,0x00,0x10,0x05,0x00,0x00,0x00,0x00,0x00,0x00,
    0x10,0x05,0x00,0x00,0x00,0x00,0x00,0x00,0x60,0x00,0x00,0x00,0x00,0x00,0x00,0x00,0x05,0x00,0x00,0x00,0x01,0x00,0x00,0x00,
    0x08,0x00,0x00,0x00,0x00,0x00,0x00,0x00,0x18,0x00,0x00,0x00,0x00,0x00,0x00,0x00,0x0f,0x00,0x00,0x00,0xf6,0xff,0xff,0x6f,
    0x02,0x00,0x00,0x00,0x00,0x00,0x00,0x00,0x70,0x05,0x00,0x00,0x00,0x00,0x00,0x00,0x70,0x05,0x00,0x00,0x00,0x00,0x00,0x00,
    0x28,0x00,0x00,0x00,0x00,0x00,0x00,0x00,0x02,0x00,0x00,0x00,0x00,0x00,0x00,0x00,0x08,0x00,0x00,0x00,0x00,0x00,0x00,0x00,
    0x00,0x00,0x00,0x00,0x00,0x00,0x00,0x00,0x19,0x00,0x00,0x00,0x05,0x00,0x00,0x00,0x02,0x00,0x00,0x00,0x00,0x00,0x00,0x00,
    0x98,0x05,0x00,0x00,0x00,0x00,0x00,0x00,0x98,0x05,0x00,0x00,0x00,0x00,0x00,0x00,0x28,0x00,0x00,0x00,0x00,0x00,0x00,0x00,
    0x02,0x00,0x00,0x00,0x00,0x00,0x00,0x00,0x04,0x00,0x00,0x00,0x00,0x00,0x00,0x00,0x04,0x00,0x00,0x00,0x00,0x00,0x00,0x00,
    0x1f,0x00,0x00,0x00,0x03,0x00,0x00,0x00,0x02,0x00,0x00,0x00,0x00,0x00,0x00,0x00,0xc0,0x05,0x00,0x00,0x00,0x00,0x00,0x00,
    0xc0,0x05,0x00,0x00,0x00,0x00,0x00,0x00,0x4c,0x00,0x00,0x00,0x00,0x00,0x00,0x00,0x00,0x00,0x00,0x00,0x00,0x00,0x00,0x00,
    0x01,0x00,0x00,0x00,0x00,0x00,0x00,0x00,0x00,0x00,0x00,0x00,0x00,0x00,0x00,0x00,0x27,0x00,0x00,0x00,0x01,0x00,0x00,0x00,
    0x02,0x00,0x00,0x00,0x00,0x00,0x00,0x00,0x40,0x06,0x00,0x00,0x00,0x00,0x00,0x00,0x40,0x06,0x00,0x00,0x00,0x00,0x00,0x00,
    0x40,0x00,0x00,0x00,0x00,0x00,0x00,0x00,0x00,0x00,0x00,0x00,0x00,0x00,0x00,0x00,0x40,0x00,0x00,0x00,0x00,0x00,0x00,0x00,
    0x00,0x00,0x00,0x00,0x00,0x00,0x00,0x00,0x2f,0x00,0x00,0x00,0x01,0x00,0x00,0x00,0x06,0x00,0x00,0x00,0x00,0x00,0x00,0x00,
    0x00,0x17,0x00,0x00,0x00,0x00,0x00,0x00,0x00,0x07,0x00,0x00,0x00,0x00,0x00,0x00,0x48,0x05,0x00,0x00,0x00,0x00,0x00,0x00,
    0x00,0x00,0x00,0x00,0x00,0x00,0x00,0x00,0x00,0x01,0x00,0x00,0x00,0x00,0x00,0x00,0x00,0x00,0x00,0x00,0x00,0x00,0x00,0x00,
    0x35,0x00,0x00,0x00,0x06,0x00,0x00,0x00,0x03,0x00,0x00,0x00,0x00,0x00,0x00,0x00,0x48,0x2c,0x00,0x00,0x00,0x00,0x00,0x00,
    0x48,0x0c,0x00,0x00,0x00,0x00,0x00,0x00,0x70,0x00,0x00,0x00,0x00,0x00,0x00,0x00,0x05,0x00,0x00,0x00,0x00,0x00,0x00,0x00,
    0x08,0x00,0x00,0x00,0x00,0x00,0x00,0x00,0x10,0x00,0x00,0x00,0x00,0x00,0x00,0x00,0x3e,0x00,0x00,0x00,0x08,0x00,0x00,0x00,
    0x03,0x00,0x00,0x00,0x00,0x00,0x00,0x00,0xb8,0x2c,0x00,0x00,0x00,0x00,0x00,0x00,0xb8,0x0c,0x00,0x00,0x00,0x00,0x00,0x00,
    0x48,0x03,0x00,0x00,0x00,0x00,0x00,0x00,0x00,0x00,0x00,0x00,0x00,0x00,0x00,0x00,0x01,0x00,0x00,0x00,0x00,0x00,0x00,0x00,
    0x00,0x00,0x00,0x00,0x00,0x00,0x00,0x00,0x4d,0x00,0x00,0x00,0x01,0x00,0x00,0x00,0x00,0x00,0x00,0x00,0x00,0x00,0x00,0x00,
    0x00,0x00,0x00,0x00,0x00,0x00,0x00,0x00,0xb8,0x0c,0x00,0x00,0x00,0x00,0x00,0x00,0x00,0x00,0x00,0x00,0x00,0x00,0x00,0x00,
    0x00,0x00,0x00,0x00,0x00,0x00,0x00,0x00,0x01,0x00,0x00,0x00,0x00,0x00,0x00,0x00,0x00,0x00,0x00,0x00,0x00,0x00,0x00,0x00,
    0x62,0x00,0x00,0x00,0x01,0x00,0x00,0x00,0x30,0x00,0x00,0x00,0x00,0x00,0x00,0x00,0x00,0x00,0x00,0x00,0x00,0x00,0x00,0x00,
    0xb8,0x0c,0x00,0x00,0x00,0x00,0x00,0x00,0x3b,0x00,0x00,0x00,0x00,0x00,0x00,0x00,0x00,0x00,0x00,0x00,0x00,0x00,0x00,0x00,
    0x01,0x00,0x00,0x00,0x00,0x00,0x00,0x00,0x01,0x00,0x00,0x00,0x00,0x00,0x00,0x00,0x6b,0x00,0x00,0x00,0x02,0x00,0x00,0x00,
    0x00,0x00,0x00,0x00,0x00,0x00,0x00,0x00,0x00,0x00,0x00,0x00,0x00,0x00,0x00,0x00,0xf8,0x0c,0x00,0x00,0x00,0x00,0x00,0x00,
    0x38,0x01,0x00,0x00,0x00,0x00,0x00,0x00,0x0e,0x00,0x00,0x00,0x0a,0x00,0x00,0x00,0x08,0x00,0x00,0x00,0x00,0x00,0x00,0x00,
    0x18,0x00,0x00,0x00,0x00,0x00,0x00,0x00,0x73,0x00,0x00,0x00,0x03,0x00,0x00,0x00,0x00,0x00,0x00,0x00,0x00,0x00,0x00,0x00,
    0x00,0x00,0x00,0x00,0x00,0x00,0x00,0x00,0x30,0x0e,0x00,0x00,0x00,0x00,0x00,0x00,0x85,0x00,0x00,0x00,0x00,0x00,0x00,0x00,
    0x00,0x00,0x00,0x00,0x00,0x00,0x00,0x00,0x01,0x00,0x00,0x00,0x00,0x00,0x00,0x00,0x00,0x00,0x00,0x00,0x00,0x00,0x00,0x00,
    0x7d,0x00,0x00,0x00,0x03,0x00,0x00,0x00,0x00,0x00,0x00,0x00,0x00,0x00,0x00,0x00,0x00,0x00,0x00,0x00,0x00,0x00,0x00,0x00,
    0xb5,0x0e,0x00,0x00,0x00,0x00,0x00,0x00,0x4b,0x01,0x00,0x00,0x00,0x00,0x00,0x00,0x00,0x00,0x00,0x00,0x00,0x00,0x00,0x00,
    0x01,0x00,0x00,0x00,0x00,0x00,0x00,0x00,0x00,0x00,0x00,0x00,0x00,0x00,0x00,0x00,
};
// gfx9-generic signal_mailbox_service: e_flags=0x01000151, 6648 bytes
inline constexpr uint8_t signal_mailbox_service[] = {
    0x7f,0x45,0x4c,0x46,0x02,0x01,0x01,0x40,0x04,0x00,0x00,0x00,0x00,0x00,0x00,0x00,0x03,0x00,0xe0,0x00,0x01,0x00,0x00,0x00,
    0x00,0x00,0x00,0x00,0x00,0x00,0x00,0x00,0x40,0x00,0x00,0x00,0x00,0x00,0x00,0x00,0x38,0x16,0x00,0x00,0x00,0x00,0x00,0x00,
    0x51,0x01,0x00,0x01,0x40,0x00,0x38,0x00,0x08,0x00,0x40,0x00,0x0f,0x00,0x0d,0x00,0x06,0x00,0x00,0x00,0x04,0x00,0x00,0x00,
    0x40,0x00,0x00,0x00,0x00,0x00,0x00,0x00,0x40,0x00,0x00,0x00,0x00,0x00,0x00,0x00,0x40,0x00,0x00,0x00,0x00,0x00,0x00,0x00,
    0xc0,0x01,0x00,0x00,0x00,0x00,0x00,0x00,0xc0,0x01,0x00,0x00,0x00,0x00,0x00,0x00,0x08,0x00,0x00,0x00,0x00,0x00,0x00,0x00,
    0x01,0x00,0x00,0x00,0x04,0x00,0x00,0x00,0x00,0x00,0x00,0x00,0x00,0x00,0x00,0x00,0x00,0x00,0x00,0x00,0x00,0x00,0x00,0x00,
    0x00,0x00,0x00,0x00,0x00,0x00,0x00,0x00,0x40,0x06,0x00,0x00,0x00,0x00,0x00,0x00,0x40,0x06,0x00,0x00,0x00,0x00,0x00,0x00,
    0x00,0x10,0x00,0x00,0x00,0x00,0x00,0x00,0x01,0x00,0x00,0x00,0x05,0x00,0x00,0x00,0x00,0x07,0x00,0x00,0x00,0x00,0x00,0x00,
    0x00,0x17,0x00,0x00,0x00,0x00,0x00,0x00,0x00,0x17,0x00,0x00,0x00,0x00,0x00,0x00,0x34,0x0b,0x00,0x00,0x00,0x00,0x00,0x00,
    0x34,0x0b,0x00,0x00,0x00,0x00,0x00,0x00,0x00,0x10,0x00,0x00,0x00,0x00,0x00,0x00,0x01,0x00,0x00,0x00,0x06,0x00,0x00,0x00,
    0x38,0x12,0x00,0x00,0x00,0x00,0x00,0x00,0x38,0x32,0x00,0x00,0x00,0x00,0x00,0x00,0x38,0x32,0x00,0x00,0x00,0x00,0x00,0x00,
    0x70,0x00,0x00,0x00,0x00,0x00,0x00,0x00,0xc8,0x0d,0x00,0x00,0x00,0x00,0x00,0x00,0x00,0x10,0x00,0x00,0x00,0x00,0x00,0x00,
    0x02,0x00,0x00,0x00,0x06,0x00,0x00,0x00,0x38,0x12,0x00,0x00,0x00,0x00,0x00,0x00,0x38,0x32,0x00,0x00,0x00,0x00,0x00,0x00,
    0x38,0x32,0x00,0x00,0x00,0x00,0x00,0x00,0x70,0x00,0x00,0x00,0x00,0x00,0x00,0x00,0x70,0x00,0x00,0x00,0x00,0x00,0x00,0x00,
    0x08,0x00,0x00,0x00,0x00,0x00,0x00,0x00,0x52,0xe5,0x74,0x64,0x04,0x00,0x00,0x00,0x38,0x12,0x00,0x00,0x00,0x00,0x00,0x00,
    0x38,0x32,0x00,0x00,0x00,0x00,0x00,0x00,0x38,0x32,0x00,0x00,0x00,0x00,0x00,0x00,0x70,0x00,0x00,0x00,0x00,0x00,0x00,0x00,
    0xc8,0x0d,0x00,0x00,0x00,0x00,0x00,0x00,0x01,0x00,0x00,0x00,0x00,0x00,0x00,0x00,0x51,0xe5,0x74,0x64,0x06,0x00,0x00,0x00,
    0x00,0x00,0x00,0x00,0x00,0x00,0x00,0x00,0x00,0x00,0x00,0x00,0x00,0x00,0x00,0x00,0x00,0x00,0x00,0x00,0x00,0x00,0x00,0x00,
    0x00,0x00,0x00,0x00,0x00,0x00,0x00,0x00,0x00,0x00,0x00,0x00,0x00,0x00,0x00,0x00,0x00,0x00,0x00,0x00,0x00,0x00,0x00,0x00,
    0x04,0x00,0x00,0x00,0x04,0x00,0x00,0x00,0x00,0x02,0x00,0x00,0x00,0x00,0x00,0x00,0x00,0x02,0x00,0x00,0x00,0x00,0x00,0x00,
    0x00,0x02,0x00,0x00,0x00,0x00,0x00,0x00,0xec,0x02,0x00,0x00,0x00,0x00,0x00,0x00,0xec,0x02,0x00,0x00,0x00,0x00,0x00,0x00,
    0x04,0x00,0x00,0x00,0x00,0x00,0x00,0x00,0x07,0x00,0x00,0x00,0xd6,0x02,0x00,0x00,0x20,0x00,0x00,0x00,0x41,0x4d,0x44,0x47,
    0x50,0x55,0x00,0x00,0x83,0xae,0x61,0x6d,0x64,0x68,0x73,0x61,0x2e,0x6b,0x65,0x72,0x6e,0x65,0x6c,0x73,0x91,0xde,0x00,0x11,
    0xa5,0x2e,0x61,0x72,0x67,0x73,0x94,0x85,0xae,0x2e,0x61,0x64,0x64,0x72,0x65,0x73,0x73,0x5f,0x73,0x70,0x61,0x63,0x65,0xa6,
    0x67,0x6c,0x6f,0x62,0x61,0x6c,0xa7,0x2e,0x6f,0x66,0x66,0x73,0x65,0x74,0x00,0xa5,0x2e,0x73,0x69,0x7a,0x65,0x08,0xaa,0x2e,
    0x74,0x79,0x70,0x65,0x5f,0x6e,0x61,0x6d,0x65,0xa6,0x75,0x6c,0x6f,0x6e,0x67,0x2a,0xab,0x2e,0x76,0x61,0x6c,0x75,0x65,0x5f,
    0x6b,0x69,0x6e,0x64,0xad,0x67,0x6c,0x6f,0x62,0x61,0x6c,0x5f,0x62,0x75,0x66,0x66,0x65,0x72,0x85,0xae,0x2e,0x61,0x64,0x64,
    0x72,0x65,0x73,0x73,0x5f,0x73,0x70,0x61,0x63,0x65,0xa6,0x67,0x6c,0x6f,0x62,0x61,0x6c,0xa7,0x2e,0x6f,0x66,0x66,0x73,0x65,
    0x74,0x08,0xa5,0x2e,0x73,0x69,0x7a,0x65,0x08,0xaa,0x2e,0x74,0x79,0x70,0x65,0x5f,0x6e,0x61,0x6d,0x65,0xa6,0x75,0x6c,0x6f,
    0x6e,0x67,0x2a,0xab,0x2e,0x76,0x61,0x6c,0x75,0x65,0x5f,0x6b,0x69,0x6e,0x64,0xad,0x67,0x6c,0x6f,0x62,0x61,0x6c,0x5f,0x62,
    0x75,0x66,0x66,0x65,0x72,0x84,0xa7,0x2e,0x6f,0x66,0x66,0x73,0x65,0x74,0x10,0xa5,0x2e,0x73,0x69,0x7a,0x65,0x08,0xaa,0x2e,
    0x74,0x79,0x70,0x65,0x5f,0x6e,0x61,0x6d,0x65,0xa5,0x75,0x6c,0x6f,0x6e,0x67,0xab,0x2e,0x76,0x61,0x6c,0x75,0x65,0x5f,0x6b,
    0x69,0x6e,0x64,0xa8,0x62,0x79,0x5f,0x76,0x61,0x6c,0x75,0x65,0x84,0xa7,0x2e,0x6f,0x66,0x66,0x73,0x65,0x74,0x18,0xa5,0x2e,
    0x73,0x69,0x7a,0x65,0x08,0xaa,0x2e,0x74,0x79,0x70,0x65,0x5f,0x6e,0x61,0x6d,0x65,0xa5,0x75,0x6c,0x6f,0x6e,0x67,0xab,0x2e,
    0x76,0x61,0x6c,0x75,0x65,0x5f,0x6b,0x69,0x6e,0x64,0xa8,0x62,0x79,0x5f,0x76,0x61,0x6c,0x75,0x65,0xb9,0x2e,0x67,0x72,0x6f,
    0x75,0x70,0x5f,0x73,0x65,0x67,0x6d,0x65,0x6e,0x74,0x5f,0x66,0x69,0x78,0x65,0x64,0x5f,0x73,0x69,0x7a,0x65,0x00,0xb6,0x2e,
    0x6b,0x65,0x72,0x6e,0x61,0x72,0x67,0x5f,0x73,0x65,0x67,0x6d,0x65,0x6e,0x74,0x5f,0x61,0x6c,0x69,0x67,0x6e,0x08,0xb5,0x2e,
    0x6b,0x65,0x72,0x6e,0x61,0x72,0x67,0x5f,0x73,0x65,0x67,0x6d,0x65,0x6e,0x74,0x5f,0x73,0x69,0x7a,0x65,0x20,0xa9,0x2e,0x6c,
    0x61,0x6e,0x67,0x75,0x61,0x67,0x65,0xa8,0x4f,0x70,0x65,0x6e,0x43,0x4c,0x20,0x43,0xb1,0x2e,0x6c,0x61,0x6e,0x67,0x75,0x61,
    0x67,0x65,0x5f,0x76,0x65,0x72,0x73,0x69,0x6f,0x6e,0x92,0x02,0x00,0xb8,0x2e,0x6d,0x61,0x78,0x5f,0x66,0x6c,0x61,0x74,0x5f,
    0x77,0x6f,0x72,0x6b,0x67,0x72,0x6f,0x75,0x70,0x5f,0x73,0x69,0x7a,0x65,0x20,0xa5,0x2e,0x6e,0x61,0x6d,0x65,0xb6,0x73,0x69,
    0x67,0x6e,0x61,0x6c,0x5f,0x6d,0x61,0x69,0x6c,0x62,0x6f,0x78,0x5f,0x73,0x65,0x72,0x76,0x69,0x63,0x65,0xbb,0x2e,0x70,0x72,
    0x69,0x76,0x61,0x74,0x65,0x5f,0x73,0x65,0x67,0x6d,0x65,0x6e,0x74,0x5f,0x66,0x69,0x78,0x65,0x64,0x5f,0x73,0x69,0x7a,0x65,
    0x00,0xb4,0x2e,0x72,0x65,0x71,0x64,0x5f,0x77,0x6f,0x72,0x6b,0x67,0x72,0x6f,0x75,0x70,0x5f,0x73,0x69,0x7a,0x65,0x93,0x20,
    0x01,0x01,0xab,0x2e,0x73,0x67,0x70,0x72,0x5f,0x63,0x6f,0x75,0x6e,0x74,0x1e,0xb1,0x2e,0x73,0x67,0x70,0x72,0x5f,0x73,0x70,
    0x69,0x6c,0x6c,0x5f,0x63,0x6f,0x75,0x6e,0x74,0x00,0xa7,0x2e,0x73,0x79,0x6d,0x62,0x6f,0x6c,0xb9,0x73,0x69,0x67,0x6e,0x61,
    0x6c,0x5f,0x6d,0x61,0x69,0x6c,0x62,0x6f,0x78,0x5f,0x73,0x65,0x72,0x76,0x69,0x63,0x65,0x2e,0x6b,0x64,0xb3,0x2e,0x75,0x73,
    0x65,0x73,0x5f,0x64,0x79,0x6e,0x61,0x6d,0x69,0x63,0x5f,0x73,0x74,0x61,0x63,0x6b,0xc2,0xab,0x2e,0x76,0x67,0x70,0x72,0x5f,
    0x63,0x6f,0x75,0x6e,0x74,0x0f,0xb1,0x2e,0x76,0x67,0x70,0x72,0x5f,0x73,0x70,0x69,0x6c,0x6c,0x5f,0x63,0x6f,0x75,0x6e,0x74,
    0x00,0xaf,0x2e,0x77,0x61,0x76,0x65,0x66,0x72,0x6f,0x6e,0x74,0x5f,0x73,0x69,0x7a,0x65,0x40,0xad,0x61,0x6d,0x64,0x68,0x73,
    0x61,0x2e,0x74,0x61,0x72,0x67,0x65,0x74,0xbf,0x61,0x6d,0x64,0x67,0x63,0x6e,0x2d,0x61,0x6d,0x64,0x2d,0x61,0x6d,0x64,0x68,
    0x73,0x61,0x2d,0x2d,0x67,0x66,0x78,0x39,0x2d,0x67,0x65,0x6e,0x65,0x72,0x69,0x63,0xae,0x61,0x6d,0x64,0x68,0x73,0x61,0x2e,
    0x76,0x65,0x72,0x73,0x69,0x6f,0x6e,0x92,0x01,0x02,0x00,0x00,0x00,0x00,0x00,0x00,0x00,0x00,0x00,0x00,0x00,0x00,0x00,0x00,
    0x00,0x00,0x00,0x00,0x00,0x00,0x00,0x00,0x00,0x00,0x00,0x00,0x00,0x00,0x00,0x00,0x01,0x00,0x00,0x00,0x12,0x03,0x07,0x00,
    0x00,0x17,0x00,0x00,0x00,0x00,0x00,0x00,0xd4,0x05,0x00,0x00,0x00,0x00,0x00,0x00,0x18,0x00,0x00,0x00,0x11,0x03,0x06,0x00,
    0x00,0x06,0x00,0x00,0x00,0x00,0x00,0x00,0x40,0x00,0x00,0x00,0x00,0x00,0x00,0x00,0x32,0x00,0x00,0x00,0x12,0x03,0x07,0x00,
    0xd4,0x1c,0x00,0x00,0x00,0x00,0x00,0x00,0x60,0x05,0x00,0x00,0x00,0x00,0x00,0x00,0x01,0x00,0x00,0x00,0x01,0x00,0x00,0x00,
    0x01,0x00,0x00,0x00,0x1a,0x00,0x00,0x00,0x80,0x00,0x02,0x08,0x00,0x18,0x00,0x40,0x01,0x00,0x00,0x00,0xbe,0x02,0xfc,0xae,
    0xda,0xc3,0xfd,0x1e,0x11,0x45,0x69,0xb1,0x04,0x00,0x00,0x00,0x04,0x00,0x00,0x00,0x02,0x00,0x00,0x00,0x03,0x00,0x00,0x00,
    0x00,0x00,0x00,0x00,0x00,0x00,0x00,0x00,0x00,0x00,0x00,0x00,0x00,0x00,0x00,0x00,0x00,0x00,0x00,0x00,0x01,0x00,0x00,0x00,
    0x00,0x73,0x69,0x67,0x6e,0x61,0x6c,0x5f,0x6d,0x61,0x69,0x6c,0x62,0x6f,0x78,0x5f,0x73,0x65,0x72,0x76,0x69,0x63,0x65,0x00,
    0x73,0x69,0x67,0x6e,0x61,0x6c,0x5f,0x6d,0x61,0x69,0x6c,0x62,0x6f,0x78,0x5f,0x73,0x65,0x72,0x76,0x69,0x63,0x65,0x2e,0x6b,
    0x64,0x00,0x5f,0x5f,0x63,0x6c,0x61,0x6e,0x67,0x5f,0x6f,0x63,0x6c,0x5f,0x6b,0x65,0x72,0x6e,0x5f,0x69,0x6d,0x70,0x5f,0x73,
    0x69,0x67,0x6e,0x61,0x6c,0x5f,0x6d,0x61,0x69,0x6c,0x62,0x6f,0x78,0x5f,0x73,0x65,0x72,0x76,0x69,0x63,0x65,0x00,0x00,0x00,
    0x00,0x00,0x00,0x00,0x00,0x00,0x00,0x00,0x20,0x00,0x00,0x00,0x00,0x00,0x00,0x00,0x00,0x11,0x00,0x00,0x00,0x00,0x00,0x00,
    0x00,0x00,0x00,0x00,0x00,0x00,0x00,0x00,0x00,0x00,0x00,0x00,0x00,0x00,0x00,0x00,0x00,0x00,0x00,0x00,0x00,0x00,0x00,0x00,
    0xc3,0x00,0xaf,0x00,0x8c,0x00,0x00,0x00,0x09,0x00,0x00,0x00,0x00,0x00,0x00,0x00,0x00,0x00,0x00,0x00,0x00,0x00,0x00,0x00,
    0x00,0x00,0x00,0x00,0x00,0x00,0x00,0x00,0x00,0x00,0x00,0x00,0x00,0x00,0x00,0x00,0x00,0x00,0x00,0x00,0x00,0x00,0x00,0x00,
    0x00,0x00,0x00,0x00,0x00,0x00,0x00,0x00,0x00,0x00,0x00,0x00,0x00,0x00,0x00,0x00,0x00,0x00,0x00,0x00,0x00,0x00,0x00,0x00,
    0x00,0x00,0x00,0x00,0x00,0x00,0x00,0x00,0x00,0x00,0x00,0x00,0x00,0x00,0x00,0x00,0x00,0x00,0x00,0x00,0x00,0x00,0x00,0x00,
    0x00,0x00,0x00,0x00,0x00,0x00,0x00,0x00,0x00,0x00,0x00,0x00,0x00,0x00,0x00,0x00,0x00,0x00,0x00,0x00,0x00,0x00,0x00,0x00,
    0x00,0x00,0x00,0x00,0x00,0x00,0x00,0x00,0x00,0x00,0x00,0x00,0x00,0x00,0x00,0x00,0x00,0x00,0x00,0x00,0x00,0x00,0x00,0x00,
    0x00,0x00,0x00,0x00,0x00,0x00,0x00,0x00,0x00,0x00,0x00,0x00,0x00,0x00,0x00,0x00,0x00,0x00,0x00,0x00,0x00,0x00,0x00,0x00,
    0x00,0x00,0x00,0x00,0x00,0x00,0x00,0x00,0x00,0x00,0x00,0x00,0x00,0x00,0x00,0x00,0x00,0x00,0x00,0x00,0x00,0x00,0x00,0x00,
    0x00,0x00,0x00,0x00,0x00,0x00,0x00,0x00,0x00,0x00,0x00,0x00,0x00,0x00,0x00,0x00,0x80,0x00,0x94,0x7d,0x6a,0x20,0x80,0xbe,
    0x71,0x01,0x88,0xbf,0x02,0x02,0x0e,0xc0,0x00,0x00,0x00,0x00,0x81,0x02,0x00,0x7e,0x80,0x02,0x02,0x7e,0x80,0x02,0x18,0x7e,
    0x7f,0xc0,0x8c,0xbf,0x08,0xff,0x02,0x80,0x00,0x10,0x00,0x00,0x00,0x00,0xec,0xd0,0x0e,0x02,0x01,0x00,0x09,0x80,0x03,0x82,
    0x00,0x7e,0x80,0x86,0x0f,0x80,0x05,0x85,0x0e,0x81,0x04,0x85,0x0a,0x88,0x18,0x80,0x0b,0x80,0x19,0x82,0x08,0xff,0x06,0x80,
    0x00,0x04,0x00,0x00,0xc0,0xff,0x0e,0xb0,0x81,0x01,0x8a,0xbe,0xc1,0x00,0x8f,0xbe,0x09,0x80,0x07,0x82,0x00,0x81,0x74,0xdc,
    0x0c,0x00,0x08,0x00,0x05,0x00,0x82,0xbf,0x16,0x80,0x06,0xbf,0xc1,0x01,0x80,0xbe,0x31,0x01,0x85,0xbf,0x7e,0x00,0xea,0x89,
    0x41,0x01,0x86,0xbf,0x04,0x01,0x90,0xbe,0x08,0x00,0x82,0xbf,0x10,0xc1,0x10,0x80,0x11,0xc1,0x11,0x82,0x10,0x80,0x12,0xbf,
    0x88,0x00,0x96,0xbe,0xc1,0x80,0x92,0x85,0x80,0x01,0x94,0xbe,0x7e,0x12,0xea,0x86,0x14,0x00,0x87,0xbf,0x00,0x80,0x55,0xdc,
    0x0c,0x00,0x08,0x00,0x70,0x0f,0x8c,0xbf,0x00,0x00,0xfc,0xe0,0x00,0x00,0x00,0x00,0x80,0x81,0x55,0xdc,0x0c,0x00,0x08,0x02,
    0x70,0x0f,0x8c,0xbf,0x00,0x00,0xfc,0xe0,0x00,0x00,0x00,0x00,0xc1,0x01,0x94,0xbe,0xc1,0x01,0x92,0xbe,0x0a,0x00,0xd4,0x7d,
    0x00,0x00,0xea,0xd0,0x80,0x04,0x02,0x00,0xee,0xff,0x87,0xbf,0x7e,0x00,0xea,0x86,0xe6,0xff,0x87,0xbf,0x87,0x00,0x96,0xbe,
    0xe9,0xff,0x82,0xbf,0x7e,0x14,0xea,0x86,0xdb,0xff,0x86,0xbf,0x7e,0x00,0xea,0x89,0x87,0x00,0x96,0xbe,0xd8,0xff,0x87,0xbf,
    0x00,0x83,0x55,0xdc,0x0c,0x00,0x08,0x00,0x89,0x00,0x96,0xbe,0x70,0x0f,0x8c,0xbf,0x0c,0x00,0xd6,0x7d,0xd2,0xff,0x87,0xbf,
    0x80,0x82,0x55,0xdc,0x0c,0x00,0x08,0x04,0x70,0x0f,0x8c,0xbf,0xff,0x08,0x04,0x32,0xbf,0xff,0xff,0xff,0xc1,0x0a,0x06,0x38,
    0x0e,0x04,0xd8,0x7d,0xca,0xff,0x87,0xbf,0x00,0x00,0x8f,0xd2,0x86,0x00,0x02,0x00,0x19,0x02,0x04,0x7e,0x18,0x00,0x0c,0x32,
    0x02,0x03,0x0e,0x38,0x02,0x01,0x80,0xbe,0x06,0x01,0x90,0xbe,0x01,0x00,0x82,0xbf,0xfd,0x00,0x82,0xbf,0x00,0x80,0x55,0xdc,
    0x0c,0x00,0x10,0x08,0x08,0x80,0x55,0xdc,0x0c,0x00,0x10,0x00,0x10,0x80,0x55,0xdc,0x0c,0x00,0x10,0x02,0x72,0x0f,0x8c,0xbf,
    0x85,0x10,0xc8,0x7d,0x13,0x00,0x87,0xbf,0x86,0x10,0xc2,0x7d,0x15,0x00,0x86,0xbf,0x87,0x10,0xc2,0x7d,0xc1,0x01,0x92,0xbe,
    0x80,0x01,0x96,0xbe,0x80,0x01,0x94,0xbe,0x13,0x00,0x86,0xbf,0x88,0x10,0xc2,0x7d,0xd9,0x00,0x86,0xbf,0x89,0x10,0xd4,0x7d,
    0x80,0x01,0x92,0xbe,0xd6,0x00,0x86,0xbf,0x00,0x80,0x55,0xdc,0x06,0x00,0x7f,0x0a,0x70,0x0f,0x8c,0xbf,0x00,0x00,0xfc,0xe0,
    0x00,0x00,0x00,0x00,0xc1,0x01,0x94,0xbe,0xcf,0x00,0x82,0xbf,0x80,0x01,0x94,0xbe,0x80,0x01,0x92,0xbe,0x42,0x00,0x89,0xbf,
    0xad,0x00,0x82,0xbf,0xc1,0x01,0x96,0xbe,0x80,0x01,0x94,0xbe,0x80,0x01,0x92,0xbe,0x7e,0x16,0xea,0x86,0x3b,0x00,0x86,0xbf,
    0x85,0x10,0xc2,0x7d,0xc1,0x01,0x94,0xbe,0x1f,0x00,0x86,0xbf,0x7e,0x01,0x96,0xbe,0x70,0x0f,0x8c,0xbf,0x02,0x00,0x8c,0xd2,
    0x16,0x00,0x01,0x00,0x0a,0x00,0x8d,0xd2,0x17,0x04,0x02,0x00,0x80,0x14,0x94,0x7d,0x6a,0x20,0x94,0xbe,0x0b,0x00,0x88,0xbf,
    0x16,0x0d,0x96,0xbe,0x16,0x81,0x16,0x86,0x03,0x00,0x85,0xd2,0x01,0x2d,0x00,0x00,0x02,0x00,0x85,0xd2,0x00,0x2d,0x00,0x00,
    0x00,0x80,0xa9,0xdd,0x06,0x02,0x7f,0x02,0x70,0x0f,0x8c,0xbf,0x00,0x00,0xfc,0xe0,0x00,0x00,0x00,0x00,0x7e,0x14,0xfe,0x87,
    0x81,0x14,0x14,0x26,0x0b,0x00,0x85,0xd2,0x01,0x15,0x02,0x00,0x0a,0x00,0x85,0xd2,0x00,0x15,0x02,0x00,0x03,0x05,0x28,0x7e,
    0x02,0x05,0x2a,0x7e,0x14,0x16,0x16,0x2a,0x15,0x14,0x14,0x2a,0x80,0x01,0x94,0xbe,0x7e,0x14,0xea,0x86,0x16,0x00,0x86,0xbf,
    0x70,0x0f,0x8c,0xbf,0x02,0x00,0x8c,0xd2,0x7e,0x00,0x01,0x00,0x02,0x00,0x8d,0xd2,0x7f,0x04,0x02,0x00,0x80,0x04,0x94,0x7d,
    0x6a,0x20,0x94,0xbe,0x05,0x00,0x88,0xbf,0x00,0x80,0xa5,0xdd,0x06,0x00,0x7f,0x02,0x70,0x0f,0x8c,0xbf,0x00,0x00,0xfc,0xe0,
    0x00,0x00,0x00,0x00,0x7e,0x14,0xfe,0x87,0x03,0x05,0x28,0x7e,0x02,0x05,0x2a,0x7e,0x02,0x00,0x00,0xd1,0x01,0x01,0xa9,0x01,
    0x03,0x00,0x00,0xd1,0x00,0x01,0xa9,0x01,0x14,0x04,0x16,0x28,0x15,0x06,0x14,0x28,0xc1,0x01,0x94,0xbe,0x6c,0x00,0x82,0xbf,
    0x82,0x10,0xc2,0x7d,0xc1,0x01,0x96,0xbe,0x3f,0x00,0x86,0xbf,0x83,0x10,0xc2,0x7d,0xc1,0x01,0x94,0xbe,0x17,0x00,0x86,0xbf,
    0x70,0x0f,0x8c,0xbf,0x02,0x00,0x8c,0xd2,0x7e,0x00,0x01,0x00,0x02,0x00,0x8d,0xd2,0x7f,0x04,0x02,0x00,0x80,0x04,0x94,0x7d,
    0x6a,0x20,0x94,0xbe,0x05,0x00,0x88,0xbf,0x00,0x80,0xa1,0xdd,0x06,0x00,0x7f,0x02,0x70,0x0f,0x8c,0xbf,0x00,0x00,0xfc,0xe0,
    0x00,0x00,0x00,0x00,0x7e,0x14,0xfe,0x87,0x03,0x05,0x28,0x7e,0x02,0x05,0x2a,0x7e,0x02,0x00,0x00,0xd1,0x01,0x83,0xa9,0x01,
    0x03,0x00,0x00,0xd1,0x00,0x83,0xa9,0x01,0x14,0x04,0x16,0x26,0x15,0x06,0x14,0x26,0x80,0x01,0x94,0xbe,0x7e,0x14,0xea,0x86,
    0x21,0x00,0x86,0xbf,0x7e,0x01,0x96,0xbe,0x70,0x0f,0x8c,0xbf,0x02,0x00,0x8c,0xd2,0x16,0x00,0x01,0x00,0x0a,0x00,0x8d,0xd2,
    0x17,0x04,0x02,0x00,0x80,0x14,0x94,0x7d,0x6a,0x20,0x94,0xbe,0x0d,0x00,0x88,0xbf,0x16,0x0d,0x96,0xbe,0x03,0x00,0x85,0xd2,
    0x01,0x2d,0x00,0x00,0x0b,0x00,0x86,0xd2,0x00,0x2d,0x00,0x00,0x02,0x00,0x85,0xd2,0x00,0x2d,0x00,0x00,0x0b,0x07,0x06,0x68,
    0x00,0x80,0x8d,0xdd,0x06,0x02,0x7f,0x02,0x70,0x0f,0x8c,0xbf,0x00,0x00,0xfc,0xe0,0x00,0x00,0x00,0x00,0x7e,0x14,0xfe,0x87,
    0x0d,0x14,0xe8,0xd1,0x00,0x15,0x02,0x02,0x02,0x05,0x2e,0x7e,0x03,0x05,0x2c,0x7e,0x0e,0x03,0x04,0x7e,0x02,0x14,0xe8,0xd1,
    0x01,0x15,0x0a,0x04,0x16,0x02,0x06,0x7e,0x17,0x1a,0x14,0x34,0x03,0x05,0x16,0x3a,0x80,0x01,0x96,0xbe,0xc1,0x01,0x94,0xbe,
    0x7e,0x16,0xea,0x89,0x28,0x00,0x87,0xbf,0x81,0x10,0xc2,0x7d,0xc1,0x01,0x96,0xbe,0x21,0x00,0x86,0xbf,0x7e,0x01,0x96,0xbe,
    0x70,0x0f,0x8c,0xbf,0x02,0x00,0x8c,0xd2,0x16,0x00,0x01,0x00,0x0d,0x00,0x8d,0xd2,0x17,0x04,0x02,0x00,0x80,0x1a,0x94,0x7d,
    0x6a,0x20,0x94,0xbe,0x0d,0x00,0x88,0xbf,0x16,0x0d,0x96,0xbe,0x03,0x00,0x85,0xd2,0x01,0x2d,0x00,0x00,0x0a,0x00,0x86,0xd2,
    0x00,0x2d,0x00,0x00,0x02,0x00,0x85,0xd2,0x00,0x2d,0x00,0x00,0x0a,0x07,0x06,0x68,0x00,0x80,0x89,0xdd,0x06,0x02,0x7f,0x02,
    0x70,0x0f,0x8c,0xbf,0x00,0x00,0xfc,0xe0,0x00,0x00,0x00,0x00,0x7e,0x14,0xfe,0x87,0x03,0x05,0x2a,0x7e,0x02,0x05,0x28,0x7e,
    0x0a,0x14,0xe8,0xd1,0x00,0x1b,0x52,0x00,0x80,0x01,0x96,0xbe,0x0b,0x03,0x04,0x7e,0x02,0x14,0xe8,0xd1,0x01,0x1b,0x0a,0x04,
    0xc1,0x01,0x94,0xbe,0x02,0x03,0x16,0x7e,0x7e,0x16,0xea,0x86,0x02,0x00,0x86,0xbf,0x12,0x00,0xea,0xd0,0x81,0x10,0x02,0x00,
    0x7e,0x12,0xea,0x86,0x07,0x00,0x86,0xbf,0x70,0x0f,0x8c,0xbf,0x00,0x80,0x81,0xdd,0x06,0x00,0x7f,0x0a,0x70,0x0f,0x8c,0xbf,
    0x00,0x00,0xfc,0xe0,0x00,0x00,0x00,0x00,0xc1,0x01,0x94,0xbe,0x7e,0x14,0xea,0x89,0x05,0x00,0x87,0xbf,0x80,0x00,0x96,0xbe,
    0x00,0x80,0x74,0xdc,0x0c,0x0a,0x00,0x00,0x23,0xff,0x88,0xbf,0x02,0x00,0x82,0xbf,0x89,0x00,0x96,0xbe,0x20,0xff,0x82,0xbf,
    0x10,0x98,0x10,0x80,0x11,0x80,0x11,0x82,0xc1,0x08,0x08,0x32,0x00,0x88,0x00,0x80,0xc1,0x0a,0x0a,0x38,0x01,0x80,0x01,0x82,
    0x12,0x00,0xea,0xd0,0x80,0x08,0x02,0x00,0x8a,0x00,0x96,0xbe,0x7e,0x12,0xea,0x89,0x16,0xff,0x87,0xbf,0x12,0x00,0x82,0xbf,
    0x7e,0x12,0xea,0x86,0x35,0xff,0x86,0xbf,0x70,0x0f,0x8c,0xbf,0x00,0x80,0x85,0xdd,0x06,0x00,0x7f,0x0a,0x70,0x0f,0x8c,0xbf,
    0x00,0x00,0xfc,0xe0,0x00,0x00,0x00,0x00,0xc1,0x01,0x94,0xbe,0x2d,0xff,0x82,0xbf,0x0a,0x81,0x0a,0x80,0x0b,0x80,0x0b,0x82,
    0x0a,0x80,0x12,0xbf,0xc1,0x80,0x80,0x85,0x82,0x00,0x96,0xbe,0x7e,0x00,0xea,0x89,0xca,0xfe,0x87,0xbf,0x0a,0x00,0x82,0xbf,
    0x16,0x8a,0x07,0xbf,0xc2,0xfe,0x85,0xbf,0x71,0x0f,0x8c,0xbf,0x0a,0x02,0x00,0x7e,0x0b,0x02,0x02,0x7e,0x80,0x00,0x96,0xbe,
    0x70,0x0f,0x8c,0xbf,0x80,0x80,0x74,0xdc,0x0c,0x00,0x08,0x00,0xba,0xfe,0x82,0xbf,0x16,0x88,0x02,0xbf,0xc1,0x01,0x80,0xbe,
    0x01,0x00,0x84,0xbf,0x80,0x01,0x80,0xbe,0x7e,0x00,0xea,0x89,0x83,0x01,0x80,0xbe,0x04,0x00,0x87,0xbf,0x16,0x88,0x07,0xbf,
    0x81,0x01,0x80,0xbe,0x01,0x00,0x85,0xbf,0x82,0x01,0x80,0xbe,0x71,0x0f,0x8c,0xbf,0x00,0x02,0x00,0x7e,0x70,0x0f,0x8c,0xbf,
    0x80,0x02,0x04,0x7e,0x01,0x02,0x02,0x7e,0x00,0x82,0x74,0xdc,0x02,0x00,0x08,0x00,0x00,0x00,0x81,0xbf,0x00,0x00,0x8c,0xbf,
    0xff,0x3e,0x10,0x26,0xff,0x03,0x00,0x00,0x80,0x10,0x94,0x7d,0x6a,0x20,0x86,0xbe,0x4f,0x01,0x88,0xbf,0xff,0x00,0x14,0x32,
    0x00,0x10,0x00,0x00,0x80,0x02,0x16,0x38,0x81,0x0c,0xd2,0x7d,0x81,0x02,0x10,0x7e,0x80,0x0e,0x1a,0x00,0x81,0x0c,0x18,0x00,
    0x88,0x04,0x34,0x32,0x80,0x06,0x36,0x38,0xff,0x00,0x04,0x32,0x00,0x04,0x00,0x00,0xbf,0xff,0x0c,0xb0,0x80,0x02,0x12,0x7e,
    0x80,0x02,0x06,0x38,0x81,0x01,0x88,0xbe,0xc1,0x00,0x8d,0xbe,0x80,0x01,0x8a,0xbe,0x00,0x81,0x74,0xdc,0x00,0x08,0x7f,0x00,
    0x05,0x00,0x82,0xbf,0x7e,0x04,0xfe,0x87,0x7e,0x0e,0x84,0x86,0x04,0x0a,0x8a,0x87,0x7e,0x0a,0xfe,0x89,0x22,0x01,0x88,0xbf,
    0x0c,0x03,0x0c,0x7e,0x80,0x01,0x92,0xbe,0x0d,0x03,0x0e,0x7e,0x10,0x00,0x82,0xbf,0x7e,0x1a,0xfe,0x87,0x16,0x7e,0x96,0x89,
    0x04,0x7e,0x84,0x86,0x14,0x7e,0x94,0x89,0x16,0x04,0x96,0x87,0x7e,0x18,0xfe,0x87,0x7e,0x16,0x84,0x86,0x04,0x12,0x92,0x87,
    0x0e,0x7e,0x84,0x89,0x14,0x7e,0x8e,0x86,0x04,0x0e,0x8e,0x87,0x10,0x7e,0x84,0x89,0x6a,0x7e,0x90,0x86,0x04,0x10,0x90,0x87,
    0x7e,0x12,0xfe,0x89,0x1e,0x00,0x88,0xbf,0x00,0x80,0x55,0xdc,0x00,0x00,0x7f,0x08,0x70,0x0f,0x8c,0xbf,0x00,0x00,0xfc,0xe0,
    0x00,0x00,0x00,0x00,0x80,0x81,0x55,0xdc,0x00,0x00,0x7f,0x0e,0x70,0x0f,0x8c,0xbf,0x00,0x00,0xfc,0xe0,0x00,0x00,0x00,0x00,
    0x14,0x7e,0x94,0x87,0x16,0x7e,0x96,0x87,0x04,0x00,0xed,0xd0,0x08,0x10,0x02,0x00,0x80,0x1c,0xd4,0x7d,0x04,0x20,0x98,0xbe,
    0xe4,0xff,0x88,0xbf,0xc1,0x01,0x84,0xbe,0x87,0x02,0x10,0x7e,0x6a,0x20,0x9a,0xbe,0xdb,0xff,0x88,0xbf,0x06,0x04,0x19,0xd1,
    0xc1,0x0c,0x02,0x00,0x07,0x04,0x1c,0xd1,0xc1,0x0e,0x12,0x00,0x04,0x00,0xea,0xd0,0x80,0x0c,0x02,0x00,0x88,0x02,0x10,0x7e,
    0x04,0x7e,0x84,0x8a,0xd2,0xff,0x82,0xbf,0x7e,0x12,0xfe,0x87,0x0e,0x20,0x84,0xbe,0x7e,0x04,0x84,0x88,0xe0,0x00,0x88,0xbf,
    0x87,0x02,0x10,0x7e,0x10,0x20,0x8e,0xbe,0xdc,0x00,0x88,0xbf,0x00,0x83,0x55,0xdc,0x00,0x00,0x7f,0x06,0x89,0x02,0x10,0x7e,
    0x70,0x0f,0x8c,0xbf,0x06,0x09,0xd2,0x7d,0x6a,0x20,0x90,0xbe,0xd4,0x00,0x88,0xbf,0x80,0x82,0x55,0xdc,0x00,0x00,0x7f,0x0e,
    0x70,0x0f,0x8c,0xbf,0xff,0x1c,0x10,0x32,0xbf,0xff,0xff,0xff,0xc1,0x1e,0x12,0x38,0x0c,0x10,0xd2,0x7d,0x89,0x02,0x10,0x7e,
    0x6a,0x20,0x92,0xbe,0xc9,0x00,0x88,0xbf,0x06,0x00,0x8f,0xd2,0x86,0x0c,0x02,0x00,0x03,0x03,0x26,0x7e,0x1a,0x0d,0x20,0x32,
    0x0b,0x03,0x2a,0x7e,0x1b,0x0f,0x22,0x38,0x80,0x01,0x94,0xbe,0x02,0x03,0x24,0x7e,0x0a,0x03,0x28,0x7e,0x05,0x00,0x82,0xbf,
    0x7e,0x16,0xfe,0x87,0x7e,0x1a,0x96,0x86,0x16,0x14,0x94,0x87,0x7e,0x14,0xfe,0x89,0xaf,0x00,0x88,0xbf,0x00,0x80,0x55,0xdc,
    0x12,0x00,0x7f,0x18,0x08,0x80,0x55,0xdc,0x12,0x00,0x7f,0x06,0x10,0x80,0x55,0xdc,0x12,0x00,0x7f,0x08,0x80,0x01,0x9a,0xbe,
    0x80,0x01,0x96,0xbe,0x72,0x0f,0x8c,0xbf,0x84,0x30,0xc2,0x7d,0x6a,0x20,0x98,0xbe,0x7e,0x18,0x98,0x88,0x40,0x00,0x88,0xbf,
    0x86,0x30,0xc2,0x7d,0x80,0x01,0x9c,0xbe,0x6a,0x20,0x96,0xbe,0x7e,0x16,0x96,0x88,0x22,0x00,0x88,0xbf,0x87,0x30,0xc2,0x7d,
    0xc1,0x01,0xa8,0xbe,0x6a,0x20,0x9a,0xbe,0x1b,0x00,0x88,0xbf,0x88,0x30,0xc2,0x7d,0x6a,0x20,0xa8,0xbe,0x7e,0x28,0xa8,0x88,
    0x0b,0x00,0x88,0xbf,0x89,0x30,0xd4,0x7d,0x6a,0x20,0xaa,0xbe,0x06,0x00,0x88,0xbf,0x00,0x80,0x55,0xdc,0x10,0x00,0x7f,0x16,
    0x70,0x0f,0x8c,0xbf,0x00,0x00,0xfc,0xe0,0x00,0x00,0x00,0x00,0x7e,0x01,0x9c,0xbe,0x7e,0x2a,0xfe,0x87,0x1c,0x7e,0x9c,0x86,
    0x28,0x23,0xa8,0xbe,0x07,0x00,0x88,0xbf,0x70,0x0f,0x8c,0xbf,0x00,0x80,0x85,0xdd,0x10,0x06,0x7f,0x16,0x70,0x0f,0x8c,0xbf,
    0x00,0x00,0xfc,0xe0,0x00,0x00,0x00,0x00,0x1c,0x7e,0x9c,0x87,0x7e,0x28,0xfe,0x87,0x1c,0x7e,0x9c,0x86,0x7e,0xc1,0xa8,0x88,
    0x7e,0x1a,0xfe,0x87,0x1c,0x7e,0x9c,0x86,0x28,0x7e,0x9a,0x86,0x16,0x23,0x96,0xbe,0x14,0x00,0x88,0xbf,0x85,0x30,0xc2,0x7d,
    0x6a,0x20,0xa8,0xbe,0x7e,0x28,0xa8,0x88,0x06,0x00,0x88,0xbf,0x70,0x0f,0x8c,0xbf,0x00,0x80,0xa9,0xdd,0x10,0x06,0x7f,0x16,
    0x70,0x0f,0x8c,0xbf,0x00,0x00,0xfc,0xe0,0x00,0x00,0x00,0x00,0x28,0x23,0xa8,0xbe,0x06,0x00,0x88,0xbf,0x70,0x0f,0x8c,0xbf,
    0x00,0x80,0xa5,0xdd,0x10,0x06,0x7f,0x16,0x70,0x0f,0x8c,0xbf,0x00,0x00,0xfc,0xe0,0x00,0x00,0x00,0x00,0x7e,0x28,0xfe,0x87,
    0x1c,0x7e,0x9c,0x87,0x7e,0x16,0xfe,0x87,0x1c,0x7e,0x96,0x86,0x1a,0x7e,0x9a,0x86,0x18,0x23,0x98,0xbe,0x3e,0x00,0x88,0xbf,
    0x82,0x30,0xc2,0x7d,0x16,0x01,0x9c,0xbe,0x6a,0x20,0xa8,0xbe,0x7e,0x28,0xa8,0x88,0x14,0x00,0x88,0xbf,0x83,0x30,0xc2,0x7d,
    0x6a,0x20,0x9c,0xbe,0x7e,0x1c,0x9c,0x88,0x06,0x00,0x88,0xbf,0x70,0x0f,0x8c,0xbf,0x00,0x80,0xa1,0xdd,0x10,0x06,0x7f,0x16,
    0x70,0x0f,0x8c,0xbf,0x00,0x00,0xfc,0xe0,0x00,0x00,0x00,0x00,0x1c,0x23,0x9c,0xbe,0x06,0x00,0x88,0xbf,0x70,0x0f,0x8c,0xbf,
    0x00,0x80,0x8d,0xdd,0x10,0x06,0x7f,0x16,0x70,0x0f,0x8c,0xbf,0x00,0x00,0xfc,0xe0,0x00,0x00,0x00,0x00,0x7e,0x1c,0xfe,0x87,
    0x16,0x7e,0x9c,0x87,0x28,0x21,0xa8,0xbe,0x1a,0x01,0xaa,0xbe,0x7e,0x28,0xfe,0x88,0x1a,0x00,0x88,0xbf,0x81,0x30,0xc2,0x7d,
    0x1c,0x01,0xaa,0xbe,0x6a,0x20,0xac,0xbe,0x7e,0x2c,0xac,0x88,0x07,0x00,0x88,0xbf,0x70,0x0f,0x8c,0xbf,0x00,0x80,0x89,0xdd,
    0x10,0x06,0x7f,0x16,0x70,0x0f,0x8c,0xbf,0x00,0x00,0xfc,0xe0,0x00,0x00,0x00,0x00,0x1c,0x7e,0xaa,0x87,0x2c,0x21,0xac,0xbe,
    0x1a,0x01,0xae,0xbe,0x7e,0x2c,0xfe,0x88,0x81,0x30,0xd4,0x7d,0x1a,0x7e,0xae,0x89,0x6a,0x7e,0xb8,0x86,0x2e,0x38,0xae,0x87,
    0x7e,0x2c,0xfe,0x87,0x1c,0x7e,0x9c,0x89,0x2a,0x7e,0xaa,0x86,0x1c,0x2a,0x9c,0x87,0x1a,0x7e,0xaa,0x89,0x2e,0x7e,0xac,0x86,
    0x2a,0x2c,0xaa,0x87,0x7e,0x28,0xfe,0x87,0x16,0x7e,0x96,0x89,0x1c,0x7e,0x9c,0x86,0x16,0x1c,0x96,0x87,0x1a,0x7e,0x9a,0x89,
    0x2a,0x7e,0x9c,0x86,0x1a,0x1c,0x9a,0x87,0x7e,0x18,0xfe,0x87,0x1a,0x20,0x98,0xbe,0x07,0x00,0x88,0xbf,0x70,0x0f,0x8c,0xbf,
    0x00,0x80,0x81,0xdd,0x10,0x06,0x7f,0x16,0x70,0x0f,0x8c,0xbf,0x00,0x00,0xfc,0xe0,0x00,0x00,0x00,0x00,0x16,0x7e,0x96,0x87,
    0x7e,0x18,0xfe,0x87,0x70,0x0f,0x8c,0xbf,0x89,0x02,0x10,0x7e,0x80,0x01,0x98,0xbe,0x16,0x20,0x9a,0xbe,0x04,0x00,0x88,0xbf,
    0x7e,0x01,0x98,0xbe,0x80,0x02,0x10,0x7e,0x00,0x80,0x74,0xdc,0x14,0x16,0x7f,0x00,0x7e,0x1a,0xfe,0x87,0xc1,0x01,0x9a,0xbe,
    0x18,0x20,0x96,0xbe,0x56,0xff,0x88,0xbf,0x88,0x28,0x28,0x32,0x80,0x2a,0x2a,0x38,0xc1,0x1c,0x1c,0x32,0xc1,0x1e,0x1e,0x38,
    0x98,0x24,0x24,0x32,0x80,0x26,0x26,0x38,0x80,0x1c,0xd4,0x7d,0x8a,0x02,0x10,0x7e,0x6a,0x7e,0x9a,0x8a,0x4c,0xff,0x82,0xbf,
    0x7e,0x14,0xfe,0x87,0x8a,0x10,0x94,0x7d,0x6a,0x20,0x94,0xbe,0x06,0x00,0x88,0xbf,0x08,0x02,0x0c,0x7e,0x09,0x02,0x0e,0x7e,
    0x80,0x02,0x10,0x7e,0x70,0x0f,0x8c,0xbf,0x80,0x80,0x74,0xdc,0x00,0x06,0x7f,0x00,0x7e,0x14,0xfe,0x87,0x7e,0x12,0xfe,0x87,
    0x7e,0x10,0xfe,0x87,0x7e,0x0e,0xfe,0x87,0x7e,0x04,0xfe,0x87,0x80,0x10,0x94,0x7d,0xc1,0x01,0x8e,0xbe,0x6a,0x20,0x84,0xbe,
    0xe0,0xfe,0x88,0xbf,0x08,0x81,0x08,0x80,0x09,0x80,0x09,0x82,0x08,0x80,0x12,0xbf,0xc1,0x80,0x8e,0x85,0x82,0x02,0x10,0x7e,
    0x0e,0x7e,0x8e,0x8a,0xd9,0xfe,0x82,0xbf,0x7e,0x0a,0xfe,0x87,0x88,0x10,0x82,0x7d,0x6a,0x20,0x84,0xbe,0x7e,0x04,0x84,0x88,
    0x04,0x21,0x84,0xbe,0x83,0x02,0x04,0x7e,0x80,0x02,0x06,0x7e,0x7e,0x04,0xfe,0x88,0x07,0x00,0x88,0xbf,0x81,0x02,0x04,0x7e,
    0x80,0x02,0x06,0x7e,0x88,0x10,0x94,0x7d,0x6a,0x20,0x88,0xbe,0x82,0x02,0x04,0x7e,0x80,0x02,0x06,0x7e,0x7e,0x08,0xfe,0x87,
    0x7e,0x04,0xfe,0x87,0x70,0x0f,0x8c,0xbf,0x00,0x82,0x74,0xdc,0x00,0x02,0x7f,0x00,0x7e,0x06,0xfe,0x87,0x70,0x0f,0x8c,0xbf,
    0x1e,0x1d,0x80,0xbe,0x00,0x00,0x00,0x00,0x06,0x00,0x00,0x00,0x00,0x00,0x00,0x00,0xf0,0x04,0x00,0x00,0x00,0x00,0x00,0x00,
    0x0b,0x00,0x00,0x00,0x00,0x00,0x00,0x00,0x18,0x00,0x00,0x00,0x00,0x00,0x00,0x00,0x05,0x00,0x00,0x00,0x00,0x00,0x00,0x00,
    0xa0,0x05,0x00,0x00,0x00,0x00,0x00,0x00,0x0a,0x00,0x00,0x00,0x00,0x00,0x00,0x00,0x5e,0x00,0x00,0x00,0x00,0x00,0x00,0x00,
    0xf5,0xfe,0xff,0x6f,0x00,0x00,0x00,0x00,0x50,0x05,0x00,0x00,0x00,0x00,0x00,0x00,0x04,0x00,0x00,0x00,0x00,0x00,0x00,0x00,
    0x78,0x05,0x00,0x00,0x00,0x00,0x00,0x00,0x00,0x00,0x00,0x00,0x00,0x00,0x00,0x00,0x00,0x00,0x00,0x00,0x00,0x00,0x00,0x00,
    0x48,0x6f,0x6d,0x65,0x62,0x72,0x65,0x77,0x20,0x63,0x6c,0x61,0x6e,0x67,0x20,0x76,0x65,0x72,0x73,0x69,0x6f,0x6e,0x20,0x32,
    0x31,0x2e,0x31,0x2e,0x38,0x00,0x00,0x4c,0x69,0x6e,0x6b,0x65,0x72,0x3a,0x20,0x48,0x6f,0x6d,0x65,0x62,0x72,0x65,0x77,0x20,
    0x4c,0x4c,0x44,0x20,0x32,0x31,0x2e,0x31,0x2e,0x38,0x00,0x00,0x00,0x00,0x00,0x00,0x00,0x00,0x00,0x00,0x00,0x00,0x00,0x00,
    0x00,0x00,0x00,0x00,0x00,0x00,0x00,0x00,0x00,0x00,0x00,0x00,0x00,0x00,0x00,0x00,0x01,0x00,0x00,0x00,0x00,0x00,0xf1,0xff,
    0x00,0x00,0x00,0x00,0x00,0x00,0x00,0x00,0x00,0x00,0x00,0x00,0x00,0x00,0x00,0x00,0x29,0x00,0x00,0x00,0x00,0x00,0xf1,0xff,
    0x00,0x00,0x00,0x00,0x00,0x00,0x00,0x00,0x00,0x00,0x00,0x00,0x00,0x00,0x00,0x00,0x49,0x00,0x00,0x00,0x00,0x00,0xf1,0xff,
    0x0f,0x00,0x00,0x00,0x00,0x00,0x00,0x00,0x00,0x00,0x00,0x00,0x00,0x00,0x00,0x00,0x69,0x00,0x00,0x00,0x00,0x00,0xf1,0xff,
    0x1a,0x00,0x00,0x00,0x00,0x00,0x00,0x00,0x00,0x00,0x00,0x00,0x00,0x00,0x00,0x00,0x8e,0x00,0x00,0x00,0x00,0x00,0xf1,0xff,
    0x01,0x00,0x00,0x00,0x00,0x00,0x00,0x00,0x00,0x00,0x00,0x00,0x00,0x00,0x00,0x00,0xae,0x00,0x00,0x00,0x00,0x00,0xf1,0xff,
    0x00,0x00,0x00,0x00,0x00,0x00,0x00,0x00,0x00,0x00,0x00,0x00,0x00,0x00,0x00,0x00,0xd7,0x00,0x00,0x00,0x00,0x00,0xf1,0xff,
    0x00,0x00,0x00,0x00,0x00,0x00,0x00,0x00,0x00,0x00,0x00,0x00,0x00,0x00,0x00,0x00,0x02,0x01,0x00,0x00,0x00,0x00,0xf1,0xff,
    0x00,0x00,0x00,0x00,0x00,0x00,0x00,0x00,0x00,0x00,0x00,0x00,0x00,0x00,0x00,0x00,0x84,0x01,0x00,0x00,0x00,0x02,0x08,0x00,
    0x38,0x32,0x00,0x00,0x00,0x00,0x00,0x00,0x00,0x00,0x00,0x00,0x00,0x00,0x00,0x00,0x27,0x01,0x00,0x00,0x12,0x03,0x07,0x00,
    0x00,0x17,0x00,0x00,0x00,0x00,0x00,0x00,0xd4,0x05,0x00,0x00,0x00,0x00,0x00,0x00,0x3e,0x01,0x00,0x00,0x11,0x03,0x06,0x00,
    0x00,0x06,0x00,0x00,0x00,0x00,0x00,0x00,0x40,0x00,0x00,0x00,0x00,0x00,0x00,0x00,0x58,0x01,0x00,0x00,0x12,0x03,0x07,0x00,
    0xd4,0x1c,0x00,0x00,0x00,0x00,0x00,0x00,0x60,0x05,0x00,0x00,0x00,0x00,0x00,0x00,0x00,0x2e,0x6e,0x6f,0x74,0x65,0x00,0x2e,
    0x64,0x79,0x6e,0x73,0x79,0x6d,0x00,0x2e,0x67,0x6e,0x75,0x2e,0x68,0x61,0x73,0x68,0x00,0x2e,0x68,0x61,0x73,0x68,0x00,0x2e,
    0x64,0x79,0x6e,0x73,0x74,0x72,0x00,0x2e,0x72,0x6f,0x64,0x61,0x74,0x61,0x00,0x2e,0x74,0x65,0x78,0x74,0x00,0x2e,0x64,0x79,
    0x6e,0x61,0x6d,0x69,0x63,0x00,0x2e,0x72,0x65,0x6c,0x72,0x6f,0x5f,0x70,0x61,0x64,0x64,0x69,0x6e,0x67,0x00,0x2e,0x41,0x4d,
    0x44,0x47,0x50,0x55,0x2e,0x67,0x70,0x72,0x5f,0x6d,0x61,0x78,0x69,0x6d,0x75,0x6d,0x73,0x00,0x2e,0x63,0x6f,0x6d,0x6d,0x65,
    0x6e,0x74,0x00,0x2e,0x73,0x79,0x6d,0x74,0x61,0x62,0x00,0x2e,0x73,0x68,0x73,0x74,0x72,0x74,0x61,0x62,0x00,0x2e,0x73,0x74,
    0x72,0x74,0x61,0x62,0x00,0x00,0x73,0x69,0x67,0x6e,0x61,0x6c,0x5f,0x6d,0x61,0x69,0x6c,0x62,0x6f,0x78,0x5f,0x73,0x65,0x72,
    0x76,0x69,0x63,0x65,0x2e,0x70,0x72,0x69,0x76,0x61,0x74,0x65,0x5f,0x73,0x65,0x67,0x5f,0x73,0x69,0x7a,0x65,0x00,0x73,0x69,
    0x67,0x6e,0x61,0x6c,0x5f,0x6d,0x61,0x69,0x6c,0x62,0x6f,0x78,0x5f,0x73,0x65,0x72,0x76,0x69,0x63,0x65,0x2e,0x6e,0x75,0x6d,
    0x5f,0x61,0x67,0x70,0x72,0x00,0x73,0x69,0x67,0x6e,0x61,0x6c,0x5f,0x6d,0x61,0x69,0x6c,0x62,0x6f,0x78,0x5f,0x73,0x65,0x72,
    0x76,0x69,0x63,0x65,0x2e,0x6e,0x75,0x6d,0x5f,0x76,0x67,0x70,0x72,0x00,0x73,0x69,0x67,0x6e,0x61,0x6c,0x5f,0x6d,0x61,0x69,
    0x6c,0x62,0x6f,0x78,0x5f,0x73,0x65,0x72,0x76,0x69,0x63,0x65,0x2e,0x6e,0x75,0x6d,0x62,0x65,0x72,0x65,0x64,0x5f,0x73,0x67,
    0x70,0x72,0x00,0x73,0x69,0x67,0x6e,0x61,0x6c,0x5f,0x6d,0x61,0x69,0x6c,0x62,0x6f,0x78,0x5f,0x73,0x65,0x72,0x76,0x69,0x63,
    0x65,0x2e,0x75,0x73,0x65,0x73,0x5f,0x76,0x63,0x63,0x00,0x73,0x69,0x67,0x6e,0x61,0x6c,0x5f,0x6d,0x61,0x69,0x6c,0x62,0x6f,
    0x78,0x5f,0x73,0x65,0x72,0x76,0x69,0x63,0x65,0x2e,0x75,0x73,0x65,0x73,0x5f,0x66,0x6c,0x61,0x74,0x5f,0x73,0x63,0x72,0x61,
    0x74,0x63,0x68,0x00,0x73,0x69,0x67,0x6e,0x61,0x6c,0x5f,0x6d,0x61,0x69,0x6c,0x62,0x6f,0x78,0x5f,0x73,0x65,0x72,0x76,0x69,
    0x63,0x65,0x2e,0x68,0x61,0x73,0x5f,0x64,0x79,0x6e,0x5f,0x73,0x69,0x7a,0x65,0x64,0x5f,0x73,0x74,0x61,0x63,0x6b,0x00,0x73,
    0x69,0x67,0x6e,0x61,0x6c,0x5f,0x6d,0x61,0x69,0x6c,0x62,0x6f,0x78,0x5f,0x73,0x65,0x72,0x76,0x69,0x63,0x65,0x2e,0x68,0x61,
    0x73,0x5f,0x72,0x65,0x63,0x75,0x72,0x73,0x69,0x6f,0x6e,0x00,0x73,0x69,0x67,0x6e,0x61,0x6c,0x5f,0x6d,0x61,0x69,0x6c,0x62,
    0x6f,0x78,0x5f,0x73,0x65,0x72,0x76,0x69,0x63,0x65,0x00,0x73,0x69,0x67,0x6e,0x61,0x6c,0x5f,0x6d,0x61,0x69,0x6c,0x62,0x6f,
    0x78,0x5f,0x73,0x65,0x72,0x76,0x69,0x63,0x65,0x2e,0x6b,0x64,0x00,0x5f,0x5f,0x63,0x6c,0x61,0x6e,0x67,0x5f,0x6f,0x63,0x6c,
    0x5f,0x6b,0x65,0x72,0x6e,0x5f,0x69,0x6d,0x70,0x5f,0x73,0x69,0x67,0x6e,0x61,0x6c,0x5f,0x6d,0x61,0x69,0x6c,0x62,0x6f,0x78,
    0x5f,0x73,0x65,0x72,0x76,0x69,0x63,0x65,0x00,0x5f,0x44,0x59,0x4e,0x41,0x4d,0x49,0x43,0x00,0x00,0x00,0x00,0x00,0x00,0x00,
    0x00,0x00,0x00,0x00,0x00,0x00,0x00,0x00,0x00,0x00,0x00,0x00,0x00,0x00,0x00,0x00,0x00,0x00,0x00,0x00,0x00,0x00,0x00,0x00,
    0x00,0x00,0x00,0x00,0x00,0x00,0x00,0x00,0x00,0x00,0x00,0x00,0x00,0x00,0x00,0x00,0x00,0x00,0x00,0x00,0x00,0x00,0x00,0x00,
    0x00,0x00,0x00,0x00,0x00,0x00,0x00,0x00,0x00,0x00,0x00,0x00,0x00,0x00,0x00,0x00,0x01,0x00,0x00,0x00,0x07,0x00,0x00,0x00,
    0x02,0x00,0x00,0x00,0x00,0x00,0x00,0x00,0x00,0x02,0x00,0x00,0x00,0x00,0x00,0x00,0x00,0x02,0x00,0x00,0x00,0x00,0x00,0x00,
    0xec,0x02,0x00,0x00,0x00,0x00,0x00,0x00,0x00,0x00,0x00,0x00,0x00,0x00,0x00,0x00,0x04,0x00,0x00,0x00,0x00,0x00,0x00,0x00,
    0x00,0x00,0x00,0x00,0x00,0x00,0x00,0x00,0x07,0x00,0x00,0x00,0x0b,0x00,0x00,0x00,0x02,0x00,0x00,0x00,0x00,0x00,0x00,0x00,
    0xf0,0x04,0x00,0x00,0x00,0x00,0x00,0x00,0xf0,0x04,0x00,0x00,0x00,0x00,0x00,0x00,0x60,0x00,0x00,0x00,0x00,0x00,0x00,0x00,
    0x05,0x00,0x00,0x00,0x01,0x00,0x00,0x00,0x08,0x00,0x00,0x00,0x00,0x00,0x00,0x00,0x18,0x00,0x00,0x00,0x00,0x00,0x00,0x00,
    0x0f,0x00,0x00,0x00,0xf6,0xff,0xff,0x6f,0x02,0x00,0x00,0x00,0x00,0x00,0x00,0x00,0x50,0x05,0x00,0x00,0x00,0x00,0x00,0x00,
    0x50,0x05,0x00,0x00,0x00,0x00,0x00,0x00,0x28,0x00,0x00,0x00,0x00,0x00,0x00,0x00,0x02,0x00,0x00,0x00,0x00,0x00,0x00,0x00,
    0x08,0x00,0x00,0x00,0x00,0x00,0x00,0x00,0x00,0x00,0x00,0x00,0x00,0x00,0x00,0x00,0x19,0x00,0x00,0x00,0x05,0x00,0x00,0x00,
    0x02,0x00,0x00,0x00,0x00,0x00,0x00,0x00,0x78,0x05,0x00,0x00,0x00,0x00,0x00,0x00,0x78,0x05,0x00,0x00,0x00,0x00,0x00,0x00,
    0x28,0x00,0x00,0x00,0x00,0x00,0x00,0x00,0x02,0x00,0x00,0x00,0x00,0x00,0x00,0x00,0x04,0x00,0x00,0x00,0x00,0x00,0x00,0x00,
    0x04,0x00,0x00,0x00,0x00,0x00,0x00,0x00,0x1f,0x00,0x00,0x00,0x03,0x00,0x00,0x00,0x02,0x00,0x00,0x00,0x00,0x00,0x00,0x00,
    0xa0,0x05,0x00,0x00,0x00,0x00,0x00,0x00,0xa0,0x05,0x00,0x00,0x00,0x00,0x00,0x00,0x5e,0x00,0x00,0x00,0x00,0x00,0x00,0x00,
    0x00,0x00,0x00,0x00,0x00,0x00,0x00,0x00,0x01,0x00,0x00,0x00,0x00,0x00,0x00,0x00,0x00,0x00,0x00,0x00,0x00,0x00,0x00,0x00,
    0x27,0x00,0x00,0x00,0x01,0x00,0x00,0x00,0x02,0x00,0x00,0x00,0x00,0x00,0x00,0x00,0x00,0x06,0x00,0x00,0x00,0x00,0x00,0x00,
    0x00,0x06,0x00,0x00,0x00,0x00,0x00,0x00,0x40,0x00,0x00,0x00,0x00,0x00,0x00,0x00,0x00,0x00,0x00,0x00,0x00,0x00,0x00,0x00,
    0x40,0x00,0x00,0x00,0x00,0x00,0x00,0x00,0x00,0x00,0x00,0x00,0x00,0x00,0x00,0x00,0x2f,0x00,0x00,0x00,0x01,0x00,0x00,0x00,
    0x06,0x00,0x00,0x00,0x00,0x00,0x00,0x00,0x00,0x17,0x00,0x00,0x00,0x00,0x00,0x00,0x00,0x07,0x00,0x00,0x00,0x00,0x00,0x00,
    0x34,0x0b,0x00,0x00,0x00,0x00,0x00,0x00,0x00,0x00,0x00,0x00,0x00,0x00,0x00,0x00,0x00,0x01,0x00,0x00,0x00,0x00,0x00,0x00,
    0x00,0x00,0x00,0x00,0x00,0x00,0x00,0x00,0x35,0x00,0x00,0x00,0x06,0x00,0x00,0x00,0x03,0x00,0x00,0x00,0x00,0x00,0x00,0x00,
    0x38,0x32,0x00,0x00,0x00,0x00,0x00,0x00,0x38,0x12,0x00,0x00,0x00,0x00,0x00,0x00,0x70,0x00,0x00,0x00,0x00,0x00,0x00,0x00,
    0x05,0x00,0x00,0x00,0x00,0x00,0x00,0x00,0x08,0x00,0x00,0x00,0x00,0x00,0x00,0x00,0x10,0x00,0x00,0x00,0x00,0x00,0x00,0x00,
    0x3e,0x00,0x00,0x00,0x08,0x00,0x00,0x00,0x03,0x00,0x00,0x00,0x00,0x00,0x00,0x00,0xa8,0x32,0x00,0x00,0x00,0x00,0x00,0x00,
    0xa8,0x12,0x00,0x00,0x00,0x00,0x00,0x00,0x58,0x0d,0x00,0x00,0x00,0x00,0x00,0x00,0x00,0x00,0x00,0x00,0x00,0x00,0x00,0x00,
    0x01,0x00,0x00,0x00,0x00,0x00,0x00,0x00,0x00,0x00,0x00,0x00,0x00,0x00,0x00,0x00,0x4d,0x00,0x00,0x00,0x01,0x00,0x00,0x00,
    0x00,0x00,0x00,0x00,0x00,0x00,0x00,0x00,0x00,0x00,0x00,0x00,0x00,0x00,0x00,0x00,0xa8,0x12,0x00,0x00,0x00,0x00,0x00,0x00,
    0x00,0x00,0x00,0x00,0x00,0x00,0x00,0x00,0x00,0x00,0x00,0x00,0x00,0x00,0x00,0x00,0x01,0x00,0x00,0x00,0x00,0x00,0x00,0x00,
    0x00,0x00,0x00,0x00,0x00,0x00,0x00,0x00,0x62,0x00,0x00,0x00,0x01,0x00,0x00,0x00,0x30,0x00,0x00,0x00,0x00,0x00,0x00,0x00,
    0x00,0x00,0x00,0x00,0x00,0x00,0x00,0x00,0xa8,0x12,0x00,0x00,0x00,0x00,0x00,0x00,0x3b,0x00,0x00,0x00,0x00,0x00,0x00,0x00,
    0x00,0x00,0x00,0x00,0x00,0x00,0x00,0x00,0x01,0x00,0x00,0x00,0x00,0x00,0x00,0x00,0x01,0x00,0x00,0x00,0x00,0x00,0x00,0x00,
    0x6b,0x00,0x00,0x00,0x02,0x00,0x00,0x00,0x00,0x00,0x00,0x00,0x00,0x00,0x00,0x00,0x00,0x00,0x00,0x00,0x00,0x00,0x00,0x00,
    0xe8,0x12,0x00,0x00,0x00,0x00,0x00,0x00,0x38,0x01,0x00,0x00,0x00,0x00,0x00,0x00,0x0e,0x00,0x00,0x00,0x0a,0x00,0x00,0x00,
    0x08,0x00,0x00,0x00,0x00,0x00,0x00,0x00,0x18,0x00,0x00,0x00,0x00,0x00,0x00,0x00,0x73,0x00,0x00,0x00,0x03,0x00,0x00,0x00,
    0x00,0x00,0x00,0x00,0x00,0x00,0x00,0x00,0x00,0x00,0x00,0x00,0x00,0x00,0x00,0x00,0x20,0x14,0x00,0x00,0x00,0x00,0x00,0x00,
    0x85,0x00,0x00,0x00,0x00,0x00,0x00,0x00,0x00,0x00,0x00,0x00,0x00,0x00,0x00,0x00,0x01,0x00,0x00,0x00,0x00,0x00,0x00,0x00,
    0x00,0x00,0x00,0x00,0x00,0x00,0x00,0x00,0x7d,0x00,0x00,0x00,0x03,0x00,0x00,0x00,0x00,0x00,0x00,0x00,0x00,0x00,0x00,0x00,
    0x00,0x00,0x00,0x00,0x00,0x00,0x00,0x00,0xa5,0x14,0x00,0x00,0x00,0x00,0x00,0x00,0x8d,0x01,0x00,0x00,0x00,0x00,0x00,0x00,
    0x00,0x00,0x00,0x00,0x00,0x00,0x00,0x00,0x01,0x00,0x00,0x00,0x00,0x00,0x00,0x00,0x00,0x00,0x00,0x00,0x00,0x00,0x00,0x00,
};
}
namespace gfx9_4_generic {
// gfx9-4-generic signal_operations: e_flags=0x0100055f, 6264 bytes
inline constexpr uint8_t signal_operations[] = {
    0x7f,0x45,0x4c,0x46,0x02,0x01,0x01,0x40,0x04,0x00,0x00,0x00,0x00,0x00,0x00,0x00,0x03,0x00,0xe0,0x00,0x01,0x00,0x00,0x00,
    0x00,0x00,0x00,0x00,0x00,0x00,0x00,0x00,0x40,0x00,0x00,0x00,0x00,0x00,0x00,0x00,0xb8,0x14,0x00,0x00,0x00,0x00,0x00,0x00,
    0x5f,0x05,0x00,0x01,0x40,0x00,0x38,0x00,0x08,0x00,0x40,0x00,0x0f,0x00,0x0d,0x00,0x06,0x00,0x00,0x00,0x04,0x00,0x00,0x00,
    0x40,0x00,0x00,0x00,0x00,0x00,0x00,0x00,0x40,0x00,0x00,0x00,0x00,0x00,0x00,0x00,0x40,0x00,0x00,0x00,0x00,0x00,0x00,0x00,
    0xc0,0x01,0x00,0x00,0x00,0x00,0x00,0x00,0xc0,0x01,0x00,0x00,0x00,0x00,0x00,0x00,0x08,0x00,0x00,0x00,0x00,0x00,0x00,0x00,
    0x01,0x00,0x00,0x00,0x04,0x00,0x00,0x00,0x00,0x00,0x00,0x00,0x00,0x00,0x00,0x00,0x00,0x00,0x00,0x00,0x00,0x00,0x00,0x00,
    0x00,0x00,0x00,0x00,0x00,0x00,0x00,0x00,0x80,0x06,0x00,0x00,0x00,0x00,0x00,0x00,0x80,0x06,0x00,0x00,0x00,0x00,0x00,0x00,
    0x00,0x10,0x00,0x00,0x00,0x00,0x00,0x00,0x01,0x00,0x00,0x00,0x05,0x00,0x00,0x00,0x00,0x07,0x00,0x00,0x00,0x00,0x00,0x00,
    0x00,0x17,0x00,0x00,0x00,0x00,0x00,0x00,0x00,0x17,0x00,0x00,0x00,0x00,0x00,0x00,0x00,0x0a,0x00,0x00,0x00,0x00,0x00,0x00,
    0x00,0x0a,0x00,0x00,0x00,0x00,0x00,0x00,0x00,0x10,0x00,0x00,0x00,0x00,0x00,0x00,0x01,0x00,0x00,0x00,0x06,0x00,0x00,0x00,
    0x00,0x11,0x00,0x00,0x00,0x00,0x00,0x00,0x00,0x31,0x00,0x00,0x00,0x00,0x00,0x00,0x00,0x31,0x00,0x00,0x00,0x00,0x00,0x00,
    0x70,0x00,0x00,0x00,0x00,0x00,0x00,0x00,0x00,0x0f,0x00,0x00,0x00,0x00,0x00,0x00,0x00,0x10,0x00,0x00,0x00,0x00,0x00,0x00,
    0x02,0x00,0x00,0x00,0x06,0x00,0x00,0x00,0x00,0x11,0x00,0x00,0x00,0x00,0x00,0x00,0x00,0x31,0x00,0x00,0x00,0x00,0x00,0x00,
    0x00,0x31,0x00,0x00,0x00,0x00,0x00,0x00,0x70,0x00,0x00,0x00,0x00,0x00,0x00,0x00,0x70,0x00,0x00,0x00,0x00,0x00,0x00,0x00,
    0x08,0x00,0x00,0x00,0x00,0x00,0x00,0x00,0x52,0xe5,0x74,0x64,0x04,0x00,0x00,0x00,0x00,0x11,0x00,0x00,0x00,0x00,0x00,0x00,
    0x00,0x31,0x00,0x00,0x00,0x00,0x00,0x00,0x00,0x31,0x00,0x00,0x00,0x00,0x00,0x00,0x70,0x00,0x00,0x00,0x00,0x00,0x00,0x00,
    0x00,0x0f,0x00,0x00,0x00,0x00,0x00,0x00,0x01,0x00,0x00,0x00,0x00,0x00,0x00,0x00,0x51,0xe5,0x74,0x64,0x06,0x00,0x00,0x00,
    0x00,0x00,0x00,0x00,0x00,0x00,0x00,0x00,0x00,0x00,0x00,0x00,0x00,0x00,0x00,0x00,0x00,0x00,0x00,0x00,0x00,0x00,0x00,0x00,
    0x00,0x00,0x00,0x00,0x00,0x00,0x00,0x00,0x00,0x00,0x00,0x00,0x00,0x00,0x00,0x00,0x00,0x00,0x00,0x00,0x00,0x00,0x00,0x00,
    0x04,0x00,0x00,0x00,0x04,0x00,0x00,0x00,0x00,0x02,0x00,0x00,0x00,0x00,0x00,0x00,0x00,0x02,0x00,0x00,0x00,0x00,0x00,0x00,
    0x00,0x02,0x00,0x00,0x00,0x00,0x00,0x00,0x20,0x03,0x00,0x00,0x00,0x00,0x00,0x00,0x20,0x03,0x00,0x00,0x00,0x00,0x00,0x00,
    0x04,0x00,0x00,0x00,0x00,0x00,0x00,0x00,0x07,0x00,0x00,0x00,0x0c,0x03,0x00,0x00,0x20,0x00,0x00,0x00,0x41,0x4d,0x44,0x47,
    0x50,0x55,0x00,0x00,0x83,0xae,0x61,0x6d,0x64,0x68,0x73,0x61,0x2e,0x6b,0x65,0x72,0x6e,0x65,0x6c,0x73,0x91,0xde,0x00,0x12,
    0xab,0x2e,0x61,0x67,0x70,0x72,0x5f,0x63,0x6f,0x75,0x6e,0x74,0x00,0xa5,0x2e,0x61,0x72,0x67,0x73,0x95,0x85,0xae,0x2e,0x61,
    0x64,0x64,0x72,0x65,0x73,0x73,0x5f,0x73,0x70,0x61,0x63,0x65,0xa6,0x67,0x6c,0x6f,0x62,0x61,0x6c,0xa7,0x2e,0x6f,0x66,0x66,
    0x73,0x65,0x74,0x00,0xa5,0x2e,0x73,0x69,0x7a,0x65,0x08,0xaa,0x2e,0x74,0x79,0x70,0x65,0x5f,0x6e,0x61,0x6d,0x65,0xa5,0x6c,
    0x6f,0x6e,0x67,0x2a,0xab,0x2e,0x76,0x61,0x6c,0x75,0x65,0x5f,0x6b,0x69,0x6e,0x64,0xad,0x67,0x6c,0x6f,0x62,0x61,0x6c,0x5f,
    0x62,0x75,0x66,0x66,0x65,0x72,0x85,0xae,0x2e,0x61,0x64,0x64,0x72,0x65,0x73,0x73,0x5f,0x73,0x70,0x61,0x63,0x65,0xa6,0x67,
    0x6c,0x6f,0x62,0x61,0x6c,0xa7,0x2e,0x6f,0x66,0x66,0x73,0x65,0x74,0x08,0xa5,0x2e,0x73,0x69,0x7a,0x65,0x08,0xaa,0x2e,0x74,
    0x79,0x70,0x65,0x5f,0x6e,0x61,0x6d,0x65,0xa5,0x6c,0x6f,0x6e,0x67,0x2a,0xab,0x2e,0x76,0x61,0x6c,0x75,0x65,0x5f,0x6b,0x69,
    0x6e,0x64,0xad,0x67,0x6c,0x6f,0x62,0x61,0x6c,0x5f,0x62,0x75,0x66,0x66,0x65,0x72,0x84,0xa7,0x2e,0x6f,0x66,0x66,0x73,0x65,
    0x74,0x10,0xa5,0x2e,0x73,0x69,0x7a,0x65,0x08,0xaa,0x2e,0x74,0x79,0x70,0x65,0x5f,0x6e,0x61,0x6d,0x65,0xa4,0x6c,0x6f,0x6e,
    0x67,0xab,0x2e,0x76,0x61,0x6c,0x75,0x65,0x5f,0x6b,0x69,0x6e,0x64,0xa8,0x62,0x79,0x5f,0x76,0x61,0x6c,0x75,0x65,0x84,0xa7,
    0x2e,0x6f,0x66,0x66,0x73,0x65,0x74,0x18,0xa5,0x2e,0x73,0x69,0x7a,0x65,0x08,0xaa,0x2e,0x74,0x79,0x70,0x65,0x5f,0x6e,0x61,
    0x6d,0x65,0xa4,0x6c,0x6f,0x6e,0x67,0xab,0x2e,0x76,0x61,0x6c,0x75,0x65,0x5f,0x6b,0x69,0x6e,0x64,0xa8,0x62,0x79,0x5f,0x76,
    0x61,0x6c,0x75,0x65,0x84,0xa7,0x2e,0x6f,0x66,0x66,0x73,0x65,0x74,0x20,0xa5,0x2e,0x73,0x69,0x7a,0x65,0x04,0xaa,0x2e,0x74,
    0x79,0x70,0x65,0x5f,0x6e,0x61,0x6d,0x65,0xa4,0x75,0x69,0x6e,0x74,0xab,0x2e,0x76,0x61,0x6c,0x75,0x65,0x5f,0x6b,0x69,0x6e,
    0x64,0xa8,0x62,0x79,0x5f,0x76,0x61,0x6c,0x75,0x65,0xb9,0x2e,0x67,0x72,0x6f,0x75,0x70,0x5f,0x73,0x65,0x67,0x6d,0x65,0x6e,
    0x74,0x5f,0x66,0x69,0x78,0x65,0x64,0x5f,0x73,0x69,0x7a,0x65,0x00,0xb6,0x2e,0x6b,0x65,0x72,0x6e,0x61,0x72,0x67,0x5f,0x73,
    0x65,0x67,0x6d,0x65,0x6e,0x74,0x5f,0x61,0x6c,0x69,0x67,0x6e,0x08,0xb5,0x2e,0x6b,0x65,0x72,0x6e,0x61,0x72,0x67,0x5f,0x73,
    0x65,0x67,0x6d,0x65,0x6e,0x74,0x5f,0x73,0x69,0x7a,0x65,0x24,0xa9,0x2e,0x6c,0x61,0x6e,0x67,0x75,0x61,0x67,0x65,0xa8,0x4f,
    0x70,0x65,0x6e,0x43,0x4c,0x20,0x43,0xb1,0x2e,0x6c,0x61,0x6e,0x67,0x75,0x61,0x67,0x65,0x5f,0x76,0x65,0x72,0x73,0x69,0x6f,
    0x6e,0x92,0x02,0x00,0xb8,0x2e,0x6d,0x61,0x78,0x5f,0x66,0x6c,0x61,0x74,0x5f,0x77,0x6f,0x72,0x6b,0x67,0x72,0x6f,0x75,0x70,
    0x5f,0x73,0x69,0x7a,0x65,0x20,0xa5,0x2e,0x6e,0x61,0x6d,0x65,0xb0,0x73,0x69,0x67,0x6e,0x61,0x6c,0x5f,0x6f,0x70,0x65,0x72,
    0x61,0x74,0x69,0x6f,0x6e,0xbb,0x2e,0x70,0x72,0x69,0x76,0x61,0x74,0x65,0x5f,0x73,0x65,0x67,0x6d,0x65,0x6e,0x74,0x5f,0x66,
    0x69,0x78,0x65,0x64,0x5f,0x73,0x69,0x7a,0x65,0x00,0xb4,0x2e,0x72,0x65,0x71,0x64,0x5f,0x77,0x6f,0x72,0x6b,0x67,0x72,0x6f,
    0x75,0x70,0x5f,0x73,0x69,0x7a,0x65,0x93,0x20,0x01,0x01,0xab,0x2e,0x73,0x67,0x70,0x72,0x5f,0x63,0x6f,0x75,0x6e,0x74,0x14,
    0xb1,0x2e,0x73,0x67,0x70,0x72,0x5f,0x73,0x70,0x69,0x6c,0x6c,0x5f,0x63,0x6f,0x75,0x6e,0x74,0x00,0xa7,0x2e,0x73,0x79,0x6d,
    0x62,0x6f,0x6c,0xb3,0x73,0x69,0x67,0x6e,0x61,0x6c,0x5f,0x6f,0x70,0x65,0x72,0x61,0x74,0x69,0x6f,0x6e,0x2e,0x6b,0x64,0xb3,
    0x2e,0x75,0x73,0x65,0x73,0x5f,0x64,0x79,0x6e,0x61,0x6d,0x69,0x63,0x5f,0x73,0x74,0x61,0x63,0x6b,0xc2,0xab,0x2e,0x76,0x67,
    0x70,0x72,0x5f,0x63,0x6f,0x75,0x6e,0x74,0x06,0xb1,0x2e,0x76,0x67,0x70,0x72,0x5f,0x73,0x70,0x69,0x6c,0x6c,0x5f,0x63,0x6f,
    0x75,0x6e,0x74,0x00,0xaf,0x2e,0x77,0x61,0x76,0x65,0x66,0x72,0x6f,0x6e,0x74,0x5f,0x73,0x69,0x7a,0x65,0x40,0xad,0x61,0x6d,
    0x64,0x68,0x73,0x61,0x2e,0x74,0x61,0x72,0x67,0x65,0x74,0xd9,0x21,0x61,0x6d,0x64,0x67,0x63,0x6e,0x2d,0x61,0x6d,0x64,0x2d,
    0x61,0x6d,0x64,0x68,0x73,0x61,0x2d,0x2d,0x67,0x66,0x78,0x39,0x2d,0x34,0x2d,0x67,0x65,0x6e,0x65,0x72,0x69,0x63,0xae,0x61,
    0x6d,0x64,0x68,0x73,0x61,0x2e,0x76,0x65,0x72,0x73,0x69,0x6f,0x6e,0x92,0x01,0x02,0x00,0x00,0x00,0x00,0x00,0x00,0x00,0x00,
    0x00,0x00,0x00,0x00,0x00,0x00,0x00,0x00,0x00,0x00,0x00,0x00,0x00,0x00,0x00,0x00,0x01,0x00,0x00,0x00,0x12,0x03,0x07,0x00,
    0x00,0x17,0x00,0x00,0x00,0x00,0x00,0x00,0xb4,0x03,0x00,0x00,0x00,0x00,0x00,0x00,0x12,0x00,0x00,0x00,0x11,0x03,0x06,0x00,
    0x40,0x06,0x00,0x00,0x00,0x00,0x00,0x00,0x40,0x00,0x00,0x00,0x00,0x00,0x00,0x00,0x26,0x00,0x00,0x00,0x12,0x03,0x07,0x00,
    0xb4,0x1a,0x00,0x00,0x00,0x00,0x00,0x00,0x14,0x02,0x00,0x00,0x00,0x00,0x00,0x00,0x01,0x00,0x00,0x00,0x01,0x00,0x00,0x00,
    0x01,0x00,0x00,0x00,0x1a,0x00,0x00,0x00,0x00,0x00,0x89,0x00,0x40,0x00,0x01,0x10,0x01,0x00,0x00,0x00,0xd2,0x64,0x68,0xc1,
    0xd0,0x69,0xb2,0x5f,0xe7,0x24,0x33,0xf0,0x04,0x00,0x00,0x00,0x04,0x00,0x00,0x00,0x02,0x00,0x00,0x00,0x00,0x00,0x00,0x00,
    0x03,0x00,0x00,0x00,0x00,0x00,0x00,0x00,0x00,0x00,0x00,0x00,0x00,0x00,0x00,0x00,0x00,0x00,0x00,0x00,0x01,0x00,0x00,0x00,
    0x00,0x73,0x69,0x67,0x6e,0x61,0x6c,0x5f,0x6f,0x70,0x65,0x72,0x61,0x74,0x69,0x6f,0x6e,0x00,0x73,0x69,0x67,0x6e,0x61,0x6c,
    0x5f,0x6f,0x70,0x65,0x72,0x61,0x74,0x69,0x6f,0x6e,0x2e,0x6b,0x64,0x00,0x5f,0x5f,0x63,0x6c,0x61,0x6e,0x67,0x5f,0x6f,0x63,
    0x6c,0x5f,0x6b,0x65,0x72,0x6e,0x5f,0x69,0x6d,0x70,0x5f,0x73,0x69,0x67,0x6e,0x61,0x6c,0x5f,0x6f,0x70,0x65,0x72,0x61,0x74,
    0x69,0x6f,0x6e,0x00,0x00,0x00,0x00,0x00,0x00,0x00,0x00,0x00,0x00,0x00,0x00,0x00,0x00,0x00,0x00,0x00,0x00,0x00,0x00,0x00,
    0x00,0x00,0x00,0x00,0x00,0x00,0x00,0x00,0x00,0x00,0x00,0x00,0x00,0x00,0x00,0x00,0x00,0x00,0x00,0x00,0x00,0x00,0x00,0x00,
    0x24,0x00,0x00,0x00,0x00,0x00,0x00,0x00,0xc0,0x10,0x00,0x00,0x00,0x00,0x00,0x00,0x00,0x00,0x00,0x00,0x00,0x00,0x00,0x00,
    0x00,0x00,0x00,0x00,0x00,0x00,0x00,0x00,0x00,0x00,0x00,0x00,0x01,0x00,0x00,0x00,0x80,0x00,0xaf,0x00,0x84,0x00,0x00,0x00,
    0x08,0x00,0x00,0x00,0x00,0x00,0x00,0x00,0x00,0x00,0x00,0x00,0x00,0x00,0x00,0x00,0x00,0x00,0x00,0x00,0x00,0x00,0x00,0x00,
    0x00,0x00,0x00,0x00,0x00,0x00,0x00,0x00,0x00,0x00,0x00,0x00,0x00,0x00,0x00,0x00,0x00,0x00,0x00,0x00,0x00,0x00,0x00,0x00,
    0x00,0x00,0x00,0x00,0x00,0x00,0x00,0x00,0x00,0x00,0x00,0x00,0x00,0x00,0x00,0x00,0x00,0x00,0x00,0x00,0x00,0x00,0x00,0x00,
    0x00,0x00,0x00,0x00,0x00,0x00,0x00,0x00,0x00,0x00,0x00,0x00,0x00,0x00,0x00,0x00,0x00,0x00,0x00,0x00,0x00,0x00,0x00,0x00,
    0x00,0x00,0x00,0x00,0x00,0x00,0x00,0x00,0x00,0x00,0x00,0x00,0x00,0x00,0x00,0x00,0x00,0x00,0x00,0x00,0x00,0x00,0x00,0x00,
    0x00,0x00,0x00,0x00,0x00,0x00,0x00,0x00,0x00,0x00,0x00,0x00,0x00,0x00,0x00,0x00,0x80,0x00,0x94,0x7d,0x6a,0x20,0x82,0xbe,
    0xe9,0x00,0x88,0xbf,0x00,0x03,0x02,0xc0,0x20,0x00,0x00,0x00,0x00,0x01,0x0e,0xc0,0x00,0x00,0x00,0x00,0x7f,0xc0,0x8c,0xbf,
    0x0c,0x85,0x04,0xbf,0x15,0x00,0x85,0xbf,0x0c,0x86,0x02,0xbf,0x16,0x00,0x84,0xbf,0x0c,0x87,0x02,0xbf,0x17,0x00,0x84,0xbf,
    0x0c,0x88,0x06,0xbf,0x80,0x70,0x00,0x7e,0x0c,0x00,0x84,0xbf,0x08,0x02,0x00,0x7e,0x09,0x02,0x02,0x7e,0x0a,0x02,0x04,0x7e,
    0x0b,0x02,0x06,0x7e,0x80,0x02,0x08,0x7e,0x00,0xc0,0xa0,0xe0,0x00,0x00,0x00,0x00,0x00,0x80,0x85,0xdf,0x04,0x00,0x04,0x00,
    0x70,0x0f,0x8c,0xbf,0x00,0xc0,0xa4,0xe0,0x00,0x00,0x00,0x00,0x80,0x01,0x80,0xbe,0x07,0x00,0x82,0xbf,0x80,0x01,0x80,0xbe,
    0x49,0x00,0x89,0xbf,0xbc,0x00,0x82,0xbf,0x80,0x01,0x80,0xbe,0x03,0x00,0x89,0xbf,0x44,0x00,0x82,0xbf,0xc1,0x01,0x80,0xbe,
    0x42,0x00,0x82,0xbf,0x0c,0x85,0x02,0xbf,0x22,0x00,0x84,0xbf,0x7e,0x01,0x8a,0xbe,0x00,0x00,0x8c,0xd2,0x0a,0x00,0x01,0x00,
    0x02,0x00,0x8d,0xd2,0x0b,0x00,0x02,0x00,0x80,0x04,0x94,0x7d,0x6a,0x20,0x82,0xbe,0x0e,0x00,0x88,0xbf,0x0a,0x0d,0x8a,0xbe,
    0x0a,0x81,0x0a,0x86,0x09,0x0a,0x0b,0x92,0x08,0x0a,0x0a,0x92,0x0a,0x02,0x00,0x7e,0x0b,0x02,0x02,0x7e,0x80,0x02,0x06,0x7e,
    0x00,0xc0,0xa0,0xe0,0x00,0x00,0x00,0x00,0x00,0x80,0xa9,0xdf,0x03,0x00,0x04,0x00,0x70,0x0f,0x8c,0xbf,0x00,0xc0,0xa4,0xe0,
    0x00,0x00,0x00,0x00,0x7e,0x02,0xfe,0x87,0x00,0x05,0x06,0x7e,0x81,0x04,0x00,0x26,0x01,0x05,0x04,0x7e,0x01,0x00,0x85,0xd2,
    0x09,0x00,0x02,0x00,0x00,0x00,0x85,0xd2,0x08,0x00,0x02,0x00,0x02,0x02,0x02,0x2a,0x03,0x00,0x00,0x2a,0x80,0x01,0x82,0xbe,
    0x01,0x00,0x82,0xbf,0xc1,0x01,0x82,0xbe,0x7e,0x02,0xea,0x86,0x1b,0x00,0x86,0xbf,0x00,0x00,0x8c,0xd2,0x7e,0x00,0x01,0x00,
    0x00,0x00,0x8d,0xd2,0x7f,0x00,0x02,0x00,0x80,0x00,0x94,0x7d,0x6a,0x20,0x82,0xbe,0x09,0x00,0x88,0xbf,0x80,0x02,0x04,0x7e,
    0x08,0x70,0x00,0x7e,0x00,0xc0,0xa0,0xe0,0x00,0x00,0x00,0x00,0x00,0x80,0xa5,0xdf,0x02,0x00,0x04,0x00,0x70,0x0f,0x8c,0xbf,
    0x00,0xc0,0xa4,0xe0,0x00,0x00,0x00,0x00,0x7e,0x02,0xfe,0x87,0x01,0x05,0x04,0x7e,0x00,0x05,0x06,0x7e,0x09,0x02,0x00,0x7e,
    0x08,0x02,0x02,0x7e,0x00,0x00,0x00,0xd1,0x00,0x01,0xa9,0x01,0x02,0x00,0x00,0xd1,0x01,0x01,0xa9,0x01,0x02,0x00,0x02,0x28,
    0x03,0x04,0x00,0x28,0x74,0x00,0x82,0xbf,0x0c,0x82,0x02,0xbf,0x1f,0x00,0x84,0xbf,0x0c,0x83,0x02,0xbf,0x1e,0x00,0x84,0xbf,
    0x00,0x00,0x8c,0xd2,0x7e,0x00,0x01,0x00,0x00,0x00,0x8d,0xd2,0x7f,0x00,0x02,0x00,0x80,0x00,0x94,0x7d,0x6a,0x20,0x82,0xbe,
    0x09,0x00,0x88,0xbf,0x80,0x02,0x04,0x7e,0x08,0x70,0x00,0x7e,0x00,0xc0,0xa0,0xe0,0x00,0x00,0x00,0x00,0x00,0x80,0xa1,0xdf,
    0x02,0x00,0x04,0x00,0x70,0x0f,0x8c,0xbf,0x00,0xc0,0xa4,0xe0,0x00,0x00,0x00,0x00,0x7e,0x02,0xfe,0x87,0x01,0x05,0x04,0x7e,
    0x00,0x05,0x06,0x7e,0x09,0x02,0x00,0x7e,0x08,0x02,0x02,0x7e,0x00,0x00,0x00,0xd1,0x00,0x83,0xa9,0x01,0x02,0x00,0x00,0xd1,
    0x01,0x83,0xa9,0x01,0x02,0x00,0x02,0x26,0x03,0x04,0x00,0x26,0x27,0x00,0x88,0xbf,0x53,0x00,0x82,0xbf,0x25,0x00,0x82,0xbf,
    0xfc,0xff,0x88,0xbf,0x7e,0x01,0x8a,0xbe,0x00,0x00,0x8c,0xd2,0x0a,0x00,0x01,0x00,0x02,0x00,0x8d,0xd2,0x0b,0x00,0x02,0x00,
    0x80,0x04,0x94,0x7d,0x6a,0x20,0x82,0xbe,0x0f,0x00,0x88,0xbf,0x0a,0x0d,0x8a,0xbe,0x09,0x0a,0x0b,0x92,0x08,0x0a,0x0d,0x96,
    0x0d,0x0b,0x0d,0x81,0x08,0x0a,0x0a,0x92,0x0a,0x02,0x00,0x7e,0x0d,0x02,0x02,0x7e,0x80,0x02,0x06,0x7e,0x00,0xc0,0xa0,0xe0,
    0x00,0x00,0x00,0x00,0x00,0x80,0x8d,0xdf,0x03,0x00,0x04,0x00,0x70,0x0f,0x8c,0xbf,0x00,0xc0,0xa4,0xe0,0x00,0x00,0x00,0x00,
    0x7e,0x02,0xfe,0x87,0x01,0x05,0x14,0x7e,0x00,0x05,0x16,0x7e,0x00,0x02,0xe8,0xd1,0x08,0x04,0x02,0x02,0x01,0x03,0x08,0x7e,
    0x02,0x02,0xe8,0xd1,0x09,0x04,0x12,0x04,0x0a,0x02,0x02,0x7e,0x0b,0x00,0x00,0x34,0x01,0x00,0x80,0xbf,0x01,0x05,0x02,0x3a,
    0x2d,0x00,0x89,0xbf,0x0c,0x81,0x02,0xbf,0x25,0x00,0x84,0xbf,0x7e,0x01,0x8a,0xbe,0x00,0x00,0x8c,0xd2,0x0a,0x00,0x01,0x00,
    0x02,0x00,0x8d,0xd2,0x0b,0x00,0x02,0x00,0x80,0x04,0x94,0x7d,0x6a,0x20,0x82,0xbe,0x0f,0x00,0x88,0xbf,0x0a,0x0d,0x8a,0xbe,
    0x09,0x0a,0x0b,0x92,0x08,0x0a,0x0d,0x96,0x0d,0x0b,0x0d,0x81,0x08,0x0a,0x0a,0x92,0x0a,0x02,0x00,0x7e,0x0d,0x02,0x02,0x7e,
    0x80,0x02,0x06,0x7e,0x00,0xc0,0xa0,0xe0,0x00,0x00,0x00,0x00,0x00,0x80,0x89,0xdf,0x03,0x00,0x04,0x00,0x70,0x0f,0x8c,0xbf,
    0x00,0xc0,0xa4,0xe0,0x00,0x00,0x00,0x00,0x7e,0x02,0xfe,0x87,0x01,0x05,0x04,0x7e,0x00,0x05,0x06,0x7e,0x00,0x00,0x80,0xbf,
    0x02,0x02,0x02,0x7e,0x03,0x02,0x00,0x7e,0x00,0x02,0xe8,0xd1,0x08,0x04,0x02,0x04,0x01,0x03,0x08,0x7e,0x02,0x02,0xe8,0xd1,
    0x09,0x04,0x12,0x04,0x02,0x03,0x02,0x7e,0x80,0x01,0x82,0xbe,0x01,0x00,0x82,0xbf,0xc1,0x01,0x82,0xbe,0x7e,0x02,0xea,0x86,
    0x03,0x00,0x86,0xbf,0x0c,0x81,0x06,0xbf,0x80,0x70,0x00,0x7e,0xc1,0x80,0x80,0x85,0x7e,0x00,0xea,0x86,0x09,0x00,0x86,0xbf,
    0x80,0x02,0x04,0x7e,0x08,0x70,0x00,0x7e,0x00,0xc0,0xa0,0xe0,0x00,0x00,0x00,0x00,0x00,0x80,0x81,0xdf,0x02,0x00,0x04,0x00,
    0x70,0x0f,0x8c,0xbf,0x00,0xc0,0xa4,0xe0,0x00,0x00,0x00,0x00,0x80,0x02,0x04,0x7e,0x00,0x80,0x74,0xdc,0x02,0x00,0x06,0x00,
    0x00,0x00,0x81,0xbf,0x00,0x00,0x8c,0xbf,0xff,0x3e,0x12,0x26,0xff,0x03,0x00,0x00,0x80,0x12,0x94,0x7d,0x6a,0x20,0x80,0xbe,
    0x7c,0x00,0x88,0xbf,0x84,0x10,0x82,0x7d,0x80,0x01,0x82,0xbe,0x6a,0x20,0x84,0xbe,0x7e,0x04,0x84,0x88,0x30,0x00,0x88,0xbf,
    0x86,0x10,0x82,0x7d,0x6a,0x20,0x86,0xbe,0x7e,0x06,0x86,0x88,0x13,0x00,0x88,0xbf,0x87,0x10,0x82,0x7d,0xc1,0x01,0x88,0xbe,
    0x6a,0x20,0x82,0xbe,0x0d,0x00,0x88,0xbf,0x88,0x10,0x94,0x7d,0x80,0x70,0x14,0x7e,0x6a,0x20,0x88,0xbe,0x07,0x00,0x88,0xbf,
    0x00,0xc0,0xa0,0xe0,0x00,0x00,0x00,0x00,0x00,0x80,0x85,0xdf,0x00,0x04,0x7f,0x0a,0x70,0x0f,0x8c,0xbf,0x00,0xc0,0xa4,0xe0,
    0x00,0x00,0x00,0x00,0x7e,0x08,0xfe,0x87,0x7e,0xc1,0x88,0x88,0x7e,0x02,0xfe,0x87,0x08,0x7e,0x82,0x86,0x06,0x23,0x86,0xbe,
    0x15,0x00,0x88,0xbf,0x85,0x10,0x82,0x7d,0x6a,0x20,0x88,0xbe,0x7e,0x08,0x88,0x88,0x07,0x00,0x88,0xbf,0x00,0xc0,0xa0,0xe0,
    0x00,0x00,0x00,0x00,0x00,0x80,0xa9,0xdf,0x00,0x04,0x7f,0x0a,0x70,0x0f,0x8c,0xbf,0x00,0xc0,0xa4,0xe0,0x00,0x00,0x00,0x00,
    0x08,0x23,0x88,0xbe,0x07,0x00,0x88,0xbf,0x00,0xc0,0xa0,0xe0,0x00,0x00,0x00,0x00,0x00,0x80,0xa5,0xdf,0x00,0x04,0x7f,0x0a,
    0x70,0x0f,0x8c,0xbf,0x00,0xc0,0xa4,0xe0,0x00,0x00,0x00,0x00,0x7e,0x08,0xfe,0x87,0x7e,0x06,0xfe,0x87,0x02,0x7e,0x82,0x86,
    0x04,0x23,0x84,0xbe,0x38,0x00,0x88,0xbf,0x82,0x10,0x82,0x7d,0x6a,0x20,0x86,0xbe,0x7e,0x06,0x86,0x88,0x15,0x00,0x88,0xbf,
    0x83,0x10,0x82,0x7d,0x6a,0x20,0x88,0xbe,0x7e,0x08,0x88,0x88,0x07,0x00,0x88,0xbf,0x00,0xc0,0xa0,0xe0,0x00,0x00,0x00,0x00,
    0x00,0x80,0xa1,0xdf,0x00,0x04,0x7f,0x0a,0x70,0x0f,0x8c,0xbf,0x00,0xc0,0xa4,0xe0,0x00,0x00,0x00,0x00,0x08,0x23,0x88,0xbe,
    0x07,0x00,0x88,0xbf,0x00,0xc0,0xa0,0xe0,0x00,0x00,0x00,0x00,0x00,0x80,0x8d,0xdf,0x00,0x04,0x7f,0x0a,0x70,0x0f,0x8c,0xbf,
    0x00,0xc0,0xa4,0xe0,0x00,0x00,0x00,0x00,0x7e,0x08,0xfe,0x87,0x06,0x21,0x86,0xbe,0x02,0x01,0x88,0xbe,0x7e,0x06,0xfe,0x88,
    0x17,0x00,0x88,0xbf,0x81,0x10,0x82,0x7d,0x6a,0x20,0x88,0xbe,0x7e,0x08,0x88,0x88,0x07,0x00,0x88,0xbf,0x00,0xc0,0xa0,0xe0,
    0x00,0x00,0x00,0x00,0x00,0x80,0x89,0xdf,0x00,0x04,0x7f,0x0a,0x70,0x0f,0x8c,0xbf,0x00,0xc0,0xa4,0xe0,0x00,0x00,0x00,0x00,
    0x08,0x21,0x88,0xbe,0x02,0x01,0x8a,0xbe,0x7e,0x08,0xfe,0x88,0x81,0x10,0x94,0x7d,0x02,0x7e,0x8a,0x89,0x6a,0x7e,0x8c,0x86,
    0x80,0x70,0x14,0x7e,0x0a,0x0c,0x8a,0x87,0x7e,0x08,0xfe,0x87,0x02,0x7e,0x88,0x89,0x0a,0x7e,0x8a,0x86,0x08,0x0a,0x88,0x87,
    0x7e,0x06,0xfe,0x87,0x02,0x7e,0x82,0x89,0x08,0x7e,0x86,0x86,0x02,0x06,0x82,0x87,0x7e,0x04,0xfe,0x87,0x02,0x20,0x84,0xbe,
    0x07,0x00,0x88,0xbf,0x00,0xc0,0xa0,0xe0,0x00,0x00,0x00,0x00,0x00,0x80,0x81,0xdf,0x00,0x04,0x7f,0x0a,0x70,0x0f,0x8c,0xbf,
    0x00,0xc0,0xa4,0xe0,0x00,0x00,0x00,0x00,0x7e,0x04,0xfe,0x87,0x00,0x80,0x74,0xdc,0x02,0x0a,0x7f,0x00,0x7e,0x00,0xfe,0x87,
    0x70,0x0f,0x8c,0xbf,0x1e,0x1d,0x80,0xbe,0x00,0x00,0x80,0xbf,0x00,0x00,0x80,0xbf,0x00,0x00,0x80,0xbf,0x00,0x00,0x80,0xbf,
    0x00,0x00,0x80,0xbf,0x00,0x00,0x80,0xbf,0x00,0x00,0x80,0xbf,0x00,0x00,0x80,0xbf,0x00,0x00,0x80,0xbf,0x00,0x00,0x80,0xbf,
    0x00,0x00,0x80,0xbf,0x00,0x00,0x80,0xbf,0x00,0x00,0x80,0xbf,0x00,0x00,0x80,0xbf,0x00,0x00,0x80,0xbf,0x00,0x00,0x80,0xbf,
    0x00,0x00,0x80,0xbf,0x00,0x00,0x80,0xbf,0x00,0x00,0x80,0xbf,0x00,0x00,0x80,0xbf,0x00,0x00,0x80,0xbf,0x00,0x00,0x80,0xbf,
    0x00,0x00,0x80,0xbf,0x00,0x00,0x80,0xbf,0x00,0x00,0x80,0xbf,0x00,0x00,0x80,0xbf,0x00,0x00,0x80,0xbf,0x00,0x00,0x80,0xbf,
    0x00,0x00,0x80,0xbf,0x00,0x00,0x80,0xbf,0x00,0x00,0x80,0xbf,0x00,0x00,0x80,0xbf,0x00,0x00,0x80,0xbf,0x00,0x00,0x80,0xbf,
    0x00,0x00,0x80,0xbf,0x00,0x00,0x80,0xbf,0x00,0x00,0x80,0xbf,0x00,0x00,0x80,0xbf,0x00,0x00,0x80,0xbf,0x00,0x00,0x80,0xbf,
    0x00,0x00,0x80,0xbf,0x00,0x00,0x80,0xbf,0x00,0x00,0x80,0xbf,0x00,0x00,0x80,0xbf,0x00,0x00,0x80,0xbf,0x00,0x00,0x80,0xbf,
    0x00,0x00,0x80,0xbf,0x00,0x00,0x80,0xbf,0x00,0x00,0x80,0xbf,0x00,0x00,0x80,0xbf,0x00,0x00,0x80,0xbf,0x00,0x00,0x80,0xbf,
    0x00,0x00,0x80,0xbf,0x00,0x00,0x80,0xbf,0x00,0x00,0x80,0xbf,0x00,0x00,0x80,0xbf,0x00,0x00,0x80,0xbf,0x00,0x00,0x80,0xbf,
    0x00,0x00,0x80,0xbf,0x00,0x00,0x80,0xbf,0x00,0x00,0x80,0xbf,0x00,0x00,0x80,0xbf,0x00,0x00,0x80,0xbf,0x00,0x00,0x80,0xbf,
    0x00,0x00,0x80,0xbf,0x00,0x00,0x80,0xbf,0x00,0x00,0x80,0xbf,0x00,0x00,0x80,0xbf,0x00,0x00,0x80,0xbf,0x00,0x00,0x80,0xbf,
    0x00,0x00,0x80,0xbf,0x00,0x00,0x80,0xbf,0x00,0x00,0x80,0xbf,0x00,0x00,0x80,0xbf,0x00,0x00,0x80,0xbf,0x00,0x00,0x80,0xbf,
    0x00,0x00,0x80,0xbf,0x00,0x00,0x80,0xbf,0x00,0x00,0x80,0xbf,0x00,0x00,0x80,0xbf,0x00,0x00,0x80,0xbf,0x00,0x00,0x80,0xbf,
    0x00,0x00,0x80,0xbf,0x00,0x00,0x80,0xbf,0x00,0x00,0x80,0xbf,0x00,0x00,0x80,0xbf,0x00,0x00,0x80,0xbf,0x00,0x00,0x80,0xbf,
    0x00,0x00,0x80,0xbf,0x00,0x00,0x80,0xbf,0x00,0x00,0x80,0xbf,0x00,0x00,0x80,0xbf,0x00,0x00,0x80,0xbf,0x00,0x00,0x80,0xbf,
    0x00,0x00,0x80,0xbf,0x00,0x00,0x80,0xbf,0x00,0x00,0x80,0xbf,0x00,0x00,0x80,0xbf,0x00,0x00,0x80,0xbf,0x00,0x00,0x80,0xbf,
    0x00,0x00,0x80,0xbf,0x00,0x00,0x80,0xbf,0x00,0x00,0x80,0xbf,0x00,0x00,0x80,0xbf,0x00,0x00,0x80,0xbf,0x00,0x00,0x80,0xbf,
    0x00,0x00,0x80,0xbf,0x00,0x00,0x80,0xbf,0x00,0x00,0x80,0xbf,0x00,0x00,0x80,0xbf,0x00,0x00,0x80,0xbf,0x00,0x00,0x80,0xbf,
    0x00,0x00,0x80,0xbf,0x00,0x00,0x80,0xbf,0x00,0x00,0x80,0xbf,0x00,0x00,0x80,0xbf,0x00,0x00,0x80,0xbf,0x00,0x00,0x80,0xbf,
    0x00,0x00,0x80,0xbf,0x00,0x00,0x80,0xbf,0x00,0x00,0x80,0xbf,0x00,0x00,0x80,0xbf,0x00,0x00,0x80,0xbf,0x00,0x00,0x80,0xbf,
    0x00,0x00,0x80,0xbf,0x00,0x00,0x80,0xbf,0x00,0x00,0x80,0xbf,0x00,0x00,0x80,0xbf,0x00,0x00,0x80,0xbf,0x00,0x00,0x80,0xbf,
    0x00,0x00,0x80,0xbf,0x00,0x00,0x80,0xbf,0x00,0x00,0x80,0xbf,0x00,0x00,0x80,0xbf,0x00,0x00,0x80,0xbf,0x00,0x00,0x80,0xbf,
    0x00,0x00,0x80,0xbf,0x00,0x00,0x80,0xbf,0x00,0x00,0x80,0xbf,0x00,0x00,0x80,0xbf,0x00,0x00,0x80,0xbf,0x00,0x00,0x80,0xbf,
    0x00,0x00,0x80,0xbf,0x00,0x00,0x80,0xbf,0x00,0x00,0x80,0xbf,0x00,0x00,0x80,0xbf,0x00,0x00,0x80,0xbf,0x00,0x00,0x80,0xbf,
    0x00,0x00,0x80,0xbf,0x00,0x00,0x80,0xbf,0x00,0x00,0x80,0xbf,0x00,0x00,0x80,0xbf,0x00,0x00,0x80,0xbf,0x00,0x00,0x80,0xbf,
    0x00,0x00,0x80,0xbf,0x00,0x00,0x80,0xbf,0x00,0x00,0x80,0xbf,0x00,0x00,0x80,0xbf,0x00,0x00,0x80,0xbf,0x00,0x00,0x80,0xbf,
    0x00,0x00,0x80,0xbf,0x00,0x00,0x80,0xbf,0x00,0x00,0x80,0xbf,0x00,0x00,0x80,0xbf,0x00,0x00,0x80,0xbf,0x00,0x00,0x80,0xbf,
    0x00,0x00,0x80,0xbf,0x00,0x00,0x80,0xbf,0x00,0x00,0x80,0xbf,0x00,0x00,0x80,0xbf,0x00,0x00,0x80,0xbf,0x00,0x00,0x80,0xbf,
    0x00,0x00,0x80,0xbf,0x00,0x00,0x80,0xbf,0x00,0x00,0x80,0xbf,0x00,0x00,0x80,0xbf,0x00,0x00,0x80,0xbf,0x00,0x00,0x80,0xbf,
    0x00,0x00,0x80,0xbf,0x00,0x00,0x80,0xbf,0x00,0x00,0x80,0xbf,0x00,0x00,0x80,0xbf,0x00,0x00,0x80,0xbf,0x00,0x00,0x80,0xbf,
    0x00,0x00,0x80,0xbf,0x00,0x00,0x80,0xbf,0x00,0x00,0x80,0xbf,0x00,0x00,0x80,0xbf,0x00,0x00,0x80,0xbf,0x00,0x00,0x80,0xbf,
    0x00,0x00,0x80,0xbf,0x00,0x00,0x80,0xbf,0x00,0x00,0x80,0xbf,0x00,0x00,0x80,0xbf,0x00,0x00,0x80,0xbf,0x00,0x00,0x80,0xbf,
    0x00,0x00,0x80,0xbf,0x00,0x00,0x80,0xbf,0x00,0x00,0x80,0xbf,0x00,0x00,0x80,0xbf,0x00,0x00,0x80,0xbf,0x00,0x00,0x80,0xbf,
    0x00,0x00,0x80,0xbf,0x00,0x00,0x80,0xbf,0x00,0x00,0x80,0xbf,0x00,0x00,0x80,0xbf,0x00,0x00,0x80,0xbf,0x00,0x00,0x80,0xbf,
    0x00,0x00,0x80,0xbf,0x00,0x00,0x80,0xbf,0x00,0x00,0x80,0xbf,0x00,0x00,0x80,0xbf,0x00,0x00,0x80,0xbf,0x00,0x00,0x80,0xbf,
    0x00,0x00,0x80,0xbf,0x00,0x00,0x80,0xbf,0x00,0x00,0x80,0xbf,0x00,0x00,0x80,0xbf,0x00,0x00,0x80,0xbf,0x00,0x00,0x80,0xbf,
    0x00,0x00,0x80,0xbf,0x00,0x00,0x80,0xbf,0x00,0x00,0x80,0xbf,0x00,0x00,0x80,0xbf,0x00,0x00,0x80,0xbf,0x00,0x00,0x80,0xbf,
    0x00,0x00,0x80,0xbf,0x00,0x00,0x80,0xbf,0x00,0x00,0x80,0xbf,0x00,0x00,0x80,0xbf,0x00,0x00,0x80,0xbf,0x00,0x00,0x80,0xbf,
    0x00,0x00,0x80,0xbf,0x00,0x00,0x80,0xbf,0x00,0x00,0x80,0xbf,0x00,0x00,0x80,0xbf,0x00,0x00,0x80,0xbf,0x00,0x00,0x80,0xbf,
    0x00,0x00,0x80,0xbf,0x00,0x00,0x80,0xbf,0x00,0x00,0x80,0xbf,0x00,0x00,0x80,0xbf,0x00,0x00,0x80,0xbf,0x00,0x00,0x80,0xbf,
    0x00,0x00,0x80,0xbf,0x00,0x00,0x80,0xbf,0x00,0x00,0x80,0xbf,0x00,0x00,0x80,0xbf,0x00,0x00,0x80,0xbf,0x00,0x00,0x80,0xbf,
    0x00,0x00,0x80,0xbf,0x00,0x00,0x80,0xbf,0x00,0x00,0x80,0xbf,0x00,0x00,0x80,0xbf,0x00,0x00,0x80,0xbf,0x00,0x00,0x80,0xbf,
    0x00,0x00,0x80,0xbf,0x00,0x00,0x80,0xbf,0x00,0x00,0x80,0xbf,0x00,0x00,0x80,0xbf,0x00,0x00,0x80,0xbf,0x00,0x00,0x80,0xbf,
    0x00,0x00,0x80,0xbf,0x00,0x00,0x80,0xbf,0x00,0x00,0x80,0xbf,0x00,0x00,0x80,0xbf,0x00,0x00,0x80,0xbf,0x00,0x00,0x80,0xbf,
    0x00,0x00,0x80,0xbf,0x00,0x00,0x80,0xbf,0x06,0x00,0x00,0x00,0x00,0x00,0x00,0x00,0x20,0x05,0x00,0x00,0x00,0x00,0x00,0x00,
    0x0b,0x00,0x00,0x00,0x00,0x00,0x00,0x00,0x18,0x00,0x00,0x00,0x00,0x00,0x00,0x00,0x05,0x00,0x00,0x00,0x00,0x00,0x00,0x00,
    0xd0,0x05,0x00,0x00,0x00,0x00,0x00,0x00,0x0a,0x00,0x00,0x00,0x00,0x00,0x00,0x00,0x4c,0x00,0x00,0x00,0x00,0x00,0x00,0x00,
    0xf5,0xfe,0xff,0x6f,0x00,0x00,0x00,0x00,0x80,0x05,0x00,0x00,0x00,0x00,0x00,0x00,0x04,0x00,0x00,0x00,0x00,0x00,0x00,0x00,
    0xa8,0x05,0x00,0x00,0x00,0x00,0x00,0x00,0x00,0x00,0x00,0x00,0x00,0x00,0x00,0x00,0x00,0x00,0x00,0x00,0x00,0x00,0x00,0x00,
    0x48,0x6f,0x6d,0x65,0x62,0x72,0x65,0x77,0x20,0x63,0x6c,0x61,0x6e,0x67,0x20,0x76,0x65,0x72,0x73,0x69,0x6f,0x6e,0x20,0x32,
    0x31,0x2e,0x31,0x2e,0x38,0x00,0x00,0x4c,0x69,0x6e,0x6b,0x65,0x72,0x3a,0x20,0x48,0x6f,0x6d,0x65,0x62,0x72,0x65,0x77,0x20,
    0x4c,0x4c,0x44,0x20,0x32,0x31,0x2e,0x31,0x2e,0x38,0x00,0x00,0x00,0x00,0x00,0x00,0x00,0x00,0x00,0x00,0x00,0x00,0x00,0x00,
    0x00,0x00,0x00,0x00,0x00,0x00,0x00,0x00,0x00,0x00,0x00,0x00,0x00,0x00,0x00,0x00,0x01,0x00,0x00,0x00,0x00,0x00,0xf1,0xff,
    0x00,0x00,0x00,0x00,0x00,0x00,0x00,0x00,0x00,0x00,0x00,0x00,0x00,0x00,0x00,0x00,0x23,0x00,0x00,0x00,0x00,0x00,0xf1,0xff,
    0x06,0x00,0x00,0x00,0x00,0x00,0x00,0x00,0x00,0x00,0x00,0x00,0x00,0x00,0x00,0x00,0x3d,0x00,0x00,0x00,0x00,0x00,0xf1,0xff,
    0x00,0x00,0x00,0x00,0x00,0x00,0x00,0x00,0x00,0x00,0x00,0x00,0x00,0x00,0x00,0x00,0x57,0x00,0x00,0x00,0x00,0x00,0xf1,0xff,
    0x0e,0x00,0x00,0x00,0x00,0x00,0x00,0x00,0x00,0x00,0x00,0x00,0x00,0x00,0x00,0x00,0x76,0x00,0x00,0x00,0x00,0x00,0xf1,0xff,
    0x01,0x00,0x00,0x00,0x00,0x00,0x00,0x00,0x00,0x00,0x00,0x00,0x00,0x00,0x00,0x00,0x90,0x00,0x00,0x00,0x00,0x00,0xf1,0xff,
    0x00,0x00,0x00,0x00,0x00,0x00,0x00,0x00,0x00,0x00,0x00,0x00,0x00,0x00,0x00,0x00,0xb3,0x00,0x00,0x00,0x00,0x00,0xf1,0xff,
    0x00,0x00,0x00,0x00,0x00,0x00,0x00,0x00,0x00,0x00,0x00,0x00,0x00,0x00,0x00,0x00,0xd8,0x00,0x00,0x00,0x00,0x00,0xf1,0xff,
    0x00,0x00,0x00,0x00,0x00,0x00,0x00,0x00,0x00,0x00,0x00,0x00,0x00,0x00,0x00,0x00,0x42,0x01,0x00,0x00,0x00,0x02,0x08,0x00,
    0x00,0x31,0x00,0x00,0x00,0x00,0x00,0x00,0x00,0x00,0x00,0x00,0x00,0x00,0x00,0x00,0xf7,0x00,0x00,0x00,0x12,0x03,0x07,0x00,
    0x00,0x17,0x00,0x00,0x00,0x00,0x00,0x00,0xb4,0x03,0x00,0x00,0x00,0x00,0x00,0x00,0x08,0x01,0x00,0x00,0x11,0x03,0x06,0x00,
    0x40,0x06,0x00,0x00,0x00,0x00,0x00,0x00,0x40,0x00,0x00,0x00,0x00,0x00,0x00,0x00,0x1c,0x01,0x00,0x00,0x12,0x03,0x07,0x00,
    0xb4,0x1a,0x00,0x00,0x00,0x00,0x00,0x00,0x14,0x02,0x00,0x00,0x00,0x00,0x00,0x00,0x00,0x2e,0x6e,0x6f,0x74,0x65,0x00,0x2e,
    0x64,0x79,0x6e,0x73,0x79,0x6d,0x00,0x2e,0x67,0x6e,0x75,0x2e,0x68,0x61,0x73,0x68,0x00,0x2e,0x68,0x61,0x73,0x68,0x00,0x2e,
    0x64,0x79,0x6e,0x73,0x74,0x72,0x00,0x2e,0x72,0x6f,0x64,0x61,0x74,0x61,0x00,0x2e,0x74,0x65,0x78,0x74,0x00,0x2e,0x64,0x79,
    0x6e,0x61,0x6d,0x69,0x63,0x00,0x2e,0x72,0x65,0x6c,0x72,0x6f,0x5f,0x70,0x61,0x64,0x64,0x69,0x6e,0x67,0x00,0x2e,0x41,0x4d,
    0x44,0x47,0x50,0x55,0x2e,0x67,0x70,0x72,0x5f,0x6d,0x61,0x78,0x69,0x6d,0x75,0x6d,0x73,0x00,0x2e,0x63,0x6f,0x6d,0x6d,0x65,
    0x6e,0x74,0x00,0x2e,0x73,0x79,0x6d,0x74,0x61,0x62,0x00,0x2e,0x73,0x68,0x73,0x74,0x72,0x74,0x61,0x62,0x00,0x2e,0x73,0x74,
    0x72,0x74,0x61,0x62,0x00,0x00,0x73,0x69,0x67,0x6e,0x61,0x6c,0x5f,0x6f,0x70,0x65,0x72,0x61,0x74,0x69,0x6f,0x6e,0x2e,0x70,
    0x72,0x69,0x76,0x61,0x74,0x65,0x5f,0x73,0x65,0x67,0x5f,0x73,0x69,0x7a,0x65,0x00,0x73,0x69,0x67,0x6e,0x61,0x6c,0x5f,0x6f,
    0x70,0x65,0x72,0x61,0x74,0x69,0x6f,0x6e,0x2e,0x6e,0x75,0x6d,0x5f,0x76,0x67,0x70,0x72,0x00,0x73,0x69,0x67,0x6e,0x61,0x6c,
    0x5f,0x6f,0x70,0x65,0x72,0x61,0x74,0x69,0x6f,0x6e,0x2e,0x6e,0x75,0x6d,0x5f,0x61,0x67,0x70,0x72,0x00,0x73,0x69,0x67,0x6e,
    0x61,0x6c,0x5f,0x6f,0x70,0x65,0x72,0x61,0x74,0x69,0x6f,0x6e,0x2e,0x6e,0x75,0x6d,0x62,0x65,0x72,0x65,0x64,0x5f,0x73,0x67,
    0x70,0x72,0x00,0x73,0x69,0x67,0x6e,0x61,0x6c,0x5f,0x6f,0x70,0x65,0x72,0x61,0x74,0x69,0x6f,0x6e,0x2e,0x75,0x73,0x65,0x73,
    0x5f,0x76,0x63,0x63,0x00,0x73,0x69,0x67,0x6e,0x61,0x6c,0x5f,0x6f,0x70,0x65,0x72,0x61,0x74,0x69,0x6f,0x6e,0x2e,0x75,0x73,
    0x65,0x73,0x5f,0x66,0x6c,0x61,0x74,0x5f,0x73,0x63,0x72,0x61,0x74,0x63,0x68,0x00,0x73,0x69,0x67,0x6e,0x61,0x6c,0x5f,0x6f,
    0x70,0x65,0x72,0x61,0x74,0x69,0x6f,0x6e,0x2e,0x68,0x61,0x73,0x5f,0x64,0x79,0x6e,0x5f,0x73,0x69,0x7a,0x65,0x64,0x5f,0x73,
    0x74,0x61,0x63,0x6b,0x00,0x73,0x69,0x67,0x6e,0x61,0x6c,0x5f,0x6f,0x70,0x65,0x72,0x61,0x74,0x69,0x6f,0x6e,0x2e,0x68,0x61,
    0x73,0x5f,0x72,0x65,0x63,0x75,0x72,0x73,0x69,0x6f,0x6e,0x00,0x73,0x69,0x67,0x6e,0x61,0x6c,0x5f,0x6f,0x70,0x65,0x72,0x61,
    0x74,0x69,0x6f,0x6e,0x00,0x73,0x69,0x67,0x6e,0x61,0x6c,0x5f,0x6f,0x70,0x65,0x72,0x61,0x74,0x69,0x6f,0x6e,0x2e,0x6b,0x64,
    0x00,0x5f,0x5f,0x63,0x6c,0x61,0x6e,0x67,0x5f,0x6f,0x63,0x6c,0x5f,0x6b,0x65,0x72,0x6e,0x5f,0x69,0x6d,0x70,0x5f,0x73,0x69,
    0x67,0x6e,0x61,0x6c,0x5f,0x6f,0x70,0x65,0x72,0x61,0x74,0x69,0x6f,0x6e,0x00,0x5f,0x44,0x59,0x4e,0x41,0x4d,0x49,0x43,0x00,
    0x00,0x00,0x00,0x00,0x00,0x00,0x00,0x00,0x00,0x00,0x00,0x00,0x00,0x00,0x00,0x00,0x00,0x00,0x00,0x00,0x00,0x00,0x00,0x00,
    0x00,0x00,0x00,0x00,0x00,0x00,0x00,0x00,0x00,0x00,0x00,0x00,0x00,0x00,0x00,0x00,0x00,0x00,0x00,0x00,0x00,0x00,0x00,0x00,
    0x00,0x00,0x00,0x00,0x00,0x00,0x00,0x00,0x00,0x00,0x00,0x00,0x00,0x00,0x00,0x00,0x01,0x00,0x00,0x00,0x07,0x00,0x00,0x00,
    0x02,0x00,0x00,0x00,0x00,0x00,0x00,0x00,0x00,0x02,0x00,0x00,0x00,0x00,0x00,0x00,0x00,0x02,0x00,0x00,0x00,0x00,0x00,0x00,
    0x20,0x03,0x00,0x00,0x00,0x00,0x00,0x00,0x00,0x00,0x00,0x00,0x00,0x00,0x00,0x00,0x04,0x00,0x00,0x00,0x00,0x00,0x00,0x00,
    0x00,0x00,0x00,0x00,0x00,0x00,0x00,0x00,0x07,0x00,0x00,0x00,0x0b,0x00,0x00,0x00,0x02,0x00,0x00,0x00,0x00,0x00,0x00,0x00,
    0x20,0x05,0x00,0x00,0x00,0x00,0x00,0x00,0x20,0x05,0x00,0x00,0x00,0x00,0x00,0x00,0x60,0x00,0x00,0x00,0x00,0x00,0x00,0x00,
    0x05,0x00,0x00,0x00,0x01,0x00,0x00,0x00,0x08,0x00,0x00,0x00,0x00,0x00,0x00,0x00,0x18,0x00,0x00,0x00,0x00,0x00,0x00,0x00,
    0x0f,0x00,0x00,0x00,0xf6,0xff,0xff,0x6f,0x02,0x00,0x00,0x00,0x00,0x00,0x00,0x00,0x80,0x05,0x00,0x00,0x00,0x00,0x00,0x00,
    0x80,0x05,0x00,0x00,0x00,0x00,0x00,0x00,0x28,0x00,0x00,0x00,0x00,0x00,0x00,0x00,0x02,0x00,0x00,0x00,0x00,0x00,0x00,0x00,
    0x08,0x00,0x00,0x00,0x00,0x00,0x00,0x00,0x00,0x00,0x00,0x00,0x00,0x00,0x00,0x00,0x19,0x00,0x00,0x00,0x05,0x00,0x00,0x00,
    0x02,0x00,0x00,0x00,0x00,0x00,0x00,0x00,0xa8,0x05,0x00,0x00,0x00,0x00,0x00,0x00,0xa8,0x05,0x00,0x00,0x00,0x00,0x00,0x00,
    0x28,0x00,0x00,0x00,0x00,0x00,0x00,0x00,0x02,0x00,0x00,0x00,0x00,0x00,0x00,0x00,0x04,0x00,0x00,0x00,0x00,0x00,0x00,0x00,
    0x04,0x00,0x00,0x00,0x00,0x00,0x00,0x00,0x1f,0x00,0x00,0x00,0x03,0x00,0x00,0x00,0x02,0x00,0x00,0x00,0x00,0x00,0x00,0x00,
    0xd0,0x05,0x00,0x00,0x00,0x00,0x00,0x00,0xd0,0x05,0x00,0x00,0x00,0x00,0x00,0x00,0x4c,0x00,0x00,0x00,0x00,0x00,0x00,0x00,
    0x00,0x00,0x00,0x00,0x00,0x00,0x00,0x00,0x01,0x00,0x00,0x00,0x00,0x00,0x00,0x00,0x00,0x00,0x00,0x00,0x00,0x00,0x00,0x00,
    0x27,0x00,0x00,0x00,0x01,0x00,0x00,0x00,0x02,0x00,0x00,0x00,0x00,0x00,0x00,0x00,0x40,0x06,0x00,0x00,0x00,0x00,0x00,0x00,
    0x40,0x06,0x00,0x00,0x00,0x00,0x00,0x00,0x40,0x00,0x00,0x00,0x00,0x00,0x00,0x00,0x00,0x00,0x00,0x00,0x00,0x00,0x00,0x00,
    0x40,0x00,0x00,0x00,0x00,0x00,0x00,0x00,0x00,0x00,0x00,0x00,0x00,0x00,0x00,0x00,0x2f,0x00,0x00,0x00,0x01,0x00,0x00,0x00,
    0x06,0x00,0x00,0x00,0x00,0x00,0x00,0x00,0x00,0x17,0x00,0x00,0x00,0x00,0x00,0x00,0x00,0x07,0x00,0x00,0x00,0x00,0x00,0x00,
    0x00,0x0a,0x00,0x00,0x00,0x00,0x00,0x00,0x00,0x00,0x00,0x00,0x00,0x00,0x00,0x00,0x00,0x01,0x00,0x00,0x00,0x00,0x00,0x00,
    0x00,0x00,0x00,0x00,0x00,0x00,0x00,0x00,0x35,0x00,0x00,0x00,0x06,0x00,0x00,0x00,0x03,0x00,0x00,0x00,0x00,0x00,0x00,0x00,
    0x00,0x31,0x00,0x00,0x00,0x00,0x00,0x00,0x00,0x11,0x00,0x00,0x00,0x00,0x00,0x00,0x70,0x00,0x00,0x00,0x00,0x00,0x00,0x00,
    0x05,0x00,0x00,0x00,0x00,0x00,0x00,0x00,0x08,0x00,0x00,0x00,0x00,0x00,0x00,0x00,0x10,0x00,0x00,0x00,0x00,0x00,0x00,0x00,
    0x3e,0x00,0x00,0x00,0x08,0x00,0x00,0x00,0x03,0x00,0x00,0x00,0x00,0x00,0x00,0x00,0x70,0x31,0x00,0x00,0x00,0x00,0x00,0x00,
    0x70,0x11,0x00,0x00,0x00,0x00,0x00,0x00,0x90,0x0e,0x00,0x00,0x00,0x00,0x00,0x00,0x00,0x00,0x00,0x00,0x00,0x00,0x00,0x00,
    0x01,0x00,0x00,0x00,0x00,0x00,0x00,0x00,0x00,0x00,0x00,0x00,0x00,0x00,0x00,0x00,0x4d,0x00,0x00,0x00,0x01,0x00,0x00,0x00,
    0x00,0x00,0x00,0x00,0x00,0x00,0x00,0x00,0x00,0x00,0x00,0x00,0x00,0x00,0x00,0x00,0x70,0x11,0x00,0x00,0x00,0x00,0x00,0x00,
    0x00,0x00,0x00,0x00,0x00,0x00,0x00,0x00,0x00,0x00,0x00,0x00,0x00,0x00,0x00,0x00,0x01,0x00,0x00,0x00,0x00,0x00,0x00,0x00,
    0x00,0x00,0x00,0x00,0x00,0x00,0x00,0x00,0x62,0x00,0x00,0x00,0x01,0x00,0x00,0x00,0x30,0x00,0x00,0x00,0x00,0x00,0x00,0x00,
    0x00,0x00,0x00,0x00,0x00,0x00,0x00,0x00,0x70,0x11,0x00,0x00,0x00,0x00,0x00,0x00,0x3b,0x00,0x00,0x00,0x00,0x00,0x00,0x00,
    0x00,0x00,0x00,0x00,0x00,0x00,0x00,0x00,0x01,0x00,0x00,0x00,0x00,0x00,0x00,0x00,0x01,0x00,0x00,0x00,0x00,0x00,0x00,0x00,
    0x6b,0x00,0x00,0x00,0x02,0x00,0x00,0x00,0x00,0x00,0x00,0x00,0x00,0x00,0x00,0x00,0x00,0x00,0x00,0x00,0x00,0x00,0x00,0x00,
    0xb0,0x11,0x00,0x00,0x00,0x00,0x00,0x00,0x38,0x01,0x00,0x00,0x00,0x00,0x00,0x00,0x0e,0x00,0x00,0x00,0x0a,0x00,0x00,0x00,
    0x08,0x00,0x00,0x00,0x00,0x00,0x00,0x00,0x18,0x00,0x00,0x00,0x00,0x00,0x00,0x00,0x73,0x00,0x00,0x00,0x03,0x00,0x00,0x00,
    0x00,0x00,0x00,0x00,0x00,0x00,0x00,0x00,0x00,0x00,0x00,0x00,0x00,0x00,0x00,0x00,0xe8,0x12,0x00,0x00,0x00,0x00,0x00,0x00,
    0x85,0x00,0x00,0x00,0x00,0x00,0x00,0x00,0x00,0x00,0x00,0x00,0x00,0x00,0x00,0x00,0x01,0x00,0x00,0x00,0x00,0x00,0x00,0x00,
    0x00,0x00,0x00,0x00,0x00,0x00,0x00,0x00,0x7d,0x00,0x00,0x00,0x03,0x00,0x00,0x00,0x00,0x00,0x00,0x00,0x00,0x00,0x00,0x00,
    0x00,0x00,0x00,0x00,0x00,0x00,0x00,0x00,0x6d,0x13,0x00,0x00,0x00,0x00,0x00,0x00,0x4b,0x01,0x00,0x00,0x00,0x00,0x00,0x00,
    0x00,0x00,0x00,0x00,0x00,0x00,0x00,0x00,0x01,0x00,0x00,0x00,0x00,0x00,0x00,0x00,0x00,0x00,0x00,0x00,0x00,0x00,0x00,0x00,
};
// gfx9-4-generic signal_mailbox_service: e_flags=0x0100055f, 7808 bytes
inline constexpr uint8_t signal_mailbox_service[] = {
    0x7f,0x45,0x4c,0x46,0x02,0x01,0x01,0x40,0x04,0x00,0x00,0x00,0x00,0x00,0x00,0x00,0x03,0x00,0xe0,0x00,0x01,0x00,0x00,0x00,
    0x00,0x00,0x00,0x00,0x00,0x00,0x00,0x00,0x40,0x00,0x00,0x00,0x00,0x00,0x00,0x00,0xc0,0x1a,0x00,0x00,0x00,0x00,0x00,0x00,
    0x5f,0x05,0x00,0x01,0x40,0x00,0x38,0x00,0x08,0x00,0x40,0x00,0x0f,0x00,0x0d,0x00,0x06,0x00,0x00,0x00,0x04,0x00,0x00,0x00,
    0x40,0x00,0x00,0x00,0x00,0x00,0x00,0x00,0x40,0x00,0x00,0x00,0x00,0x00,0x00,0x00,0x40,0x00,0x00,0x00,0x00,0x00,0x00,0x00,
    0xc0,0x01,0x00,0x00,0x00,0x00,0x00,0x00,0xc0,0x01,0x00,0x00,0x00,0x00,0x00,0x00,0x08,0x00,0x00,0x00,0x00,0x00,0x00,0x00,
    0x01,0x00,0x00,0x00,0x04,0x00,0x00,0x00,0x00,0x00,0x00,0x00,0x00,0x00,0x00,0x00,0x00,0x00,0x00,0x00,0x00,0x00,0x00,0x00,
    0x00,0x00,0x00,0x00,0x00,0x00,0x00,0x00,0x80,0x06,0x00,0x00,0x00,0x00,0x00,0x00,0x80,0x06,0x00,0x00,0x00,0x00,0x00,0x00,
    0x00,0x10,0x00,0x00,0x00,0x00,0x00,0x00,0x01,0x00,0x00,0x00,0x05,0x00,0x00,0x00,0x00,0x07,0x00,0x00,0x00,0x00,0x00,0x00,
    0x00,0x17,0x00,0x00,0x00,0x00,0x00,0x00,0x00,0x17,0x00,0x00,0x00,0x00,0x00,0x00,0xc0,0x0f,0x00,0x00,0x00,0x00,0x00,0x00,
    0xc0,0x0f,0x00,0x00,0x00,0x00,0x00,0x00,0x00,0x10,0x00,0x00,0x00,0x00,0x00,0x00,0x01,0x00,0x00,0x00,0x06,0x00,0x00,0x00,
    0xc0,0x16,0x00,0x00,0x00,0x00,0x00,0x00,0xc0,0x36,0x00,0x00,0x00,0x00,0x00,0x00,0xc0,0x36,0x00,0x00,0x00,0x00,0x00,0x00,
    0x70,0x00,0x00,0x00,0x00,0x00,0x00,0x00,0x40,0x09,0x00,0x00,0x00,0x00,0x00,0x00,0x00,0x10,0x00,0x00,0x00,0x00,0x00,0x00,
    0x02,0x00,0x00,0x00,0x06,0x00,0x00,0x00,0xc0,0x16,0x00,0x00,0x00,0x00,0x00,0x00,0xc0,0x36,0x00,0x00,0x00,0x00,0x00,0x00,
    0xc0,0x36,0x00,0x00,0x00,0x00,0x00,0x00,0x70,0x00,0x00,0x00,0x00,0x00,0x00,0x00,0x70,0x00,0x00,0x00,0x00,0x00,0x00,0x00,
    0x08,0x00,0x00,0x00,0x00,0x00,0x00,0x00,0x52,0xe5,0x74,0x64,0x04,0x00,0x00,0x00,0xc0,0x16,0x00,0x00,0x00,0x00,0x00,0x00,
    0xc0,0x36,0x00,0x00,0x00,0x00,0x00,0x00,0xc0,0x36,0x00,0x00,0x00,0x00,0x00,0x00,0x70,0x00,0x00,0x00,0x00,0x00,0x00,0x00,
    0x40,0x09,0x00,0x00,0x00,0x00,0x00,0x00,0x01,0x00,0x00,0x00,0x00,0x00,0x00,0x00,0x51,0xe5,0x74,0x64,0x06,0x00,0x00,0x00,
    0x00,0x00,0x00,0x00,0x00,0x00,0x00,0x00,0x00,0x00,0x00,0x00,0x00,0x00,0x00,0x00,0x00,0x00,0x00,0x00,0x00,0x00,0x00,0x00,
    0x00,0x00,0x00,0x00,0x00,0x00,0x00,0x00,0x00,0x00,0x00,0x00,0x00,0x00,0x00,0x00,0x00,0x00,0x00,0x00,0x00,0x00,0x00,0x00,
    0x04,0x00,0x00,0x00,0x04,0x00,0x00,0x00,0x00,0x02,0x00,0x00,0x00,0x00,0x00,0x00,0x00,0x02,0x00,0x00,0x00,0x00,0x00,0x00,
    0x00,0x02,0x00,0x00,0x00,0x00,0x00,0x00,0xfc,0x02,0x00,0x00,0x00,0x00,0x00,0x00,0xfc,0x02,0x00,0x00,0x00,0x00,0x00,0x00,
    0x04,0x00,0x00,0x00,0x00,0x00,0x00,0x00,0x07,0x00,0x00,0x00,0xe6,0x02,0x00,0x00,0x20,0x00,0x00,0x00,0x41,0x4d,0x44,0x47,
    0x50,0x55,0x00,0x00,0x83,0xae,0x61,0x6d,0x64,0x68,0x73,0x61,0x2e,0x6b,0x65,0x72,0x6e,0x65,0x6c,0x73,0x91,0xde,0x00,0x12,
    0xab,0x2e,0x61,0x67,0x70,0x72,0x5f,0x63,0x6f,0x75,0x6e,0x74,0x00,0xa5,0x2e,0x61,0x72,0x67,0x73,0x94,0x85,0xae,0x2e,0x61,
    0x64,0x64,0x72,0x65,0x73,0x73,0x5f,0x73,0x70,0x61,0x63,0x65,0xa6,0x67,0x6c,0x6f,0x62,0x61,0x6c,0xa7,0x2e,0x6f,0x66,0x66,
    0x73,0x65,0x74,0x00,0xa5,0x2e,0x73,0x69,0x7a,0x65,0x08,0xaa,0x2e,0x74,0x79,0x70,0x65,0x5f,0x6e,0x61,0x6d,0x65,0xa6,0x75,
    0x6c,0x6f,0x6e,0x67,0x2a,0xab,0x2e,0x76,0x61,0x6c,0x75,0x65,0x5f,0x6b,0x69,0x6e,0x64,0xad,0x67,0x6c,0x6f,0x62,0x61,0x6c,
    0x5f,0x62,0x75,0x66,0x66,0x65,0x72,0x85,0xae,0x2e,0x61,0x64,0x64,0x72,0x65,0x73,0x73,0x5f,0x73,0x70,0x61,0x63,0x65,0xa6,
    0x67,0x6c,0x6f,0x62,0x61,0x6c,0xa7,0x2e,0x6f,0x66,0x66,0x73,0x65,0x74,0x08,0xa5,0x2e,0x73,0x69,0x7a,0x65,0x08,0xaa,0x2e,
    0x74,0x79,0x70,0x65,0x5f,0x6e,0x61,0x6d,0x65,0xa6,0x75,0x6c,0x6f,0x6e,0x67,0x2a,0xab,0x2e,0x76,0x61,0x6c,0x75,0x65,0x5f,
    0x6b,0x69,0x6e,0x64,0xad,0x67,0x6c,0x6f,0x62,0x61,0x6c,0x5f,0x62,0x75,0x66,0x66,0x65,0x72,0x84,0xa7,0x2e,0x6f,0x66,0x66,
    0x73,0x65,0x74,0x10,0xa5,0x2e,0x73,0x69,0x7a,0x65,0x08,0xaa,0x2e,0x74,0x79,0x70,0x65,0x5f,0x6e,0x61,0x6d,0x65,0xa5,0x75,
    0x6c,0x6f,0x6e,0x67,0xab,0x2e,0x76,0x61,0x6c,0x75,0x65,0x5f,0x6b,0x69,0x6e,0x64,0xa8,0x62,0x79,0x5f,0x76,0x61,0x6c,0x75,
    0x65,0x84,0xa7,0x2e,0x6f,0x66,0x66,0x73,0x65,0x74,0x18,0xa5,0x2e,0x73,0x69,0x7a,0x65,0x08,0xaa,0x2e,0x74,0x79,0x70,0x65,
    0x5f,0x6e,0x61,0x6d,0x65,0xa5,0x75,0x6c,0x6f,0x6e,0x67,0xab,0x2e,0x76,0x61,0x6c,0x75,0x65,0x5f,0x6b,0x69,0x6e,0x64,0xa8,
    0x62,0x79,0x5f,0x76,0x61,0x6c,0x75,0x65,0xb9,0x2e,0x67,0x72,0x6f,0x75,0x70,0x5f,0x73,0x65,0x67,0x6d,0x65,0x6e,0x74,0x5f,
    0x66,0x69,0x78,0x65,0x64,0x5f,0x73,0x69,0x7a,0x65,0x00,0xb6,0x2e,0x6b,0x65,0x72,0x6e,0x61,0x72,0x67,0x5f,0x73,0x65,0x67,
    0x6d,0x65,0x6e,0x74,0x5f,0x61,0x6c,0x69,0x67,0x6e,0x08,0xb5,0x2e,0x6b,0x65,0x72,0x6e,0x61,0x72,0x67,0x5f,0x73,0x65,0x67,
    0x6d,0x65,0x6e,0x74,0x5f,0x73,0x69,0x7a,0x65,0x20,0xa9,0x2e,0x6c,0x61,0x6e,0x67,0x75,0x61,0x67,0x65,0xa8,0x4f,0x70,0x65,
    0x6e,0x43,0x4c,0x20,0x43,0xb1,0x2e,0x6c,0x61,0x6e,0x67,0x75,0x61,0x67,0x65,0x5f,0x76,0x65,0x72,0x73,0x69,0x6f,0x6e,0x92,
    0x02,0x00,0xb8,0x2e,0x6d,0x61,0x78,0x5f,0x66,0x6c,0x61,0x74,0x5f,0x77,0x6f,0x72,0x6b,0x67,0x72,0x6f,0x75,0x70,0x5f,0x73,
    0x69,0x7a,0x65,0x20,0xa5,0x2e,0x6e,0x61,0x6d,0x65,0xb6,0x73,0x69,0x67,0x6e,0x61,0x6c,0x5f,0x6d,0x61,0x69,0x6c,0x62,0x6f,
    0x78,0x5f,0x73,0x65,0x72,0x76,0x69,0x63,0x65,0xbb,0x2e,0x70,0x72,0x69,0x76,0x61,0x74,0x65,0x5f,0x73,0x65,0x67,0x6d,0x65,
    0x6e,0x74,0x5f,0x66,0x69,0x78,0x65,0x64,0x5f,0x73,0x69,0x7a,0x65,0x00,0xb4,0x2e,0x72,0x65,0x71,0x64,0x5f,0x77,0x6f,0x72,
    0x6b,0x67,0x72,0x6f,0x75,0x70,0x5f,0x73,0x69,0x7a,0x65,0x93,0x20,0x01,0x01,0xab,0x2e,0x73,0x67,0x70,0x72,0x5f,0x63,0x6f,
    0x75,0x6e,0x74,0x22,0xb1,0x2e,0x73,0x67,0x70,0x72,0x5f,0x73,0x70,0x69,0x6c,0x6c,0x5f,0x63,0x6f,0x75,0x6e,0x74,0x00,0xa7,
    0x2e,0x73,0x79,0x6d,0x62,0x6f,0x6c,0xb9,0x73,0x69,0x67,0x6e,0x61,0x6c,0x5f,0x6d,0x61,0x69,0x6c,0x62,0x6f,0x78,0x5f,0x73,
    0x65,0x72,0x76,0x69,0x63,0x65,0x2e,0x6b,0x64,0xb3,0x2e,0x75,0x73,0x65,0x73,0x5f,0x64,0x79,0x6e,0x61,0x6d,0x69,0x63,0x5f,
    0x73,0x74,0x61,0x63,0x6b,0xc2,0xab,0x2e,0x76,0x67,0x70,0x72,0x5f,0x63,0x6f,0x75,0x6e,0x74,0x10,0xb1,0x2e,0x76,0x67,0x70,
    0x72,0x5f,0x73,0x70,0x69,0x6c,0x6c,0x5f,0x63,0x6f,0x75,0x6e,0x74,0x00,0xaf,0x2e,0x77,0x61,0x76,0x65,0x66,0x72,0x6f,0x6e,
    0x74,0x5f,0x73,0x69,0x7a,0x65,0x40,0xad,0x61,0x6d,0x64,0x68,0x73,0x61,0x2e,0x74,0x61,0x72,0x67,0x65,0x74,0xd9,0x21,0x61,
    0x6d,0x64,0x67,0x63,0x6e,0x2d,0x61,0x6d,0x64,0x2d,0x61,0x6d,0x64,0x68,0x73,0x61,0x2d,0x2d,0x67,0x66,0x78,0x39,0x2d,0x34,
    0x2d,0x67,0x65,0x6e,0x65,0x72,0x69,0x63,0xae,0x61,0x6d,0x64,0x68,0x73,0x61,0x2e,0x76,0x65,0x72,0x73,0x69,0x6f,0x6e,0x92,
    0x01,0x02,0x00,0x00,0x00,0x00,0x00,0x00,0x00,0x00,0x00,0x00,0x00,0x00,0x00,0x00,0x00,0x00,0x00,0x00,0x00,0x00,0x00,0x00,
    0x00,0x00,0x00,0x00,0x00,0x00,0x00,0x00,0x01,0x00,0x00,0x00,0x12,0x03,0x07,0x00,0x00,0x17,0x00,0x00,0x00,0x00,0x00,0x00,
    0x1c,0x06,0x00,0x00,0x00,0x00,0x00,0x00,0x18,0x00,0x00,0x00,0x11,0x03,0x06,0x00,0x40,0x06,0x00,0x00,0x00,0x00,0x00,0x00,
    0x40,0x00,0x00,0x00,0x00,0x00,0x00,0x00,0x32,0x00,0x00,0x00,0x12,0x03,0x07,0x00,0x1c,0x1d,0x00,0x00,0x00,0x00,0x00,0x00,
    0x8c,0x05,0x00,0x00,0x00,0x00,0x00,0x00,0x01,0x00,0x00,0x00,0x01,0x00,0x00,0x00,0x01,0x00,0x00,0x00,0x1a,0x00,0x00,0x00,
    0x80,0x00,0x02,0x08,0x00,0x18,0x00,0x40,0x01,0x00,0x00,0x00,0xbe,0x02,0xfc,0xae,0xda,0xc3,0xfd,0x1e,0x11,0x45,0x69,0xb1,
    0x04,0x00,0x00,0x00,0x04,0x00,0x00,0x00,0x02,0x00,0x00,0x00,0x03,0x00,0x00,0x00,0x00,0x00,0x00,0x00,0x00,0x00,0x00,0x00,
    0x00,0x00,0x00,0x00,0x00,0x00,0x00,0x00,0x00,0x00,0x00,0x00,0x01,0x00,0x00,0x00,0x00,0x73,0x69,0x67,0x6e,0x61,0x6c,0x5f,
    0x6d,0x61,0x69,0x6c,0x62,0x6f,0x78,0x5f,0x73,0x65,0x72,0x76,0x69,0x63,0x65,0x00,0x73,0x69,0x67,0x6e,0x61,0x6c,0x5f,0x6d,
    0x61,0x69,0x6c,0x62,0x6f,0x78,0x5f,0x73,0x65,0x72,0x76,0x69,0x63,0x65,0x2e,0x6b,0x64,0x00,0x5f,0x5f,0x63,0x6c,0x61,0x6e,
    0x67,0x5f,0x6f,0x63,0x6c,0x5f,0x6b,0x65,0x72,0x6e,0x5f,0x69,0x6d,0x70,0x5f,0x73,0x69,0x67,0x6e,0x61,0x6c,0x5f,0x6d,0x61,
    0x69,0x6c,0x62,0x6f,0x78,0x5f,0x73,0x65,0x72,0x76,0x69,0x63,0x65,0x00,0x00,0x00,0x00,0x00,0x00,0x00,0x00,0x00,0x00,0x00,
    0x00,0x00,0x00,0x00,0x00,0x00,0x00,0x00,0x00,0x00,0x00,0x00,0x00,0x00,0x00,0x00,0x00,0x00,0x00,0x00,0x00,0x00,0x00,0x00,
    0x00,0x00,0x00,0x00,0x00,0x00,0x00,0x00,0x00,0x00,0x00,0x00,0x00,0x00,0x00,0x00,0x00,0x00,0x00,0x00,0x00,0x00,0x00,0x00,
    0x20,0x00,0x00,0x00,0x00,0x00,0x00,0x00,0xc0,0x10,0x00,0x00,0x00,0x00,0x00,0x00,0x00,0x00,0x00,0x00,0x00,0x00,0x00,0x00,
    0x00,0x00,0x00,0x00,0x00,0x00,0x00,0x00,0x00,0x00,0x00,0x00,0x03,0x00,0x00,0x00,0x01,0x01,0xaf,0x00,0x84,0x00,0x00,0x00,
    0x08,0x00,0x00,0x00,0x00,0x00,0x00,0x00,0x00,0x00,0x00,0x00,0x00,0x00,0x00,0x00,0x00,0x00,0x00,0x00,0x00,0x00,0x00,0x00,
    0x00,0x00,0x00,0x00,0x00,0x00,0x00,0x00,0x00,0x00,0x00,0x00,0x00,0x00,0x00,0x00,0x00,0x00,0x00,0x00,0x00,0x00,0x00,0x00,
    0x00,0x00,0x00,0x00,0x00,0x00,0x00,0x00,0x00,0x00,0x00,0x00,0x00,0x00,0x00,0x00,0x00,0x00,0x00,0x00,0x00,0x00,0x00,0x00,
    0x00,0x00,0x00,0x00,0x00,0x00,0x00,0x00,0x00,0x00,0x00,0x00,0x00,0x00,0x00,0x00,0x00,0x00,0x00,0x00,0x00,0x00,0x00,0x00,
    0x00,0x00,0x00,0x00,0x00,0x00,0x00,0x00,0x00,0x00,0x00,0x00,0x00,0x00,0x00,0x00,0x00,0x00,0x00,0x00,0x00,0x00,0x00,0x00,
    0x00,0x00,0x00,0x00,0x00,0x00,0x00,0x00,0x00,0x00,0x00,0x00,0x00,0x00,0x00,0x00,0x80,0x00,0x94,0x7d,0x6a,0x20,0x82,0xbe,
    0x83,0x01,0x88,0xbf,0x00,0x01,0x0e,0xc0,0x00,0x00,0x00,0x00,0xbf,0xff,0x10,0xb0,0xc0,0xff,0x12,0xb0,0x80,0x02,0x18,0x7e,
    0x81,0x70,0x00,0x7e,0x7f,0xc0,0x8c,0xbf,0x04,0xff,0x02,0x80,0x00,0x10,0x00,0x00,0x00,0x00,0xec,0xd0,0x0a,0x02,0x01,0x00,
    0x05,0x80,0x03,0x82,0x00,0x7e,0x80,0x86,0x0b,0x80,0x0b,0x85,0x0a,0x81,0x0a,0x85,0x06,0x88,0x06,0x80,0x07,0x80,0x07,0x82,
    0x04,0xff,0x0c,0x80,0x00,0x04,0x00,0x00,0x05,0x80,0x0d,0x82,0x81,0x01,0x8e,0xbe,0xc1,0x00,0x91,0xbe,0xc1,0x00,0x93,0xbe,
    0x00,0xc0,0xa0,0xe0,0x00,0x00,0x00,0x00,0x00,0x81,0x75,0xde,0x0c,0x00,0x04,0x00,0x05,0x00,0x82,0xbf,0x1a,0x80,0x06,0xbf,
    0xc1,0x01,0x80,0xbe,0x3f,0x01,0x85,0xbf,0x7e,0x00,0xea,0x89,0x50,0x01,0x86,0xbf,0x0a,0x01,0x94,0xbe,0x08,0x00,0x82,0xbf,
    0x14,0xc1,0x14,0x80,0x15,0xc1,0x15,0x82,0x14,0x80,0x12,0xbf,0x88,0x00,0x9a,0xbe,0xc1,0x80,0x96,0x85,0x80,0x01,0x98,0xbe,
    0x7e,0x16,0xea,0x86,0x14,0x00,0x87,0xbf,0x00,0x80,0x55,0xde,0x0c,0x00,0x04,0x00,0x70,0x0f,0x8c,0xbf,0x00,0xc0,0xa4,0xe0,
    0x00,0x00,0x00,0x00,0x80,0x81,0x55,0xde,0x0c,0x00,0x04,0x02,0x70,0x0f,0x8c,0xbf,0x00,0xc0,0xa4,0xe0,0x00,0x00,0x00,0x00,
    0xc1,0x01,0x98,0xbe,0xc1,0x01,0x96,0xbe,0x0e,0x00,0xd4,0x7d,0x00,0x00,0xea,0xd0,0x80,0x04,0x02,0x00,0xee,0xff,0x87,0xbf,
    0x7e,0x00,0xea,0x86,0xe6,0xff,0x87,0xbf,0x87,0x00,0x9a,0xbe,0xe9,0xff,0x82,0xbf,0x7e,0x18,0xea,0x86,0xdb,0xff,0x86,0xbf,
    0x7e,0x00,0xea,0x89,0x87,0x00,0x9a,0xbe,0xd8,0xff,0x87,0xbf,0x00,0x83,0x55,0xde,0x0c,0x00,0x04,0x00,0x89,0x00,0x9a,0xbe,
    0x70,0x0f,0x8c,0xbf,0x08,0x00,0xd6,0x7d,0xd2,0xff,0x87,0xbf,0x80,0x82,0x55,0xde,0x0c,0x00,0x04,0x04,0x70,0x0f,0x8c,0xbf,
    0x02,0x00,0x08,0xd2,0x04,0x01,0x41,0x00,0x12,0x04,0xd8,0x7d,0xcb,0xff,0x87,0xbf,0x00,0x00,0x8f,0xd2,0x86,0x00,0x02,0x00,
    0x06,0x00,0x08,0xd2,0x06,0x00,0x01,0x04,0x02,0x01,0x80,0xbe,0x0c,0x01,0x94,0xbe,0x01,0x00,0x82,0xbf,0x0d,0x01,0x82,0xbf,
    0x00,0x80,0x55,0xde,0x0c,0x00,0x14,0x08,0x08,0x80,0x55,0xde,0x0c,0x00,0x14,0x00,0x10,0x80,0x55,0xde,0x0c,0x00,0x14,0x02,
    0x72,0x0f,0x8c,0xbf,0x85,0x10,0xc8,0x7d,0x13,0x00,0x87,0xbf,0x86,0x10,0xc2,0x7d,0x15,0x00,0x86,0xbf,0x87,0x10,0xc2,0x7d,
    0xc1,0x01,0x96,0xbe,0x80,0x01,0x9a,0xbe,0x80,0x01,0x98,0xbe,0x13,0x00,0x86,0xbf,0x88,0x10,0xc2,0x7d,0xe7,0x00,0x86,0xbf,
    0x89,0x10,0xd4,0x7d,0x80,0x01,0x96,0xbe,0xe4,0x00,0x86,0xbf,0x00,0x80,0x55,0xde,0x06,0x00,0x7f,0x0a,0x70,0x0f,0x8c,0xbf,
    0x00,0xc0,0xa4,0xe0,0x00,0x00,0x00,0x00,0xc1,0x01,0x98,0xbe,0xdd,0x00,0x82,0xbf,0x80,0x01,0x98,0xbe,0x80,0x01,0x96,0xbe,
    0x46,0x00,0x89,0xbf,0xb9,0x00,0x82,0xbf,0xc1,0x01,0x9a,0xbe,0x80,0x01,0x98,0xbe,0x80,0x01,0x96,0xbe,0x7e,0x1a,0xea,0x86,
    0x3f,0x00,0x86,0xbf,0x85,0x10,0xc2,0x7d,0xc1,0x01,0x98,0xbe,0x21,0x00,0x86,0xbf,0x7e,0x01,0x9a,0xbe,0x70,0x0f,0x8c,0xbf,
    0x02,0x00,0x8c,0xd2,0x1a,0x00,0x01,0x00,0x0a,0x00,0x8d,0xd2,0x1b,0x04,0x02,0x00,0x80,0x14,0x94,0x7d,0x6a,0x20,0x98,0xbe,
    0x0d,0x00,0x88,0xbf,0x1a,0x0d,0x9a,0xbe,0x1a,0x81,0x1a,0x86,0x03,0x00,0x85,0xd2,0x01,0x35,0x00,0x00,0x02,0x00,0x85,0xd2,
    0x00,0x35,0x00,0x00,0x00,0xc0,0xa0,0xe0,0x00,0x00,0x00,0x00,0x00,0x80,0xa9,0xdf,0x06,0x02,0x7f,0x02,0x70,0x0f,0x8c,0xbf,
    0x00,0xc0,0xa4,0xe0,0x00,0x00,0x00,0x00,0x7e,0x18,0xfe,0x87,0x02,0x05,0x32,0x7e,0x81,0x14,0x04,0x26,0x03,0x05,0x30,0x7e,
    0x03,0x00,0x85,0xd2,0x01,0x05,0x02,0x00,0x02,0x00,0x85,0xd2,0x00,0x05,0x02,0x00,0x18,0x06,0x16,0x2a,0x19,0x04,0x14,0x2a,
    0x80,0x01,0x98,0xbe,0x7e,0x18,0xea,0x86,0x18,0x00,0x86,0xbf,0x70,0x0f,0x8c,0xbf,0x02,0x00,0x8c,0xd2,0x7e,0x00,0x01,0x00,
    0x02,0x00,0x8d,0xd2,0x7f,0x04,0x02,0x00,0x80,0x04,0x94,0x7d,0x6a,0x20,0x98,0xbe,0x07,0x00,0x88,0xbf,0x00,0xc0,0xa0,0xe0,
    0x00,0x00,0x00,0x00,0x00,0x80,0xa5,0xdf,0x06,0x00,0x7f,0x02,0x70,0x0f,0x8c,0xbf,0x00,0xc0,0xa4,0xe0,0x00,0x00,0x00,0x00,
    0x7e,0x18,0xfe,0x87,0x03,0x05,0x30,0x7e,0x02,0x05,0x32,0x7e,0x02,0x00,0x00,0xd1,0x01,0x01,0xa9,0x01,0x03,0x00,0x00,0xd1,
    0x00,0x01,0xa9,0x01,0x18,0x04,0x16,0x28,0x19,0x06,0x14,0x28,0xc1,0x01,0x98,0xbe,0x74,0x00,0x82,0xbf,0x82,0x10,0xc2,0x7d,
    0xc1,0x01,0x9a,0xbe,0x44,0x00,0x86,0xbf,0x83,0x10,0xc2,0x7d,0xc1,0x01,0x98,0xbe,0x19,0x00,0x86,0xbf,0x70,0x0f,0x8c,0xbf,
    0x02,0x00,0x8c,0xd2,0x7e,0x00,0x01,0x00,0x02,0x00,0x8d,0xd2,0x7f,0x04,0x02,0x00,0x80,0x04,0x94,0x7d,0x6a,0x20,0x98,0xbe,
    0x07,0x00,0x88,0xbf,0x00,0xc0,0xa0,0xe0,0x00,0x00,0x00,0x00,0x00,0x80,0xa1,0xdf,0x06,0x00,0x7f,0x02,0x70,0x0f,0x8c,0xbf,
    0x00,0xc0,0xa4,0xe0,0x00,0x00,0x00,0x00,0x7e,0x18,0xfe,0x87,0x03,0x05,0x30,0x7e,0x02,0x05,0x32,0x7e,0x02,0x00,0x00,0xd1,
    0x01,0x83,0xa9,0x01,0x03,0x00,0x00,0xd1,0x00,0x83,0xa9,0x01,0x18,0x04,0x16,0x26,0x19,0x06,0x14,0x26,0x80,0x01,0x98,0xbe,
    0x7e,0x18,0xea,0x86,0x24,0x00,0x86,0xbf,0x7e,0x01,0x9a,0xbe,0x70,0x0f,0x8c,0xbf,0x02,0x00,0x8c,0xd2,0x1a,0x00,0x01,0x00,
    0x0a,0x00,0x8d,0xd2,0x1b,0x04,0x02,0x00,0x80,0x14,0x94,0x7d,0x6a,0x20,0x98,0xbe,0x0f,0x00,0x88,0xbf,0x1a,0x0d,0x9a,0xbe,
    0x02,0x00,0x85,0xd2,0x01,0x35,0x00,0x00,0x03,0x00,0x86,0xd2,0x00,0x35,0x00,0x00,0x03,0x05,0x06,0x68,0x02,0x00,0x85,0xd2,
    0x00,0x35,0x00,0x00,0x00,0xc0,0xa0,0xe0,0x00,0x00,0x00,0x00,0x00,0x80,0x8d,0xdf,0x06,0x02,0x7f,0x02,0x70,0x0f,0x8c,0xbf,
    0x00,0xc0,0xa4,0xe0,0x00,0x00,0x00,0x00,0x7e,0x18,0xfe,0x87,0x03,0x05,0x34,0x7e,0x02,0x05,0x36,0x7e,0x02,0x18,0xe8,0xd1,
    0x00,0x15,0x02,0x02,0x03,0x03,0x1c,0x7e,0x0e,0x18,0xe8,0xd1,0x01,0x15,0x3a,0x04,0x1a,0x02,0x06,0x7e,0x1b,0x04,0x14,0x34,
    0x01,0x00,0x80,0xbf,0x03,0x1d,0x16,0x3a,0x80,0x01,0x9a,0xbe,0xc1,0x01,0x98,0xbe,0x7e,0x1a,0xea,0x89,0x2b,0x00,0x87,0xbf,
    0x81,0x10,0xc2,0x7d,0xc1,0x01,0x9a,0xbe,0x24,0x00,0x86,0xbf,0x7e,0x01,0x9a,0xbe,0x70,0x0f,0x8c,0xbf,0x02,0x00,0x8c,0xd2,
    0x1a,0x00,0x01,0x00,0x0d,0x00,0x8d,0xd2,0x1b,0x04,0x02,0x00,0x80,0x1a,0x94,0x7d,0x6a,0x20,0x98,0xbe,0x0f,0x00,0x88,0xbf,
    0x1a,0x0d,0x9a,0xbe,0x02,0x00,0x85,0xd2,0x01,0x35,0x00,0x00,0x03,0x00,0x86,0xd2,0x00,0x35,0x00,0x00,0x03,0x05,0x06,0x68,
    0x02,0x00,0x85,0xd2,0x00,0x35,0x00,0x00,0x00,0xc0,0xa0,0xe0,0x00,0x00,0x00,0x00,0x00,0x80,0x89,0xdf,0x06,0x02,0x7f,0x02,
    0x70,0x0f,0x8c,0xbf,0x00,0xc0,0xa4,0xe0,0x00,0x00,0x00,0x00,0x7e,0x18,0xfe,0x87,0x03,0x05,0x32,0x7e,0x02,0x05,0x30,0x7e,
    0x80,0x01,0x9a,0xbe,0x00,0x00,0x80,0xbf,0x0a,0x18,0xe8,0xd1,0x00,0x1b,0x62,0x00,0x0b,0x03,0x04,0x7e,0x02,0x18,0xe8,0xd1,
    0x01,0x1b,0x0a,0x04,0x02,0x03,0x16,0x7e,0xc1,0x01,0x98,0xbe,0x7e,0x1a,0xea,0x86,0x02,0x00,0x86,0xbf,0x16,0x00,0xea,0xd0,
    0x81,0x10,0x02,0x00,0x7e,0x16,0xea,0x86,0x09,0x00,0x86,0xbf,0x00,0xc0,0xa0,0xe0,0x00,0x00,0x00,0x00,0x70,0x0f,0x8c,0xbf,
    0x00,0x80,0x81,0xdf,0x06,0x00,0x7f,0x0a,0x70,0x0f,0x8c,0xbf,0x00,0xc0,0xa4,0xe0,0x00,0x00,0x00,0x00,0xc1,0x01,0x98,0xbe,
    0x7e,0x18,0xea,0x89,0x05,0x00,0x87,0xbf,0x80,0x00,0x9a,0xbe,0x00,0x80,0x75,0xde,0x0c,0x0a,0x00,0x00,0x15,0xff,0x88,0xbf,
    0x02,0x00,0x82,0xbf,0x89,0x00,0x9a,0xbe,0x12,0xff,0x82,0xbf,0x14,0x98,0x14,0x80,0x15,0x80,0x15,0x82,0x00,0x88,0x00,0x80,
    0x04,0x00,0x08,0xd2,0x04,0x01,0x05,0x03,0x01,0x80,0x01,0x82,0x8a,0x00,0x9a,0xbe,0x16,0x00,0xea,0xd0,0x80,0x08,0x02,0x00,
    0x7e,0x16,0xea,0x89,0x08,0xff,0x87,0xbf,0x14,0x00,0x82,0xbf,0x7e,0x16,0xea,0x86,0x27,0xff,0x86,0xbf,0x00,0xc0,0xa0,0xe0,
    0x00,0x00,0x00,0x00,0x70,0x0f,0x8c,0xbf,0x00,0x80,0x85,0xdf,0x06,0x00,0x7f,0x0a,0x70,0x0f,0x8c,0xbf,0x00,0xc0,0xa4,0xe0,
    0x00,0x00,0x00,0x00,0xc1,0x01,0x98,0xbe,0x1d,0xff,0x82,0xbf,0x0e,0x81,0x0e,0x80,0x0f,0x80,0x0f,0x82,0x0e,0x80,0x12,0xbf,
    0xc1,0x80,0x80,0x85,0x82,0x00,0x9a,0xbe,0x7e,0x00,0xea,0x89,0xbc,0xfe,0x87,0xbf,0x0b,0x00,0x82,0xbf,0x1a,0x8a,0x07,0xbf,
    0xb4,0xfe,0x85,0xbf,0x71,0x0f,0x8c,0xbf,0x0e,0x70,0x00,0x7e,0x80,0x00,0x9a,0xbe,0x00,0xc0,0xa0,0xe0,0x00,0x00,0x00,0x00,
    0x70,0x0f,0x8c,0xbf,0x80,0x80,0x75,0xde,0x0c,0x00,0x04,0x00,0xab,0xfe,0x82,0xbf,0x1a,0x88,0x02,0xbf,0xc1,0x01,0x80,0xbe,
    0x01,0x00,0x84,0xbf,0x80,0x01,0x80,0xbe,0x7e,0x00,0xea,0x89,0x83,0x01,0x80,0xbe,0x04,0x00,0x87,0xbf,0x1a,0x88,0x07,0xbf,
    0x81,0x01,0x80,0xbe,0x01,0x00,0x85,0xbf,0x82,0x01,0x80,0xbe,0x70,0x0f,0x8c,0xbf,0x80,0x02,0x04,0x7e,0x00,0x70,0x00,0x7e,
    0x00,0xc0,0xa0,0xe0,0x00,0x00,0x00,0x00,0x00,0x82,0x75,0xde,0x02,0x00,0x04,0x00,0x00,0x00,0x81,0xbf,0x00,0x00,0x8c,0xbf,
    0xff,0x3e,0x10,0x26,0xff,0x03,0x00,0x00,0x80,0x10,0x94,0x7d,0x6a,0x20,0x82,0xbe,0x5a,0x01,0x88,0xbf,0xff,0x01,0x80,0xbe,
    0x00,0x10,0x00,0x00,0x0a,0x00,0x08,0xd2,0x00,0x01,0x01,0x00,0x81,0x0c,0xd2,0x7d,0xff,0x01,0x80,0xbe,0x00,0x04,0x00,0x00,
    0xbf,0xff,0x08,0xb0,0x81,0x70,0x10,0x7e,0x80,0x0e,0x1a,0x00,0x81,0x0c,0x18,0x00,0x02,0x00,0x08,0xd2,0x02,0x01,0x21,0x02,
    0x0e,0x00,0x08,0xd2,0x00,0x01,0x01,0x00,0x81,0x01,0x86,0xbe,0x80,0x01,0x84,0xbe,0xc1,0x00,0x89,0xbe,0x00,0xc0,0xa0,0xe0,
    0x00,0x00,0x00,0x00,0x00,0x81,0x75,0xde,0x00,0x08,0x7f,0x00,0x05,0x00,0x82,0xbf,0x7e,0x00,0xfe,0x87,0x7e,0x0a,0x80,0x86,
    0x00,0x04,0x84,0x87,0x7e,0x04,0xfe,0x89,0x2b,0x01,0x88,0xbf,0x80,0x01,0x8e,0xbe,0x0c,0x71,0x0c,0x7e,0x10,0x00,0x82,0xbf,
    0x7e,0x16,0xfe,0x87,0x12,0x7e,0x92,0x89,0x00,0x7e,0x80,0x86,0x10,0x7e,0x90,0x89,0x12,0x00,0x92,0x87,0x7e,0x14,0xfe,0x87,
    0x7e,0x12,0x80,0x86,0x00,0x0e,0x8e,0x87,0x0a,0x7e,0x80,0x89,0x10,0x7e,0x8a,0x86,0x00,0x0a,0x8a,0x87,0x0c,0x7e,0x80,0x89,
    0x6a,0x7e,0x8c,0x86,0x00,0x0c,0x8c,0x87,0x7e,0x0e,0xfe,0x89,0x1c,0x00,0x88,0xbf,0x00,0x80,0x55,0xde,0x00,0x00,0x7f,0x08,
    0x70,0x0f,0x8c,0xbf,0x00,0xc0,0xa4,0xe0,0x00,0x00,0x00,0x00,0x80,0x81,0x55,0xde,0x00,0x00,0x7f,0x10,0x70,0x0f,0x8c,0xbf,
    0x00,0xc0,0xa4,0xe0,0x00,0x00,0x00,0x00,0x10,0x7e,0x90,0x87,0x12,0x7e,0x92,0x87,0x00,0x00,0xed,0xd0,0x06,0x10,0x02,0x00,
    0x80,0x20,0xd4,0x7d,0x00,0x20,0x94,0xbe,0xe4,0xff,0x88,0xbf,0xc1,0x01,0x80,0xbe,0x87,0x02,0x10,0x7e,0x6a,0x20,0x96,0xbe,
    0xdb,0xff,0x88,0xbf,0x06,0x00,0x08,0xd2,0x06,0x01,0x05,0x03,0x00,0x00,0xea,0xd0,0x80,0x0c,0x02,0x00,0x88,0x02,0x10,0x7e,
    0x00,0x7e,0x80,0x8a,0xd4,0xff,0x82,0xbf,0x7e,0x0e,0xfe,0x87,0x0a,0x20,0x80,0xbe,0x7e,0x00,0x80,0x88,0xec,0x00,0x88,0xbf,
    0x87,0x02,0x10,0x7e,0x0c,0x20,0x8a,0xbe,0xe8,0x00,0x88,0xbf,0x00,0x83,0x55,0xde,0x00,0x00,0x7f,0x06,0x89,0x02,0x10,0x7e,
    0x70,0x0f,0x8c,0xbf,0x06,0x09,0xd2,0x7d,0x6a,0x20,0x8c,0xbe,0xe0,0x00,0x88,0xbf,0x80,0x82,0x55,0xde,0x00,0x00,0x7f,0x10,
    0x70,0x0f,0x8c,0xbf,0x08,0x00,0x08,0xd2,0x10,0x01,0x21,0x00,0x08,0x10,0xd2,0x7d,0x89,0x02,0x10,0x7e,0x6a,0x20,0x8e,0xbe,
    0xd6,0x00,0x88,0xbf,0x06,0x00,0x8f,0xd2,0x86,0x0c,0x02,0x00,0x12,0x00,0x08,0xd2,0x02,0x01,0x19,0x04,0x80,0x01,0x90,0xbe,
    0x0e,0x71,0x28,0x7e,0x0a,0x71,0x2c,0x7e,0x05,0x00,0x82,0xbf,0x7e,0x16,0xfe,0x87,0x7e,0x12,0x92,0x86,0x12,0x10,0x90,0x87,
    0x7e,0x10,0xfe,0x89,0xbd,0x00,0x88,0xbf,0x00,0x80,0x55,0xde,0x14,0x00,0x7f,0x1a,0x08,0x80,0x55,0xde,0x14,0x00,0x7f,0x06,
    0x10,0x80,0x55,0xde,0x14,0x00,0x7f,0x08,0x80,0x01,0x96,0xbe,0x80,0x01,0x92,0xbe,0x72,0x0f,0x8c,0xbf,0x84,0x34,0xc2,0x7d,
    0x6a,0x20,0x94,0xbe,0x7e,0x14,0x94,0x88,0x46,0x00,0x88,0xbf,0x86,0x34,0xc2,0x7d,0x80,0x01,0x98,0xbe,0x6a,0x20,0x92,0xbe,
    0x7e,0x12,0x92,0x88,0x24,0x00,0x88,0xbf,0x87,0x34,0xc2,0x7d,0xc1,0x01,0x9a,0xbe,0x6a,0x20,0x96,0xbe,0x1d,0x00,0x88,0xbf,
    0x88,0x34,0xc2,0x7d,0x6a,0x20,0x9a,0xbe,0x7e,0x1a,0x9a,0x88,0x0b,0x00,0x88,0xbf,0x89,0x34,0xd4,0x7d,0x6a,0x20,0x9c,0xbe,
    0x06,0x00,0x88,0xbf,0x00,0x80,0x55,0xde,0x12,0x00,0x7f,0x18,0x70,0x0f,0x8c,0xbf,0x00,0xc0,0xa4,0xe0,0x00,0x00,0x00,0x00,
    0x7e,0x01,0x98,0xbe,0x7e,0x1c,0xfe,0x87,0x18,0x7e,0x98,0x86,0x1a,0x23,0x9a,0xbe,0x09,0x00,0x88,0xbf,0x00,0xc0,0xa0,0xe0,
    0x00,0x00,0x00,0x00,0x70,0x0f,0x8c,0xbf,0x00,0x80,0x85,0xdf,0x12,0x06,0x7f,0x18,0x70,0x0f,0x8c,0xbf,0x00,0xc0,0xa4,0xe0,
    0x00,0x00,0x00,0x00,0x18,0x7e,0x98,0x87,0x7e,0x1a,0xfe,0x87,0x18,0x7e,0x98,0x86,0x7e,0xc1,0x9a,0x88,0x7e,0x16,0xfe,0x87,
    0x18,0x7e,0x98,0x86,0x1a,0x7e,0x96,0x86,0x12,0x23,0x92,0xbe,0x18,0x00,0x88,0xbf,0x85,0x34,0xc2,0x7d,0x6a,0x20,0x9a,0xbe,
    0x7e,0x1a,0x9a,0x88,0x08,0x00,0x88,0xbf,0x00,0xc0,0xa0,0xe0,0x00,0x00,0x00,0x00,0x70,0x0f,0x8c,0xbf,0x00,0x80,0xa9,0xdf,
    0x12,0x06,0x7f,0x18,0x70,0x0f,0x8c,0xbf,0x00,0xc0,0xa4,0xe0,0x00,0x00,0x00,0x00,0x1a,0x23,0x9a,0xbe,0x08,0x00,0x88,0xbf,
    0x00,0xc0,0xa0,0xe0,0x00,0x00,0x00,0x00,0x70,0x0f,0x8c,0xbf,0x00,0x80,0xa5,0xdf,0x12,0x06,0x7f,0x18,0x70,0x0f,0x8c,0xbf,
    0x00,0xc0,0xa4,0xe0,0x00,0x00,0x00,0x00,0x7e,0x1a,0xfe,0x87,0x18,0x7e,0x98,0x87,0x7e,0x12,0xfe,0x87,0x18,0x7e,0x92,0x86,
    0x16,0x7e,0x96,0x86,0x14,0x23,0x94,0xbe,0x44,0x00,0x88,0xbf,0x82,0x34,0xc2,0x7d,0x12,0x01,0x98,0xbe,0x6a,0x20,0x9a,0xbe,
    0x7e,0x1a,0x9a,0x88,0x18,0x00,0x88,0xbf,0x83,0x34,0xc2,0x7d,0x6a,0x20,0x98,0xbe,0x7e,0x18,0x98,0x88,0x08,0x00,0x88,0xbf,
    0x00,0xc0,0xa0,0xe0,0x00,0x00,0x00,0x00,0x70,0x0f,0x8c,0xbf,0x00,0x80,0xa1,0xdf,0x12,0x06,0x7f,0x18,0x70,0x0f,0x8c,0xbf,
    0x00,0xc0,0xa4,0xe0,0x00,0x00,0x00,0x00,0x18,0x23,0x98,0xbe,0x08,0x00,0x88,0xbf,0x00,0xc0,0xa0,0xe0,0x00,0x00,0x00,0x00,
    0x70,0x0f,0x8c,0xbf,0x00,0x80,0x8d,0xdf,0x12,0x06,0x7f,0x18,0x70,0x0f,0x8c,0xbf,0x00,0xc0,0xa4,0xe0,0x00,0x00,0x00,0x00,
    0x7e,0x18,0xfe,0x87,0x12,0x7e,0x98,0x87,0x1a,0x21,0x9a,0xbe,0x16,0x01,0x9c,0xbe,0x7e,0x1a,0xfe,0x88,0x1c,0x00,0x88,0xbf,
    0x81,0x34,0xc2,0x7d,0x18,0x01,0x9c,0xbe,0x6a,0x20,0xa8,0xbe,0x7e,0x28,0xa8,0x88,0x09,0x00,0x88,0xbf,0x00,0xc0,0xa0,0xe0,
    0x00,0x00,0x00,0x00,0x70,0x0f,0x8c,0xbf,0x00,0x80,0x89,0xdf,0x12,0x06,0x7f,0x18,0x70,0x0f,0x8c,0xbf,0x00,0xc0,0xa4,0xe0,
    0x00,0x00,0x00,0x00,0x18,0x7e,0x9c,0x87,0x28,0x21,0xa8,0xbe,0x16,0x01,0xaa,0xbe,0x7e,0x28,0xfe,0x88,0x81,0x34,0xd4,0x7d,
    0x16,0x7e,0xaa,0x89,0x6a,0x7e,0xac,0x86,0x2a,0x2c,0xaa,0x87,0x7e,0x28,0xfe,0x87,0x18,0x7e,0x98,0x89,0x1c,0x7e,0x9c,0x86,
    0x18,0x1c,0x98,0x87,0x16,0x7e,0x9c,0x89,0x2a,0x7e,0xa8,0x86,0x1c,0x28,0x9c,0x87,0x7e,0x1a,0xfe,0x87,0x12,0x7e,0x92,0x89,
    0x18,0x7e,0x98,0x86,0x12,0x18,0x92,0x87,0x16,0x7e,0x96,0x89,0x1c,0x7e,0x98,0x86,0x16,0x18,0x96,0x87,0x7e,0x14,0xfe,0x87,
    0x16,0x20,0x94,0xbe,0x09,0x00,0x88,0xbf,0x00,0xc0,0xa0,0xe0,0x00,0x00,0x00,0x00,0x70,0x0f,0x8c,0xbf,0x00,0x80,0x81,0xdf,
    0x12,0x06,0x7f,0x18,0x70,0x0f,0x8c,0xbf,0x00,0xc0,0xa4,0xe0,0x00,0x00,0x00,0x00,0x12,0x7e,0x92,0x87,0x7e,0x14,0xfe,0x87,
    0x70,0x0f,0x8c,0xbf,0x89,0x02,0x10,0x7e,0x80,0x01,0x94,0xbe,0x12,0x20,0x96,0xbe,0x04,0x00,0x88,0xbf,0x7e,0x01,0x94,0xbe,
    0x80,0x02,0x10,0x7e,0x00,0x80,0x75,0xde,0x16,0x18,0x7f,0x00,0x7e,0x16,0xfe,0x87,0xc1,0x01,0x92,0xbe,0x14,0x20,0x96,0xbe,
    0x48,0xff,0x88,0xbf,0x10,0x00,0x08,0xd2,0x10,0x01,0x05,0x03,0x80,0x20,0xd4,0x7d,0x16,0x00,0x08,0xd2,0x16,0x01,0x21,0x02,
    0x14,0x00,0x08,0xd2,0x14,0x01,0x61,0x02,0x8a,0x02,0x10,0x7e,0x6a,0x7e,0x92,0x8a,0x3e,0xff,0x82,0xbf,0x7e,0x10,0xfe,0x87,
    0x8a,0x10,0x94,0x7d,0x6a,0x20,0x90,0xbe,0x07,0x00,0x88,0xbf,0x06,0x70,0x0c,0x7e,0x80,0x02,0x10,0x7e,0x00,0xc0,0xa0,0xe0,
    0x00,0x00,0x00,0x00,0x70,0x0f,0x8c,0xbf,0x80,0x80,0x75,0xde,0x00,0x06,0x7f,0x00,0x7e,0x10,0xfe,0x87,0x7e,0x0e,0xfe,0x87,
    0x7e,0x0c,0xfe,0x87,0x7e,0x0a,0xfe,0x87,0x7e,0x00,0xfe,0x87,0x80,0x10,0x94,0x7d,0xc1,0x01,0x8a,0xbe,0x6a,0x20,0x80,0xbe,
    0xd7,0xfe,0x88,0xbf,0x06,0x81,0x06,0x80,0x07,0x80,0x07,0x82,0x06,0x80,0x12,0xbf,0xc1,0x80,0x8a,0x85,0x82,0x02,0x10,0x7e,
    0x0a,0x7e,0x8a,0x8a,0xd0,0xfe,0x82,0xbf,0x7e,0x04,0xfe,0x87,0x88,0x10,0x82,0x7d,0x6a,0x20,0x80,0xbe,0x7e,0x00,0x80,0x88,
    0x00,0x21,0x80,0xbe,0x83,0x70,0x04,0x7e,0x7e,0x00,0xfe,0x88,0x05,0x00,0x88,0xbf,0x88,0x10,0x94,0x7d,0x81,0x70,0x04,0x7e,
    0x6a,0x20,0x84,0xbe,0x82,0x70,0x04,0x7e,0x7e,0x04,0xfe,0x87,0x7e,0x00,0xfe,0x87,0x00,0xc0,0xa0,0xe0,0x00,0x00,0x00,0x00,
    0x70,0x0f,0x8c,0xbf,0x00,0x82,0x75,0xde,0x00,0x02,0x7f,0x00,0x7e,0x02,0xfe,0x87,0x70,0x0f,0x8c,0xbf,0x1e,0x1d,0x80,0xbe,
    0x00,0x00,0x80,0xbf,0x00,0x00,0x80,0xbf,0x00,0x00,0x80,0xbf,0x00,0x00,0x80,0xbf,0x00,0x00,0x80,0xbf,0x00,0x00,0x80,0xbf,
    0x00,0x00,0x80,0xbf,0x00,0x00,0x80,0xbf,0x00,0x00,0x80,0xbf,0x00,0x00,0x80,0xbf,0x00,0x00,0x80,0xbf,0x00,0x00,0x80,0xbf,
    0x00,0x00,0x80,0xbf,0x00,0x00,0x80,0xbf,0x00,0x00,0x80,0xbf,0x00,0x00,0x80,0xbf,0x00,0x00,0x80,0xbf,0x00,0x00,0x80,0xbf,
    0x00,0x00,0x80,0xbf,0x00,0x00,0x80,0xbf,0x00,0x00,0x80,0xbf,0x00,0x00,0x80,0xbf,0x00,0x00,0x80,0xbf,0x00,0x00,0x80,0xbf,
    0x00,0x00,0x80,0xbf,0x00,0x00,0x80,0xbf,0x00,0x00,0x80,0xbf,0x00,0x00,0x80,0xbf,0x00,0x00,0x80,0xbf,0x00,0x00,0x80,0xbf,
    0x00,0x00,0x80,0xbf,0x00,0x00,0x80,0xbf,0x00,0x00,0x80,0xbf,0x00,0x00,0x80,0xbf,0x00,0x00,0x80,0xbf,0x00,0x00,0x80,0xbf,
    0x00,0x00,0x80,0xbf,0x00,0x00,0x80,0xbf,0x00,0x00,0x80,0xbf,0x00,0x00,0x80,0xbf,0x00,0x00,0x80,0xbf,0x00,0x00,0x80,0xbf,
    0x00,0x00,0x80,0xbf,0x00,0x00,0x80,0xbf,0x00,0x00,0x80,0xbf,0x00,0x00,0x80,0xbf,0x00,0x00,0x80,0xbf,0x00,0x00,0x80,0xbf,
    0x00,0x00,0x80,0xbf,0x00,0x00,0x80,0xbf,0x00,0x00,0x80,0xbf,0x00,0x00,0x80,0xbf,0x00,0x00,0x80,0xbf,0x00,0x00,0x80,0xbf,
    0x00,0x00,0x80,0xbf,0x00,0x00,0x80,0xbf,0x00,0x00,0x80,0xbf,0x00,0x00,0x80,0xbf,0x00,0x00,0x80,0xbf,0x00,0x00,0x80,0xbf,
    0x00,0x00,0x80,0xbf,0x00,0x00,0x80,0xbf,0x00,0x00,0x80,0xbf,0x00,0x00,0x80,0xbf,0x00,0x00,0x80,0xbf,0x00,0x00,0x80,0xbf,
    0x00,0x00,0x80,0xbf,0x00,0x00,0x80,0xbf,0x00,0x00,0x80,0xbf,0x00,0x00,0x80,0xbf,0x00,0x00,0x80,0xbf,0x00,0x00,0x80,0xbf,
    0x00,0x00,0x80,0xbf,0x00,0x00,0x80,0xbf,0x00,0x00,0x80,0xbf,0x00,0x00,0x80,0xbf,0x00,0x00,0x80,0xbf,0x00,0x00,0x80,0xbf,
    0x00,0x00,0x80,0xbf,0x00,0x00,0x80,0xbf,0x00,0x00,0x80,0xbf,0x00,0x00,0x80,0xbf,0x00,0x00,0x80,0xbf,0x00,0x00,0x80,0xbf,
    0x00,0x00,0x80,0xbf,0x00,0x00,0x80,0xbf,0x00,0x00,0x80,0xbf,0x00,0x00,0x80,0xbf,0x00,0x00,0x80,0xbf,0x00,0x00,0x80,0xbf,
    0x00,0x00,0x80,0xbf,0x00,0x00,0x80,0xbf,0x00,0x00,0x80,0xbf,0x00,0x00,0x80,0xbf,0x00,0x00,0x80,0xbf,0x00,0x00,0x80,0xbf,
    0x00,0x00,0x80,0xbf,0x00,0x00,0x80,0xbf,0x00,0x00,0x80,0xbf,0x00,0x00,0x80,0xbf,0x00,0x00,0x80,0xbf,0x00,0x00,0x80,0xbf,
    0x00,0x00,0x80,0xbf,0x00,0x00,0x80,0xbf,0x00,0x00,0x80,0xbf,0x00,0x00,0x80,0xbf,0x00,0x00,0x80,0xbf,0x00,0x00,0x80,0xbf,
    0x00,0x00,0x80,0xbf,0x00,0x00,0x80,0xbf,0x00,0x00,0x80,0xbf,0x00,0x00,0x80,0xbf,0x00,0x00,0x80,0xbf,0x00,0x00,0x80,0xbf,
    0x00,0x00,0x80,0xbf,0x00,0x00,0x80,0xbf,0x00,0x00,0x80,0xbf,0x00,0x00,0x80,0xbf,0x00,0x00,0x80,0xbf,0x00,0x00,0x80,0xbf,
    0x00,0x00,0x80,0xbf,0x00,0x00,0x80,0xbf,0x00,0x00,0x80,0xbf,0x00,0x00,0x80,0xbf,0x00,0x00,0x80,0xbf,0x00,0x00,0x80,0xbf,
    0x00,0x00,0x80,0xbf,0x00,0x00,0x80,0xbf,0x00,0x00,0x80,0xbf,0x00,0x00,0x80,0xbf,0x00,0x00,0x80,0xbf,0x00,0x00,0x80,0xbf,
    0x00,0x00,0x80,0xbf,0x00,0x00,0x80,0xbf,0x00,0x00,0x80,0xbf,0x00,0x00,0x80,0xbf,0x00,0x00,0x80,0xbf,0x00,0x00,0x80,0xbf,
    0x00,0x00,0x80,0xbf,0x00,0x00,0x80,0xbf,0x00,0x00,0x80,0xbf,0x00,0x00,0x80,0xbf,0x00,0x00,0x80,0xbf,0x00,0x00,0x80,0xbf,
    0x00,0x00,0x80,0xbf,0x00,0x00,0x80,0xbf,0x00,0x00,0x80,0xbf,0x00,0x00,0x80,0xbf,0x00,0x00,0x80,0xbf,0x00,0x00,0x80,0xbf,
    0x00,0x00,0x80,0xbf,0x00,0x00,0x80,0xbf,0x00,0x00,0x80,0xbf,0x00,0x00,0x80,0xbf,0x00,0x00,0x80,0xbf,0x00,0x00,0x80,0xbf,
    0x00,0x00,0x80,0xbf,0x00,0x00,0x80,0xbf,0x00,0x00,0x80,0xbf,0x00,0x00,0x80,0xbf,0x00,0x00,0x80,0xbf,0x00,0x00,0x80,0xbf,
    0x00,0x00,0x80,0xbf,0x00,0x00,0x80,0xbf,0x00,0x00,0x80,0xbf,0x00,0x00,0x80,0xbf,0x00,0x00,0x80,0xbf,0x00,0x00,0x80,0xbf,
    0x00,0x00,0x80,0xbf,0x00,0x00,0x80,0xbf,0x00,0x00,0x80,0xbf,0x00,0x00,0x80,0xbf,0x00,0x00,0x80,0xbf,0x00,0x00,0x80,0xbf,
    0x00,0x00,0x80,0xbf,0x00,0x00,0x80,0xbf,0x00,0x00,0x80,0xbf,0x00,0x00,0x80,0xbf,0x00,0x00,0x80,0xbf,0x00,0x00,0x80,0xbf,
    0x00,0x00,0x80,0xbf,0x00,0x00,0x80,0xbf,0x00,0x00,0x80,0xbf,0x00,0x00,0x80,0xbf,0x00,0x00,0x80,0xbf,0x00,0x00,0x80,0xbf,
    0x00,0x00,0x80,0xbf,0x00,0x00,0x80,0xbf,0x00,0x00,0x80,0xbf,0x00,0x00,0x80,0xbf,0x00,0x00,0x80,0xbf,0x00,0x00,0x80,0xbf,
    0x00,0x00,0x80,0xbf,0x00,0x00,0x80,0xbf,0x00,0x00,0x80,0xbf,0x00,0x00,0x80,0xbf,0x00,0x00,0x80,0xbf,0x00,0x00,0x80,0xbf,
    0x00,0x00,0x80,0xbf,0x00,0x00,0x80,0xbf,0x00,0x00,0x80,0xbf,0x00,0x00,0x80,0xbf,0x00,0x00,0x80,0xbf,0x00,0x00,0x80,0xbf,
    0x00,0x00,0x80,0xbf,0x00,0x00,0x80,0xbf,0x00,0x00,0x80,0xbf,0x00,0x00,0x80,0xbf,0x00,0x00,0x80,0xbf,0x00,0x00,0x80,0xbf,
    0x00,0x00,0x80,0xbf,0x00,0x00,0x80,0xbf,0x00,0x00,0x80,0xbf,0x00,0x00,0x80,0xbf,0x00,0x00,0x80,0xbf,0x00,0x00,0x80,0xbf,
    0x00,0x00,0x80,0xbf,0x00,0x00,0x80,0xbf,0x00,0x00,0x80,0xbf,0x00,0x00,0x80,0xbf,0x00,0x00,0x80,0xbf,0x00,0x00,0x80,0xbf,
    0x00,0x00,0x80,0xbf,0x00,0x00,0x80,0xbf,0x00,0x00,0x80,0xbf,0x00,0x00,0x80,0xbf,0x00,0x00,0x80,0xbf,0x00,0x00,0x80,0xbf,
    0x00,0x00,0x80,0xbf,0x00,0x00,0x80,0xbf,0x00,0x00,0x80,0xbf,0x00,0x00,0x80,0xbf,0x00,0x00,0x80,0xbf,0x00,0x00,0x80,0xbf,
    0x00,0x00,0x80,0xbf,0x00,0x00,0x80,0xbf,0x00,0x00,0x80,0xbf,0x00,0x00,0x80,0xbf,0x00,0x00,0x80,0xbf,0x00,0x00,0x80,0xbf,
    0x00,0x00,0x80,0xbf,0x00,0x00,0x80,0xbf,0x00,0x00,0x80,0xbf,0x00,0x00,0x80,0xbf,0x00,0x00,0x80,0xbf,0x00,0x00,0x80,0xbf,
    0x00,0x00,0x80,0xbf,0x00,0x00,0x80,0xbf,0x00,0x00,0x80,0xbf,0x00,0x00,0x80,0xbf,0x00,0x00,0x80,0xbf,0x00,0x00,0x80,0xbf,
    0x00,0x00,0x80,0xbf,0x00,0x00,0x80,0xbf,0x00,0x00,0x80,0xbf,0x00,0x00,0x80,0xbf,0x00,0x00,0x80,0xbf,0x00,0x00,0x80,0xbf,
    0x00,0x00,0x80,0xbf,0x00,0x00,0x80,0xbf,0x00,0x00,0x80,0xbf,0x00,0x00,0x80,0xbf,0x06,0x00,0x00,0x00,0x00,0x00,0x00,0x00,
    0x00,0x05,0x00,0x00,0x00,0x00,0x00,0x00,0x0b,0x00,0x00,0x00,0x00,0x00,0x00,0x00,0x18,0x00,0x00,0x00,0x00,0x00,0x00,0x00,
    0x05,0x00,0x00,0x00,0x00,0x00,0x00,0x00,0xb0,0x05,0x00,0x00,0x00,0x00,0x00,0x00,0x0a,0x00,0x00,0x00,0x00,0x00,0x00,0x00,
    0x5e,0x00,0x00,0x00,0x00,0x00,0x00,0x00,0xf5,0xfe,0xff,0x6f,0x00,0x00,0x00,0x00,0x60,0x05,0x00,0x00,0x00,0x00,0x00,0x00,
    0x04,0x00,0x00,0x00,0x00,0x00,0x00,0x00,0x88,0x05,0x00,0x00,0x00,0x00,0x00,0x00,0x00,0x00,0x00,0x00,0x00,0x00,0x00,0x00,
    0x00,0x00,0x00,0x00,0x00,0x00,0x00,0x00,0x48,0x6f,0x6d,0x65,0x62,0x72,0x65,0x77,0x20,0x63,0x6c,0x61,0x6e,0x67,0x20,0x76,
    0x65,0x72,0x73,0x69,0x6f,0x6e,0x20,0x32,0x31,0x2e,0x31,0x2e,0x38,0x00,0x00,0x4c,0x69,0x6e,0x6b,0x65,0x72,0x3a,0x20,0x48,
    0x6f,0x6d,0x65,0x62,0x72,0x65,0x77,0x20,0x4c,0x4c,0x44,0x20,0x32,0x31,0x2e,0x31,0x2e,0x38,0x00,0x00,0x00,0x00,0x00,0x00,
    0x00,0x00,0x00,0x00,0x00,0x00,0x00,0x00,0x00,0x00,0x00,0x00,0x00,0x00,0x00,0x00,0x00,0x00,0x00,0x00,0x00,0x00,0x00,0x00,
    0x01,0x00,0x00,0x00,0x00,0x00,0xf1,0xff,0x00,0x00,0x00,0x00,0x00,0x00,0x00,0x00,0x00,0x00,0x00,0x00,0x00,0x00,0x00,0x00,
    0x29,0x00,0x00,0x00,0x00,0x00,0xf1,0xff,0x10,0x00,0x00,0x00,0x00,0x00,0x00,0x00,0x00,0x00,0x00,0x00,0x00,0x00,0x00,0x00,
    0x49,0x00,0x00,0x00,0x00,0x00,0xf1,0xff,0x00,0x00,0x00,0x00,0x00,0x00,0x00,0x00,0x00,0x00,0x00,0x00,0x00,0x00,0x00,0x00,
    0x69,0x00,0x00,0x00,0x00,0x00,0xf1,0xff,0x1c,0x00,0x00,0x00,0x00,0x00,0x00,0x00,0x00,0x00,0x00,0x00,0x00,0x00,0x00,0x00,
    0x8e,0x00,0x00,0x00,0x00,0x00,0xf1,0xff,0x01,0x00,0x00,0x00,0x00,0x00,0x00,0x00,0x00,0x00,0x00,0x00,0x00,0x00,0x00,0x00,
    0xae,0x00,0x00,0x00,0x00,0x00,0xf1,0xff,0x00,0x00,0x00,0x00,0x00,0x00,0x00,0x00,0x00,0x00,0x00,0x00,0x00,0x00,0x00,0x00,
    0xd7,0x00,0x00,0x00,0x00,0x00,0xf1,0xff,0x00,0x00,0x00,0x00,0x00,0x00,0x00,0x00,0x00,0x00,0x00,0x00,0x00,0x00,0x00,0x00,
    0x02,0x01,0x00,0x00,0x00,0x00,0xf1,0xff,0x00,0x00,0x00,0x00,0x00,0x00,0x00,0x00,0x00,0x00,0x00,0x00,0x00,0x00,0x00,0x00,
    0x84,0x01,0x00,0x00,0x00,0x02,0x08,0x00,0xc0,0x36,0x00,0x00,0x00,0x00,0x00,0x00,0x00,0x00,0x00,0x00,0x00,0x00,0x00,0x00,
    0x27,0x01,0x00,0x00,0x12,0x03,0x07,0x00,0x00,0x17,0x00,0x00,0x00,0x00,0x00,0x00,0x1c,0x06,0x00,0x00,0x00,0x00,0x00,0x00,
    0x3e,0x01,0x00,0x00,0x11,0x03,0x06,0x00,0x40,0x06,0x00,0x00,0x00,0x00,0x00,0x00,0x40,0x00,0x00,0x00,0x00,0x00,0x00,0x00,
    0x58,0x01,0x00,0x00,0x12,0x03,0x07,0x00,0x1c,0x1d,0x00,0x00,0x00,0x00,0x00,0x00,0x8c,0x05,0x00,0x00,0x00,0x00,0x00,0x00,
    0x00,0x2e,0x6e,0x6f,0x74,0x65,0x00,0x2e,0x64,0x79,0x6e,0x73,0x79,0x6d,0x00,0x2e,0x67,0x6e,0x75,0x2e,0x68,0x61,0x73,0x68,
    0x00,0x2e,0x68,0x61,0x73,0x68,0x00,0x2e,0x64,0x79,0x6e,0x73,0x74,0x72,0x00,0x2e,0x72,0x6f,0x64,0x61,0x74,0x61,0x00,0x2e,
    0x74,0x65,0x78,0x74,0x00,0x2e,0x64,0x79,0x6e,0x61,0x6d,0x69,0x63,0x00,0x2e,0x72,0x65,0x6c,0x72,0x6f,0x5f,0x70,0x61,0x64,
    0x64,0x69,0x6e,0x67,0x00,0x2e,0x41,0x4d,0x44,0x47,0x50,0x55,0x2e,0x67,0x70,0x72,0x5f,0x6d,0x61,0x78,0x69,0x6d,0x75,0x6d,
    0x73,0x00,0x2e,0x63,0x6f,0x6d,0x6d,0x65,0x6e,0x74,0x00,0x2e,0x73,0x79,0x6d,0x74,0x61,0x62,0x00,0x2e,0x73,0x68,0x73,0x74,
    0x72,0x74,0x61,0x62,0x00,0x2e,0x73,0x74,0x72,0x74,0x61,0x62,0x00,0x00,0x73,0x69,0x67,0x6e,0x61,0x6c,0x5f,0x6d,0x61,0x69,
    0x6c,0x62,0x6f,0x78,0x5f,0x73,0x65,0x72,0x76,0x69,0x63,0x65,0x2e,0x70,0x72,0x69,0x76,0x61,0x74,0x65,0x5f,0x73,0x65,0x67,
    0x5f,0x73,0x69,0x7a,0x65,0x00,0x73,0x69,0x67,0x6e,0x61,0x6c,0x5f,0x6d,0x61,0x69,0x6c,0x62,0x6f,0x78,0x5f,0x73,0x65,0x72,
    0x76,0x69,0x63,0x65,0x2e,0x6e,0x75,0x6d,0x5f,0x76,0x67,0x70,0x72,0x00,0x73,0x69,0x67,0x6e,0x61,0x6c,0x5f,0x6d,0x61,0x69,
    0x6c,0x62,0x6f,0x78,0x5f,0x73,0x65,0x72,0x76,0x69,0x63,0x65,0x2e,0x6e,0x75,0x6d,0x5f,0x61,0x67,0x70,0x72,0x00,0x73,0x69,
    0x67,0x6e,0x61,0x6c,0x5f,0x6d,0x61,0x69,0x6c,0x62,0x6f,0x78,0x5f,0x73,0x65,0x72,0x76,0x69,0x63,0x65,0x2e,0x6e,0x75,0x6d,
    0x62,0x65,0x72,0x65,0x64,0x5f,0x73,0x67,0x70,0x72,0x00,0x73,0x69,0x67,0x6e,0x61,0x6c,0x5f,0x6d,0x61,0x69,0x6c,0x62,0x6f,
    0x78,0x5f,0x73,0x65,0x72,0x76,0x69,0x63,0x65,0x2e,0x75,0x73,0x65,0x73,0x5f,0x76,0x63,0x63,0x00,0x73,0x69,0x67,0x6e,0x61,
    0x6c,0x5f,0x6d,0x61,0x69,0x6c,0x62,0x6f,0x78,0x5f,0x73,0x65,0x72,0x76,0x69,0x63,0x65,0x2e,0x75,0x73,0x65,0x73,0x5f,0x66,
    0x6c,0x61,0x74,0x5f,0x73,0x63,0x72,0x61,0x74,0x63,0x68,0x00,0x73,0x69,0x67,0x6e,0x61,0x6c,0x5f,0x6d,0x61,0x69,0x6c,0x62,
    0x6f,0x78,0x5f,0x73,0x65,0x72,0x76,0x69,0x63,0x65,0x2e,0x68,0x61,0x73,0x5f,0x64,0x79,0x6e,0x5f,0x73,0x69,0x7a,0x65,0x64,
    0x5f,0x73,0x74,0x61,0x63,0x6b,0x00,0x73,0x69,0x67,0x6e,0x61,0x6c,0x5f,0x6d,0x61,0x69,0x6c,0x62,0x6f,0x78,0x5f,0x73,0x65,
    0x72,0x76,0x69,0x63,0x65,0x2e,0x68,0x61,0x73,0x5f,0x72,0x65,0x63,0x75,0x72,0x73,0x69,0x6f,0x6e,0x00,0x73,0x69,0x67,0x6e,
    0x61,0x6c,0x5f,0x6d,0x61,0x69,0x6c,0x62,0x6f,0x78,0x5f,0x73,0x65,0x72,0x76,0x69,0x63,0x65,0x00,0x73,0x69,0x67,0x6e,0x61,
    0x6c,0x5f,0x6d,0x61,0x69,0x6c,0x62,0x6f,0x78,0x5f,0x73,0x65,0x72,0x76,0x69,0x63,0x65,0x2e,0x6b,0x64,0x00,0x5f,0x5f,0x63,
    0x6c,0x61,0x6e,0x67,0x5f,0x6f,0x63,0x6c,0x5f,0x6b,0x65,0x72,0x6e,0x5f,0x69,0x6d,0x70,0x5f,0x73,0x69,0x67,0x6e,0x61,0x6c,
    0x5f,0x6d,0x61,0x69,0x6c,0x62,0x6f,0x78,0x5f,0x73,0x65,0x72,0x76,0x69,0x63,0x65,0x00,0x5f,0x44,0x59,0x4e,0x41,0x4d,0x49,
    0x43,0x00,0x00,0x00,0x00,0x00,0x00,0x00,0x00,0x00,0x00,0x00,0x00,0x00,0x00,0x00,0x00,0x00,0x00,0x00,0x00,0x00,0x00,0x00,
    0x00,0x00,0x00,0x00,0x00,0x00,0x00,0x00,0x00,0x00,0x00,0x00,0x00,0x00,0x00,0x00,0x00,0x00,0x00,0x00,0x00,0x00,0x00,0x00,
    0x00,0x00,0x00,0x00,0x00,0x00,0x00,0x00,0x00,0x00,0x00,0x00,0x00,0x00,0x00,0x00,0x00,0x00,0x00,0x00,0x00,0x00,0x00,0x00,
    0x01,0x00,0x00,0x00,0x07,0x00,0x00,0x00,0x02,0x00,0x00,0x00,0x00,0x00,0x00,0x00,0x00,0x02,0x00,0x00,0x00,0x00,0x00,0x00,
    0x00,0x02,0x00,0x00,0x00,0x00,0x00,0x00,0xfc,0x02,0x00,0x00,0x00,0x00,0x00,0x00,0x00,0x00,0x00,0x00,0x00,0x00,0x00,0x00,
    0x04,0x00,0x00,0x00,0x00,0x00,0x00,0x00,0x00,0x00,0x00,0x00,0x00,0x00,0x00,0x00,0x07,0x00,0x00,0x00,0x0b,0x00,0x00,0x00,
    0x02,0x00,0x00,0x00,0x00,0x00,0x00,0x00,0x00,0x05,0x00,0x00,0x00,0x00,0x00,0x00,0x00,0x05,0x00,0x00,0x00,0x00,0x00,0x00,
    0x60,0x00,0x00,0x00,0x00,0x00,0x00,0x00,0x05,0x00,0x00,0x00,0x01,0x00,0x00,0x00,0x08,0x00,0x00,0x00,0x00,0x00,0x00,0x00,
    0x18,0x00,0x00,0x00,0x00,0x00,0x00,0x00,0x0f,0x00,0x00,0x00,0xf6,0xff,0xff,0x6f,0x02,0x00,0x00,0x00,0x00,0x00,0x00,0x00,
    0x60,0x05,0x00,0x00,0x00,0x00,0x00,0x00,0x60,0x05,0x00,0x00,0x00,0x00,0x00,0x00,0x28,0x00,0x00,0x00,0x00,0x00,0x00,0x00,
    0x02,0x00,0x00,0x00,0x00,0x00,0x00,0x00,0x08,0x00,0x00,0x00,0x00,0x00,0x00,0x00,0x00,0x00,0x00,0x00,0x00,0x00,0x00,0x00,
    0x19,0x00,0x00,0x00,0x05,0x00,0x00,0x00,0x02,0x00,0x00,0x00,0x00,0x00,0x00,0x00,0x88,0x05,0x00,0x00,0x00,0x00,0x00,0x00,
    0x88,0x05,0x00,0x00,0x00,0x00,0x00,0x00,0x28,0x00,0x00,0x00,0x00,0x00,0x00,0x00,0x02,0x00,0x00,0x00,0x00,0x00,0x00,0x00,
    0x04,0x00,0x00,0x00,0x00,0x00,0x00,0x00,0x04,0x00,0x00,0x00,0x00,0x00,0x00,0x00,0x1f,0x00,0x00,0x00,0x03,0x00,0x00,0x00,
    0x02,0x00,0x00,0x00,0x00,0x00,0x00,0x00,0xb0,0x05,0x00,0x00,0x00,0x00,0x00,0x00,0xb0,0x05,0x00,0x00,0x00,0x00,0x00,0x00,
    0x5e,0x00,0x00,0x00,0x00,0x00,0x00,0x00,0x00,0x00,0x00,0x00,0x00,0x00,0x00,0x00,0x01,0x00,0x00,0x00,0x00,0x00,0x00,0x00,
    0x00,0x00,0x00,0x00,0x00,0x00,0x00,0x00,0x27,0x00,0x00,0x00,0x01,0x00,0x00,0x00,0x02,0x00,0x00,0x00,0x00,0x00,0x00,0x00,
    0x40,0x06,0x00,0x00,0x00,0x00,0x00,0x00,0x40,0x06,0x00,0x00,0x00,0x00,0x00,0x00,0x40,0x00,0x00,0x00,0x00,0x00,0x00,0x00,
    0x00,0x00,0x00,0x00,0x00,0x00,0x00,0x00,0x40,0x00,0x00,0x00,0x00,0x00,0x00,0x00,0x00,0x00,0x00,0x00,0x00,0x00,0x00,0x00,
    0x2f,0x00,0x00,0x00,0x01,0x00,0x00,0x00,0x06,0x00,0x00,0x00,0x00,0x00,0x00,0x00,0x00,0x17,0x00,0x00,0x00,0x00,0x00,0x00,
    0x00,0x07,0x00,0x00,0x00,0x00,0x00,0x00,0xc0,0x0f,0x00,0x00,0x00,0x00,0x00,0x00,0x00,0x00,0x00,0x00,0x00,0x00,0x00,0x00,
    0x00,0x01,0x00,0x00,0x00,0x00,0x00,0x00,0x00,0x00,0x00,0x00,0x00,0x00,0x00,0x00,0x35,0x00,0x00,0x00,0x06,0x00,0x00,0x00,
    0x03,0x00,0x00,0x00,0x00,0x00,0x00,0x00,0xc0,0x36,0x00,0x00,0x00,0x00,0x00,0x00,0xc0,0x16,0x00,0x00,0x00,0x00,0x00,0x00,
    0x70,0x00,0x00,0x00,0x00,0x00,0x00,0x00,0x05,0x00,0x00,0x00,0x00,0x00,0x00,0x00,0x08,0x00,0x00,0x00,0x00,0x00,0x00,0x00,
    0x10,0x00,0x00,0x00,0x00,0x00,0x00,0x00,0x3e,0x00,0x00,0x00,0x08,0x00,0x00,0x00,0x03,0x00,0x00,0x00,0x00,0x00,0x00,0x00,
    0x30,0x37,0x00,0x00,0x00,0x00,0x00,0x00,0x30,0x17,0x00,0x00,0x00,0x00,0x00,0x00,0xd0,0x08,0x00,0x00,0x00,0x00,0x00,0x00,
    0x00,0x00,0x00,0x00,0x00,0x00,0x00,0x00,0x01,0x00,0x00,0x00,0x00,0x00,0x00,0x00,0x00,0x00,0x00,0x00,0x00,0x00,0x00,0x00,
    0x4d,0x00,0x00,0x00,0x01,0x00,0x00,0x00,0x00,0x00,0x00,0x00,0x00,0x00,0x00,0x00,0x00,0x00,0x00,0x00,0x00,0x00,0x00,0x00,
    0x30,0x17,0x00,0x00,0x00,0x00,0x00,0x00,0x00,0x00,0x00,0x00,0x00,0x00,0x00,0x00,0x00,0x00,0x00,0x00,0x00,0x00,0x00,0x00,
    0x01,0x00,0x00,0x00,0x00,0x00,0x00,0x00,0x00,0x00,0x00,0x00,0x00,0x00,0x00,0x00,0x62,0x00,0x00,0x00,0x01,0x00,0x00,0x00,
    0x30,0x00,0x00,0x00,0x00,0x00,0x00,0x00,0x00,0x00,0x00,0x00,0x00,0x00,0x00,0x00,0x30,0x17,0x00,0x00,0x00,0x00,0x00,0x00,
    0x3b,0x00,0x00,0x00,0x00,0x00,0x00,0x00,0x00,0x00,0x00,0x00,0x00,0x00,0x00,0x00,0x01,0x00,0x00,0x00,0x00,0x00,0x00,0x00,
    0x01,0x00,0x00,0x00,0x00,0x00,0x00,0x00,0x6b,0x00,0x00,0x00,0x02,0x00,0x00,0x00,0x00,0x00,0x00,0x00,0x00,0x00,0x00,0x00,
    0x00,0x00,0x00,0x00,0x00,0x00,0x00,0x00,0x70,0x17,0x00,0x00,0x00,0x00,0x00,0x00,0x38,0x01,0x00,0x00,0x00,0x00,0x00,0x00,
    0x0e,0x00,0x00,0x00,0x0a,0x00,0x00,0x00,0x08,0x00,0x00,0x00,0x00,0x00,0x00,0x00,0x18,0x00,0x00,0x00,0x00,0x00,0x00,0x00,
    0x73,0x00,0x00,0x00,0x03,0x00,0x00,0x00,0x00,0x00,0x00,0x00,0x00,0x00,0x00,0x00,0x00,0x00,0x00,0x00,0x00,0x00,0x00,0x00,
    0xa8,0x18,0x00,0x00,0x00,0x00,0x00,0x00,0x85,0x00,0x00,0x00,0x00,0x00,0x00,0x00,0x00,0x00,0x00,0x00,0x00,0x00,0x00,0x00,
    0x01,0x00,0x00,0x00,0x00,0x00,0x00,0x00,0x00,0x00,0x00,0x00,0x00,0x00,0x00,0x00,0x7d,0x00,0x00,0x00,0x03,0x00,0x00,0x00,
    0x00,0x00,0x00,0x00,0x00,0x00,0x00,0x00,0x00,0x00,0x00,0x00,0x00,0x00,0x00,0x00,0x2d,0x19,0x00,0x00,0x00,0x00,0x00,0x00,
    0x8d,0x01,0x00,0x00,0x00,0x00,0x00,0x00,0x00,0x00,0x00,0x00,0x00,0x00,0x00,0x00,0x01,0x00,0x00,0x00,0x00,0x00,0x00,0x00,
    0x00,0x00,0x00,0x00,0x00,0x00,0x00,0x00,
};
}
namespace gfx10_1_generic {
// gfx10-1-generic signal_operations: e_flags=0x01000152, 5432 bytes
inline constexpr uint8_t signal_operations[] = {
    0x7f,0x45,0x4c,0x46,0x02,0x01,0x01,0x40,0x04,0x00,0x00,0x00,0x00,0x00,0x00,0x00,0x03,0x00,0xe0,0x00,0x01,0x00,0x00,0x00,
    0x00,0x00,0x00,0x00,0x00,0x00,0x00,0x00,0x40,0x00,0x00,0x00,0x00,0x00,0x00,0x00,0x78,0x11,0x00,0x00,0x00,0x00,0x00,0x00,
    0x52,0x01,0x00,0x01,0x40,0x00,0x38,0x00,0x08,0x00,0x40,0x00,0x0f,0x00,0x0d,0x00,0x06,0x00,0x00,0x00,0x04,0x00,0x00,0x00,
    0x40,0x00,0x00,0x00,0x00,0x00,0x00,0x00,0x40,0x00,0x00,0x00,0x00,0x00,0x00,0x00,0x40,0x00,0x00,0x00,0x00,0x00,0x00,0x00,
    0xc0,0x01,0x00,0x00,0x00,0x00,0x00,0x00,0xc0,0x01,0x00,0x00,0x00,0x00,0x00,0x00,0x08,0x00,0x00,0x00,0x00,0x00,0x00,0x00,
    0x01,0x00,0x00,0x00,0x04,0x00,0x00,0x00,0x00,0x00,0x00,0x00,0x00,0x00,0x00,0x00,0x00,0x00,0x00,0x00,0x00,0x00,0x00,0x00,
    0x00,0x00,0x00,0x00,0x00,0x00,0x00,0x00,0x80,0x06,0x00,0x00,0x00,0x00,0x00,0x00,0x80,0x06,0x00,0x00,0x00,0x00,0x00,0x00,
    0x00,0x10,0x00,0x00,0x00,0x00,0x00,0x00,0x01,0x00,0x00,0x00,0x05,0x00,0x00,0x00,0x00,0x07,0x00,0x00,0x00,0x00,0x00,0x00,
    0x00,0x17,0x00,0x00,0x00,0x00,0x00,0x00,0x00,0x17,0x00,0x00,0x00,0x00,0x00,0x00,0xc0,0x06,0x00,0x00,0x00,0x00,0x00,0x00,
    0xc0,0x06,0x00,0x00,0x00,0x00,0x00,0x00,0x00,0x10,0x00,0x00,0x00,0x00,0x00,0x00,0x01,0x00,0x00,0x00,0x06,0x00,0x00,0x00,
    0xc0,0x0d,0x00,0x00,0x00,0x00,0x00,0x00,0xc0,0x2d,0x00,0x00,0x00,0x00,0x00,0x00,0xc0,0x2d,0x00,0x00,0x00,0x00,0x00,0x00,
    0x70,0x00,0x00,0x00,0x00,0x00,0x00,0x00,0x40,0x02,0x00,0x00,0x00,0x00,0x00,0x00,0x00,0x10,0x00,0x00,0x00,0x00,0x00,0x00,
    0x02,0x00,0x00,0x00,0x06,0x00,0x00,0x00,0xc0,0x0d,0x00,0x00,0x00,0x00,0x00,0x00,0xc0,0x2d,0x00,0x00,0x00,0x00,0x00,0x00,
    0xc0,0x2d,0x00,0x00,0x00,0x00,0x00,0x00,0x70,0x00,0x00,0x00,0x00,0x00,0x00,0x00,0x70,0x00,0x00,0x00,0x00,0x00,0x00,0x00,
    0x08,0x00,0x00,0x00,0x00,0x00,0x00,0x00,0x52,0xe5,0x74,0x64,0x04,0x00,0x00,0x00,0xc0,0x0d,0x00,0x00,0x00,0x00,0x00,0x00,
    0xc0,0x2d,0x00,0x00,0x00,0x00,0x00,0x00,0xc0,0x2d,0x00,0x00,0x00,0x00,0x00,0x00,0x70,0x00,0x00,0x00,0x00,0x00,0x00,0x00,
    0x40,0x02,0x00,0x00,0x00,0x00,0x00,0x00,0x01,0x00,0x00,0x00,0x00,0x00,0x00,0x00,0x51,0xe5,0x74,0x64,0x06,0x00,0x00,0x00,
    0x00,0x00,0x00,0x00,0x00,0x00,0x00,0x00,0x00,0x00,0x00,0x00,0x00,0x00,0x00,0x00,0x00,0x00,0x00,0x00,0x00,0x00,0x00,0x00,
    0x00,0x00,0x00,0x00,0x00,0x00,0x00,0x00,0x00,0x00,0x00,0x00,0x00,0x00,0x00,0x00,0x00,0x00,0x00,0x00,0x00,0x00,0x00,0x00,
    0x04,0x00,0x00,0x00,0x04,0x00,0x00,0x00,0x00,0x02,0x00,0x00,0x00,0x00,0x00,0x00,0x00,0x02,0x00,0x00,0x00,0x00,0x00,0x00,
    0x00,0x02,0x00,0x00,0x00,0x00,0x00,0x00,0x30,0x03,0x00,0x00,0x00,0x00,0x00,0x00,0x30,0x03,0x00,0x00,0x00,0x00,0x00,0x00,
    0x04,0x00,0x00,0x00,0x00,0x00,0x00,0x00,0x07,0x00,0x00,0x00,0x1b,0x03,0x00,0x00,0x20,0x00,0x00,0x00,0x41,0x4d,0x44,0x47,
    0x50,0x55,0x00,0x00,0x83,0xae,0x61,0x6d,0x64,0x68,0x73,0x61,0x2e,0x6b,0x65,0x72,0x6e,0x65,0x6c,0x73,0x91,0xde,0x00,0x12,
    0xa5,0x2e,0x61,0x72,0x67,0x73,0x95,0x85,0xae,0x2e,0x61,0x64,0x64,0x72,0x65,0x73,0x73,0x5f,0x73,0x70,0x61,0x63,0x65,0xa6,
    0x67,0x6c,0x6f,0x62,0x61,0x6c,0xa7,0x2e,0x6f,0x66,0x66,0x73,0x65,0x74,0x00,0xa5,0x2e,0x73,0x69,0x7a,0x65,0x08,0xaa,0x2e,
    0x74,0x79,0x70,0x65,0x5f,0x6e,0x61,0x6d,0x65,0xa5,0x6c,0x6f,0x6e,0x67,0x2a,0xab,0x2e,0x76,0x61,0x6c,0x75,0x65,0x5f,0x6b,
    0x69,0x6e,0x64,0xad,0x67,0x6c,0x6f,0x62,0x61,0x6c,0x5f,0x62,0x75,0x66,0x66,0x65,0x72,0x85,0xae,0x2e,0x61,0x64,0x64,0x72,
    0x65,0x73,0x73,0x5f,0x73,0x70,0x61,0x63,0x65,0xa6,0x67,0x6c,0x6f,0x62,0x61,0x6c,0xa7,0x2e,0x6f,0x66,0x66,0x73,0x65,0x74,
    0x08,0xa5,0x2e,0x73,0x69,0x7a,0x65,0x08,0xaa,0x2e,0x74,0x79,0x70,0x65,0x5f,0x6e,0x61,0x6d,0x65,0xa5,0x6c,0x6f,0x6e,0x67,
    0x2a,0xab,0x2e,0x76,0x61,0x6c,0x75,0x65,0x5f,0x6b,0x69,0x6e,0x64,0xad,0x67,0x6c,0x6f,0x62,0x61,0x6c,0x5f,0x62,0x75,0x66,
    0x66,0x65,0x72,0x84,0xa7,0x2e,0x6f,0x66,0x66,0x73,0x65,0x74,0x10,0xa5,0x2e,0x73,0x69,0x7a,0x65,0x08,0xaa,0x2e,0x74,0x79,
    0x70,0x65,0x5f,0x6e,0x61,0x6d,0x65,0xa4,0x6c,0x6f,0x6e,0x67,0xab,0x2e,0x76,0x61,0x6c,0x75,0x65,0x5f,0x6b,0x69,0x6e,0x64,
    0xa8,0x62,0x79,0x5f,0x76,0x61,0x6c,0x75,0x65,0x84,0xa7,0x2e,0x6f,0x66,0x66,0x73,0x65,0x74,0x18,0xa5,0x2e,0x73,0x69,0x7a,
    0x65,0x08,0xaa,0x2e,0x74,0x79,0x70,0x65,0x5f,0x6e,0x61,0x6d,0x65,0xa4,0x6c,0x6f,0x6e,0x67,0xab,0x2e,0x76,0x61,0x6c,0x75,
    0x65,0x5f,0x6b,0x69,0x6e,0x64,0xa8,0x62,0x79,0x5f,0x76,0x61,0x6c,0x75,0x65,0x84,0xa7,0x2e,0x6f,0x66,0x66,0x73,0x65,0x74,
    0x20,0xa5,0x2e,0x73,0x69,0x7a,0x65,0x04,0xaa,0x2e,0x74,0x79,0x70,0x65,0x5f,0x6e,0x61,0x6d,0x65,0xa4,0x75,0x69,0x6e,0x74,
    0xab,0x2e,0x76,0x61,0x6c,0x75,0x65,0x5f,0x6b,0x69,0x6e,0x64,0xa8,0x62,0x79,0x5f,0x76,0x61,0x6c,0x75,0x65,0xb9,0x2e,0x67,
    0x72,0x6f,0x75,0x70,0x5f,0x73,0x65,0x67,0x6d,0x65,0x6e,0x74,0x5f,0x66,0x69,0x78,0x65,0x64,0x5f,0x73,0x69,0x7a,0x65,0x00,
    0xb6,0x2e,0x6b,0x65,0x72,0x6e,0x61,0x72,0x67,0x5f,0x73,0x65,0x67,0x6d,0x65,0x6e,0x74,0x5f,0x61,0x6c,0x69,0x67,0x6e,0x08,
    0xb5,0x2e,0x6b,0x65,0x72,0x6e,0x61,0x72,0x67,0x5f,0x73,0x65,0x67,0x6d,0x65,0x6e,0x74,0x5f,0x73,0x69,0x7a,0x65,0x24,0xa9,
    0x2e,0x6c,0x61,0x6e,0x67,0x75,0x61,0x67,0x65,0xa8,0x4f,0x70,0x65,0x6e,0x43,0x4c,0x20,0x43,0xb1,0x2e,0x6c,0x61,0x6e,0x67,
    0x75,0x61,0x67,0x65,0x5f,0x76,0x65,0x72,0x73,0x69,0x6f,0x6e,0x92,0x02,0x00,0xb8,0x2e,0x6d,0x61,0x78,0x5f,0x66,0x6c,0x61,
    0x74,0x5f,0x77,0x6f,0x72,0x6b,0x67,0x72,0x6f,0x75,0x70,0x5f,0x73,0x69,0x7a,0x65,0x20,0xa5,0x2e,0x6e,0x61,0x6d,0x65,0xb0,
    0x73,0x69,0x67,0x6e,0x61,0x6c,0x5f,0x6f,0x70,0x65,0x72,0x61,0x74,0x69,0x6f,0x6e,0xbb,0x2e,0x70,0x72,0x69,0x76,0x61,0x74,
    0x65,0x5f,0x73,0x65,0x67,0x6d,0x65,0x6e,0x74,0x5f,0x66,0x69,0x78,0x65,0x64,0x5f,0x73,0x69,0x7a,0x65,0x00,0xb4,0x2e,0x72,
    0x65,0x71,0x64,0x5f,0x77,0x6f,0x72,0x6b,0x67,0x72,0x6f,0x75,0x70,0x5f,0x73,0x69,0x7a,0x65,0x93,0x20,0x01,0x01,0xab,0x2e,
    0x73,0x67,0x70,0x72,0x5f,0x63,0x6f,0x75,0x6e,0x74,0x12,0xb1,0x2e,0x73,0x67,0x70,0x72,0x5f,0x73,0x70,0x69,0x6c,0x6c,0x5f,
    0x63,0x6f,0x75,0x6e,0x74,0x00,0xa7,0x2e,0x73,0x79,0x6d,0x62,0x6f,0x6c,0xb3,0x73,0x69,0x67,0x6e,0x61,0x6c,0x5f,0x6f,0x70,
    0x65,0x72,0x61,0x74,0x69,0x6f,0x6e,0x2e,0x6b,0x64,0xb3,0x2e,0x75,0x73,0x65,0x73,0x5f,0x64,0x79,0x6e,0x61,0x6d,0x69,0x63,
    0x5f,0x73,0x74,0x61,0x63,0x6b,0xc2,0xab,0x2e,0x76,0x67,0x70,0x72,0x5f,0x63,0x6f,0x75,0x6e,0x74,0x06,0xb1,0x2e,0x76,0x67,
    0x70,0x72,0x5f,0x73,0x70,0x69,0x6c,0x6c,0x5f,0x63,0x6f,0x75,0x6e,0x74,0x00,0xaf,0x2e,0x77,0x61,0x76,0x65,0x66,0x72,0x6f,
    0x6e,0x74,0x5f,0x73,0x69,0x7a,0x65,0x20,0xb9,0x2e,0x77,0x6f,0x72,0x6b,0x67,0x72,0x6f,0x75,0x70,0x5f,0x70,0x72,0x6f,0x63,
    0x65,0x73,0x73,0x6f,0x72,0x5f,0x6d,0x6f,0x64,0x65,0x01,0xad,0x61,0x6d,0x64,0x68,0x73,0x61,0x2e,0x74,0x61,0x72,0x67,0x65,
    0x74,0xd9,0x22,0x61,0x6d,0x64,0x67,0x63,0x6e,0x2d,0x61,0x6d,0x64,0x2d,0x61,0x6d,0x64,0x68,0x73,0x61,0x2d,0x2d,0x67,0x66,
    0x78,0x31,0x30,0x2d,0x31,0x2d,0x67,0x65,0x6e,0x65,0x72,0x69,0x63,0xae,0x61,0x6d,0x64,0x68,0x73,0x61,0x2e,0x76,0x65,0x72,
    0x73,0x69,0x6f,0x6e,0x92,0x01,0x02,0x00,0x00,0x00,0x00,0x00,0x00,0x00,0x00,0x00,0x00,0x00,0x00,0x00,0x00,0x00,0x00,0x00,
    0x00,0x00,0x00,0x00,0x00,0x00,0x00,0x00,0x01,0x00,0x00,0x00,0x12,0x03,0x07,0x00,0x00,0x17,0x00,0x00,0x00,0x00,0x00,0x00,
    0x98,0x03,0x00,0x00,0x00,0x00,0x00,0x00,0x12,0x00,0x00,0x00,0x11,0x03,0x06,0x00,0x40,0x06,0x00,0x00,0x00,0x00,0x00,0x00,
    0x40,0x00,0x00,0x00,0x00,0x00,0x00,0x00,0x26,0x00,0x00,0x00,0x12,0x03,0x07,0x00,0x98,0x1a,0x00,0x00,0x00,0x00,0x00,0x00,
    0x4c,0x02,0x00,0x00,0x00,0x00,0x00,0x00,0x01,0x00,0x00,0x00,0x01,0x00,0x00,0x00,0x01,0x00,0x00,0x00,0x1a,0x00,0x00,0x00,
    0x00,0x00,0x89,0x00,0x40,0x00,0x01,0x10,0x01,0x00,0x00,0x00,0xd2,0x64,0x68,0xc1,0xd0,0x69,0xb2,0x5f,0xe7,0x24,0x33,0xf0,
    0x04,0x00,0x00,0x00,0x04,0x00,0x00,0x00,0x02,0x00,0x00,0x00,0x00,0x00,0x00,0x00,0x03,0x00,0x00,0x00,0x00,0x00,0x00,0x00,
    0x00,0x00,0x00,0x00,0x00,0x00,0x00,0x00,0x00,0x00,0x00,0x00,0x01,0x00,0x00,0x00,0x00,0x73,0x69,0x67,0x6e,0x61,0x6c,0x5f,
    0x6f,0x70,0x65,0x72,0x61,0x74,0x69,0x6f,0x6e,0x00,0x73,0x69,0x67,0x6e,0x61,0x6c,0x5f,0x6f,0x70,0x65,0x72,0x61,0x74,0x69,
    0x6f,0x6e,0x2e,0x6b,0x64,0x00,0x5f,0x5f,0x63,0x6c,0x61,0x6e,0x67,0x5f,0x6f,0x63,0x6c,0x5f,0x6b,0x65,0x72,0x6e,0x5f,0x69,
    0x6d,0x70,0x5f,0x73,0x69,0x67,0x6e,0x61,0x6c,0x5f,0x6f,0x70,0x65,0x72,0x61,0x74,0x69,0x6f,0x6e,0x00,0x00,0x00,0x00,0x00,
    0x00,0x00,0x00,0x00,0x00,0x00,0x00,0x00,0x00,0x00,0x00,0x00,0x00,0x00,0x00,0x00,0x00,0x00,0x00,0x00,0x00,0x00,0x00,0x00,
    0x24,0x00,0x00,0x00,0x00,0x00,0x00,0x00,0xc0,0x10,0x00,0x00,0x00,0x00,0x00,0x00,0x00,0x00,0x00,0x00,0x00,0x00,0x00,0x00,
    0x00,0x00,0x00,0x00,0x00,0x00,0x00,0x00,0x00,0x00,0x00,0x00,0x00,0x00,0x00,0x00,0x80,0x00,0xaf,0xe0,0x8c,0x00,0x00,0x00,
    0x09,0x04,0x00,0x00,0x00,0x00,0x00,0x00,0x00,0x00,0x00,0x00,0x00,0x00,0x00,0x00,0x00,0x00,0x00,0x00,0x00,0x00,0x00,0x00,
    0x00,0x00,0x00,0x00,0x00,0x00,0x00,0x00,0x00,0x00,0x00,0x00,0x00,0x00,0x00,0x00,0x00,0x00,0x00,0x00,0x00,0x00,0x00,0x00,
    0x00,0x00,0x00,0x00,0x00,0x00,0x00,0x00,0x00,0x00,0x00,0x00,0x00,0x00,0x00,0x00,0x00,0x00,0x00,0x00,0x00,0x00,0x00,0x00,
    0x00,0x00,0x00,0x00,0x00,0x00,0x00,0x00,0x00,0x00,0x00,0x00,0x00,0x00,0x00,0x00,0x00,0x00,0x00,0x00,0x00,0x00,0x00,0x00,
    0x00,0x00,0x00,0x00,0x00,0x00,0x00,0x00,0x00,0x00,0x00,0x00,0x00,0x00,0x00,0x00,0x00,0x00,0x00,0x00,0x00,0x00,0x00,0x00,
    0x00,0x00,0x00,0x00,0x00,0x00,0x00,0x00,0x00,0x00,0x00,0x00,0x00,0x00,0x00,0x00,0x80,0x00,0x84,0x7d,0x6a,0x3c,0x80,0xbe,
    0xe2,0x00,0x88,0xbf,0x01,0x00,0xa1,0xbf,0x02,0x00,0x00,0xf4,0x20,0x00,0x00,0xfa,0x02,0x02,0x0c,0xf4,0x00,0x00,0x00,0xfa,
    0x7f,0xc0,0x8c,0xbf,0x00,0x85,0x04,0xbf,0x16,0x00,0x85,0xbf,0x00,0x86,0x02,0xbf,0x17,0x00,0x84,0xbf,0x00,0x87,0x02,0xbf,
    0x18,0x00,0x84,0xbf,0x80,0x02,0x00,0x7e,0x80,0x02,0x02,0x7e,0x00,0x88,0x06,0xbf,0x0c,0x00,0x84,0xbf,0x0c,0x02,0x00,0x7e,
    0x0d,0x02,0x02,0x7e,0x0e,0x02,0x04,0x7e,0x0f,0x02,0x06,0x7e,0x80,0x02,0x08,0x7e,0x00,0x80,0x45,0xdd,0x04,0x00,0x08,0x00,
    0x70,0x3f,0x8c,0xbf,0x00,0x00,0xc8,0xe1,0x00,0x00,0x00,0x00,0x00,0x00,0xc4,0xe1,0x00,0x00,0x00,0x00,0x80,0x03,0x81,0xbe,
    0x07,0x00,0x82,0xbf,0x80,0x03,0x81,0xbe,0x47,0x00,0x89,0xbf,0xb2,0x00,0x82,0xbf,0x80,0x03,0x81,0xbe,0x04,0x00,0x89,0xbf,
    0x42,0x00,0x82,0xbf,0xc1,0x03,0x81,0xbe,0x40,0x00,0x82,0xbf,0x00,0x00,0x80,0xbf,0x00,0x85,0x02,0xbf,0x23,0x00,0x84,0xbf,
    0x7e,0x03,0x84,0xbe,0x80,0x03,0x82,0xbe,0x02,0x00,0x65,0xd7,0x04,0x00,0x01,0x00,0x80,0x04,0x84,0x7d,0x6a,0x3c,0x83,0xbe,
    0x0e,0x00,0x88,0xbf,0x04,0x0f,0x84,0xbe,0x80,0x02,0x06,0x7e,0x04,0x81,0x04,0x87,0x0c,0x04,0x05,0x93,0x0d,0x04,0x04,0x93,
    0x05,0x02,0x00,0x7e,0x04,0x02,0x02,0x7e,0x00,0x80,0x6d,0xdd,0x03,0x00,0x08,0x00,0x70,0x3f,0x8c,0xbf,0x00,0x00,0xc8,0xe1,
    0x00,0x00,0x00,0x00,0x00,0x00,0xc4,0xe1,0x00,0x00,0x00,0x00,0xe3,0xff,0xa3,0xbf,0x7e,0x03,0x7e,0x88,0x81,0x04,0x04,0x36,
    0x01,0x05,0x06,0x7e,0x00,0x05,0x08,0x7e,0x03,0x00,0x69,0xd5,0x0d,0x04,0x02,0x00,0x02,0x00,0x69,0xd5,0x0c,0x04,0x02,0x00,
    0x03,0x06,0x02,0x3a,0x04,0x04,0x00,0x3a,0x7e,0x02,0x6a,0x87,0x1b,0x00,0x86,0xbf,0x01,0x00,0x82,0xbf,0x19,0x00,0x88,0xbf,
    0x00,0x00,0x65,0xd7,0x7e,0x00,0x01,0x00,0x80,0x00,0x84,0x7d,0x6a,0x3c,0x82,0xbe,0x0a,0x00,0x88,0xbf,0x0c,0x02,0x00,0x7e,
    0x80,0x02,0x04,0x7e,0x0d,0x02,0x02,0x7e,0x00,0x80,0x69,0xdd,0x02,0x00,0x08,0x00,0x70,0x3f,0x8c,0xbf,0x00,0x00,0xc8,0xe1,
    0x00,0x00,0x00,0x00,0x00,0x00,0xc4,0xe1,0x00,0x00,0x00,0x00,0xe3,0xff,0xa3,0xbf,0x7e,0x02,0x7e,0x88,0x01,0x05,0x04,0x7e,
    0x00,0x05,0x06,0x7e,0x00,0x00,0x01,0xd5,0x0d,0x00,0xa9,0x01,0x02,0x00,0x01,0xd5,0x0c,0x00,0xa9,0x01,0x02,0x00,0x02,0x38,
    0x03,0x04,0x00,0x38,0x6c,0x00,0x82,0xbf,0x00,0x82,0x02,0xbf,0x1f,0x00,0x84,0xbf,0x00,0x83,0x02,0xbf,0x1e,0x00,0x84,0xbf,
    0x00,0x00,0x65,0xd7,0x7e,0x00,0x01,0x00,0x80,0x03,0x82,0xbe,0x80,0x00,0x84,0x7d,0x6a,0x3c,0x83,0xbe,0x0a,0x00,0x88,0xbf,
    0x0c,0x02,0x00,0x7e,0x80,0x02,0x04,0x7e,0x0d,0x02,0x02,0x7e,0x00,0x80,0x65,0xdd,0x02,0x00,0x08,0x00,0x70,0x3f,0x8c,0xbf,
    0x00,0x00,0xc8,0xe1,0x00,0x00,0x00,0x00,0x00,0x00,0xc4,0xe1,0x00,0x00,0x00,0x00,0xe3,0xff,0xa3,0xbf,0x7e,0x03,0x7e,0x88,
    0x01,0x05,0x06,0x7e,0x00,0x05,0x08,0x7e,0x00,0x00,0x01,0xd5,0x0d,0x82,0xa9,0x01,0x02,0x00,0x01,0xd5,0x0c,0x82,0xa9,0x01,
    0x03,0x00,0x02,0x36,0x04,0x04,0x00,0x36,0x7e,0x02,0x6a,0x87,0x03,0x00,0x87,0xbf,0x22,0x00,0x82,0xbf,0x22,0x00,0x82,0xbf,
    0x20,0x00,0x88,0xbf,0x7e,0x03,0x83,0xbe,0x02,0x00,0x65,0xd7,0x03,0x00,0x01,0x00,0x80,0x04,0x84,0x7d,0x6a,0x3c,0x82,0xbe,
    0x0f,0x00,0x88,0xbf,0x03,0x0f,0x83,0xbe,0x80,0x02,0x06,0x7e,0x0d,0x03,0x04,0x93,0x0c,0x03,0x85,0x9a,0x0c,0x03,0x03,0x93,
    0x05,0x04,0x05,0x81,0x03,0x02,0x00,0x7e,0x05,0x02,0x02,0x7e,0x00,0x80,0x4d,0xdd,0x03,0x00,0x08,0x00,0x70,0x3f,0x8c,0xbf,
    0x00,0x00,0xc8,0xe1,0x00,0x00,0x00,0x00,0x00,0x00,0xc4,0xe1,0x00,0x00,0x00,0x00,0xe3,0xff,0xa3,0xbf,0x7e,0x02,0x7e,0x88,
    0x03,0x02,0x76,0xd5,0x0c,0x04,0x02,0x02,0x01,0x05,0x06,0x7e,0x04,0x02,0x76,0xd5,0x0d,0x04,0x12,0x04,0x00,0x05,0x04,0x7e,
    0x00,0x6a,0x10,0xd7,0x02,0x06,0x02,0x00,0x03,0x08,0x02,0x52,0x28,0x00,0x89,0xbf,0x00,0x81,0x02,0xbf,0x21,0x00,0x84,0xbf,
    0x7e,0x03,0x84,0xbe,0x80,0x03,0x82,0xbe,0x02,0x00,0x65,0xd7,0x04,0x00,0x01,0x00,0x80,0x04,0x84,0x7d,0x6a,0x3c,0x83,0xbe,
    0x0f,0x00,0x88,0xbf,0x04,0x0f,0x84,0xbe,0x80,0x02,0x06,0x7e,0x0d,0x04,0x05,0x93,0x0c,0x04,0x86,0x9a,0x0c,0x04,0x04,0x93,
    0x06,0x05,0x06,0x81,0x04,0x02,0x00,0x7e,0x06,0x02,0x02,0x7e,0x00,0x80,0x49,0xdd,0x03,0x00,0x08,0x00,0x70,0x3f,0x8c,0xbf,
    0x00,0x00,0xc8,0xe1,0x00,0x00,0x00,0x00,0x00,0x00,0xc4,0xe1,0x00,0x00,0x00,0x00,0xe3,0xff,0xa3,0xbf,0x7e,0x03,0x7e,0x88,
    0x01,0x05,0x0a,0x7e,0x00,0x05,0x08,0x7e,0x00,0x03,0x76,0xd5,0x0c,0x04,0x12,0x00,0x01,0x03,0x76,0xd5,0x0d,0x04,0x06,0x04,
    0x7e,0x02,0x6a,0x87,0x06,0x00,0x86,0xbf,0x01,0x00,0x82,0xbf,0x04,0x00,0x88,0xbf,0x80,0x02,0x00,0x7e,0x80,0x02,0x02,0x7e,
    0x00,0x81,0x06,0xbf,0xc1,0x80,0x01,0x85,0x7e,0x01,0x6a,0x87,0x0a,0x00,0x86,0xbf,0x0c,0x02,0x00,0x7e,0x80,0x02,0x04,0x7e,
    0x0d,0x02,0x02,0x7e,0x00,0x80,0x41,0xdd,0x02,0x00,0x08,0x00,0x70,0x3f,0x8c,0xbf,0x00,0x00,0xc8,0xe1,0x00,0x00,0x00,0x00,
    0x00,0x00,0xc4,0xe1,0x00,0x00,0x00,0x00,0x80,0x02,0x04,0x7e,0x00,0x80,0x74,0xdc,0x02,0x00,0x0a,0x00,0x00,0x00,0x81,0xbf,
    0x00,0x00,0x8c,0xbf,0xff,0x3e,0x12,0x36,0xff,0x03,0x00,0x00,0x80,0x12,0x84,0x7d,0x6a,0x3c,0x84,0xbe,0x8a,0x00,0x88,0xbf,
    0x84,0x10,0x02,0x7d,0x80,0x03,0x85,0xbe,0x6a,0x3c,0x86,0xbe,0x7e,0x06,0x06,0x89,0x36,0x00,0x88,0xbf,0x86,0x10,0x02,0x7d,
    0x6a,0x3c,0x87,0xbe,0x7e,0x07,0x07,0x89,0x16,0x00,0x88,0xbf,0x87,0x10,0x02,0x7d,0xc1,0x03,0x88,0xbe,0x6a,0x3c,0x85,0xbe,
    0x10,0x00,0x88,0xbf,0x80,0x02,0x12,0x7e,0x80,0x02,0x14,0x7e,0x88,0x10,0x84,0x7d,0x6a,0x3c,0x88,0xbe,0x08,0x00,0x88,0xbf,
    0x00,0x00,0xfd,0xbb,0x00,0x80,0x45,0xdd,0x00,0x04,0x7d,0x09,0x70,0x3f,0x8c,0xbf,0x00,0x00,0xc8,0xe1,0x00,0x00,0x00,0x00,
    0x00,0x00,0xc4,0xe1,0x00,0x00,0x00,0x00,0xe3,0xff,0xa3,0xbf,0x7e,0x08,0x7e,0x88,0x7e,0xc1,0x08,0x89,0x7e,0x05,0x7e,0x88,
    0x08,0x7e,0x05,0x87,0x07,0x3f,0x87,0xbe,0x18,0x00,0x88,0xbf,0x85,0x10,0x02,0x7d,0x6a,0x3c,0x88,0xbe,0x7e,0x08,0x08,0x89,
    0x08,0x00,0x88,0xbf,0x00,0x00,0xfd,0xbb,0x00,0x80,0x6d,0xdd,0x00,0x04,0x7d,0x09,0x70,0x3f,0x8c,0xbf,0x00,0x00,0xc8,0xe1,
    0x00,0x00,0x00,0x00,0x00,0x00,0xc4,0xe1,0x00,0x00,0x00,0x00,0x08,0x3f,0x88,0xbe,0x08,0x00,0x88,0xbf,0x00,0x00,0xfd,0xbb,
    0x00,0x80,0x69,0xdd,0x00,0x04,0x7d,0x09,0x70,0x3f,0x8c,0xbf,0x00,0x00,0xc8,0xe1,0x00,0x00,0x00,0x00,0x00,0x00,0xc4,0xe1,
    0x00,0x00,0x00,0x00,0xe3,0xff,0xa3,0xbf,0x7e,0x08,0x7e,0x88,0x7e,0x07,0x7e,0x88,0x05,0x7e,0x05,0x87,0x06,0x3f,0x86,0xbe,
    0x3e,0x00,0x88,0xbf,0x82,0x10,0x02,0x7d,0x6a,0x3c,0x87,0xbe,0x7e,0x07,0x07,0x89,0x18,0x00,0x88,0xbf,0x83,0x10,0x02,0x7d,
    0x6a,0x3c,0x88,0xbe,0x7e,0x08,0x08,0x89,0x08,0x00,0x88,0xbf,0x00,0x00,0xfd,0xbb,0x00,0x80,0x65,0xdd,0x00,0x04,0x7d,0x09,
    0x70,0x3f,0x8c,0xbf,0x00,0x00,0xc8,0xe1,0x00,0x00,0x00,0x00,0x00,0x00,0xc4,0xe1,0x00,0x00,0x00,0x00,0x08,0x3f,0x88,0xbe,
    0x08,0x00,0x88,0xbf,0x00,0x00,0xfd,0xbb,0x00,0x80,0x4d,0xdd,0x00,0x04,0x7d,0x09,0x70,0x3f,0x8c,0xbf,0x00,0x00,0xc8,0xe1,
    0x00,0x00,0x00,0x00,0x00,0x00,0xc4,0xe1,0x00,0x00,0x00,0x00,0xe3,0xff,0xa3,0xbf,0x7e,0x08,0x7e,0x88,0x07,0x3d,0x87,0xbe,
    0x05,0x03,0x88,0xbe,0x7e,0x07,0x7e,0x89,0x1a,0x00,0x88,0xbf,0x81,0x10,0x02,0x7d,0x6a,0x3c,0x88,0xbe,0x7e,0x08,0x08,0x89,
    0x08,0x00,0x88,0xbf,0x00,0x00,0xfd,0xbb,0x00,0x80,0x49,0xdd,0x00,0x04,0x7d,0x09,0x70,0x3f,0x8c,0xbf,0x00,0x00,0xc8,0xe1,
    0x00,0x00,0x00,0x00,0x00,0x00,0xc4,0xe1,0x00,0x00,0x00,0x00,0x08,0x3d,0x88,0xbe,0x05,0x03,0x89,0xbe,0xe3,0xff,0xa3,0xbf,
    0x7e,0x08,0x7e,0x89,0x81,0x10,0x84,0x7d,0x80,0x02,0x12,0x7e,0x80,0x02,0x14,0x7e,0x05,0x7e,0x09,0x8a,0x6a,0x7e,0x0a,0x87,
    0x09,0x0a,0x09,0x88,0x7e,0x08,0x7e,0x88,0x05,0x7e,0x08,0x8a,0x09,0x7e,0x09,0x87,0x08,0x09,0x08,0x88,0x7e,0x07,0x7e,0x88,
    0x05,0x7e,0x05,0x8a,0x08,0x7e,0x07,0x87,0x05,0x07,0x05,0x88,0x7e,0x06,0x7e,0x88,0x05,0x3c,0x86,0xbe,0x08,0x00,0x88,0xbf,
    0x00,0x00,0xfd,0xbb,0x00,0x80,0x41,0xdd,0x00,0x04,0x7d,0x09,0x70,0x3f,0x8c,0xbf,0x00,0x00,0xc8,0xe1,0x00,0x00,0x00,0x00,
    0x00,0x00,0xc4,0xe1,0x00,0x00,0x00,0x00,0xe3,0xff,0xa3,0xbf,0x7e,0x06,0x7e,0x88,0x00,0x80,0x74,0xdc,0x02,0x09,0x7d,0x00,
    0xe3,0xff,0xa3,0xbf,0x7e,0x04,0x7e,0x88,0x1e,0x20,0x80,0xbe,0x00,0x00,0x9f,0xbf,0x00,0x00,0x9f,0xbf,0x00,0x00,0x9f,0xbf,
    0x00,0x00,0x9f,0xbf,0x00,0x00,0x9f,0xbf,0x00,0x00,0x9f,0xbf,0x00,0x00,0x9f,0xbf,0x00,0x00,0x9f,0xbf,0x00,0x00,0x9f,0xbf,
    0x00,0x00,0x9f,0xbf,0x00,0x00,0x9f,0xbf,0x00,0x00,0x9f,0xbf,0x00,0x00,0x9f,0xbf,0x00,0x00,0x9f,0xbf,0x00,0x00,0x9f,0xbf,
    0x00,0x00,0x9f,0xbf,0x00,0x00,0x9f,0xbf,0x00,0x00,0x9f,0xbf,0x00,0x00,0x9f,0xbf,0x00,0x00,0x9f,0xbf,0x00,0x00,0x9f,0xbf,
    0x00,0x00,0x9f,0xbf,0x00,0x00,0x9f,0xbf,0x00,0x00,0x9f,0xbf,0x00,0x00,0x9f,0xbf,0x00,0x00,0x9f,0xbf,0x00,0x00,0x9f,0xbf,
    0x00,0x00,0x9f,0xbf,0x00,0x00,0x9f,0xbf,0x00,0x00,0x9f,0xbf,0x00,0x00,0x9f,0xbf,0x00,0x00,0x9f,0xbf,0x00,0x00,0x9f,0xbf,
    0x00,0x00,0x9f,0xbf,0x00,0x00,0x9f,0xbf,0x00,0x00,0x9f,0xbf,0x00,0x00,0x9f,0xbf,0x00,0x00,0x9f,0xbf,0x00,0x00,0x9f,0xbf,
    0x00,0x00,0x9f,0xbf,0x00,0x00,0x9f,0xbf,0x00,0x00,0x9f,0xbf,0x00,0x00,0x9f,0xbf,0x00,0x00,0x9f,0xbf,0x00,0x00,0x9f,0xbf,
    0x00,0x00,0x9f,0xbf,0x00,0x00,0x9f,0xbf,0x00,0x00,0x9f,0xbf,0x00,0x00,0x9f,0xbf,0x00,0x00,0x9f,0xbf,0x00,0x00,0x9f,0xbf,
    0x00,0x00,0x9f,0xbf,0x00,0x00,0x9f,0xbf,0x00,0x00,0x9f,0xbf,0x00,0x00,0x9f,0xbf,0x06,0x00,0x00,0x00,0x00,0x00,0x00,0x00,
    0x30,0x05,0x00,0x00,0x00,0x00,0x00,0x00,0x0b,0x00,0x00,0x00,0x00,0x00,0x00,0x00,0x18,0x00,0x00,0x00,0x00,0x00,0x00,0x00,
    0x05,0x00,0x00,0x00,0x00,0x00,0x00,0x00,0xe0,0x05,0x00,0x00,0x00,0x00,0x00,0x00,0x0a,0x00,0x00,0x00,0x00,0x00,0x00,0x00,
    0x4c,0x00,0x00,0x00,0x00,0x00,0x00,0x00,0xf5,0xfe,0xff,0x6f,0x00,0x00,0x00,0x00,0x90,0x05,0x00,0x00,0x00,0x00,0x00,0x00,
    0x04,0x00,0x00,0x00,0x00,0x00,0x00,0x00,0xb8,0x05,0x00,0x00,0x00,0x00,0x00,0x00,0x00,0x00,0x00,0x00,0x00,0x00,0x00,0x00,
    0x00,0x00,0x00,0x00,0x00,0x00,0x00,0x00,0x48,0x6f,0x6d,0x65,0x62,0x72,0x65,0x77,0x20,0x63,0x6c,0x61,0x6e,0x67,0x20,0x76,
    0x65,0x72,0x73,0x69,0x6f,0x6e,0x20,0x32,0x31,0x2e,0x31,0x2e,0x38,0x00,0x00,0x4c,0x69,0x6e,0x6b,0x65,0x72,0x3a,0x20,0x48,
    0x6f,0x6d,0x65,0x62,0x72,0x65,0x77,0x20,0x4c,0x4c,0x44,0x20,0x32,0x31,0x2e,0x31,0x2e,0x38,0x00,0x00,0x00,0x00,0x00,0x00,
    0x00,0x00,0x00,0x00,0x00,0x00,0x00,0x00,0x00,0x00,0x00,0x00,0x00,0x00,0x00,0x00,0x00,0x00,0x00,0x00,0x00,0x00,0x00,0x00,
    0x01,0x00,0x00,0x00,0x00,0x00,0xf1,0xff,0x00,0x00,0x00,0x00,0x00,0x00,0x00,0x00,0x00,0x00,0x00,0x00,0x00,0x00,0x00,0x00,
    0x23,0x00,0x00,0x00,0x00,0x00,0xf1,0xff,0x00,0x00,0x00,0x00,0x00,0x00,0x00,0x00,0x00,0x00,0x00,0x00,0x00,0x00,0x00,0x00,
    0x3d,0x00,0x00,0x00,0x00,0x00,0xf1,0xff,0x06,0x00,0x00,0x00,0x00,0x00,0x00,0x00,0x00,0x00,0x00,0x00,0x00,0x00,0x00,0x00,
    0x57,0x00,0x00,0x00,0x00,0x00,0xf1,0xff,0x10,0x00,0x00,0x00,0x00,0x00,0x00,0x00,0x00,0x00,0x00,0x00,0x00,0x00,0x00,0x00,
    0x76,0x00,0x00,0x00,0x00,0x00,0xf1,0xff,0x01,0x00,0x00,0x00,0x00,0x00,0x00,0x00,0x00,0x00,0x00,0x00,0x00,0x00,0x00,0x00,
    0x90,0x00,0x00,0x00,0x00,0x00,0xf1,0xff,0x00,0x00,0x00,0x00,0x00,0x00,0x00,0x00,0x00,0x00,0x00,0x00,0x00,0x00,0x00,0x00,
    0xb3,0x00,0x00,0x00,0x00,0x00,0xf1,0xff,0x00,0x00,0x00,0x00,0x00,0x00,0x00,0x00,0x00,0x00,0x00,0x00,0x00,0x00,0x00,0x00,
    0xd8,0x00,0x00,0x00,0x00,0x00,0xf1,0xff,0x00,0x00,0x00,0x00,0x00,0x00,0x00,0x00,0x00,0x00,0x00,0x00,0x00,0x00,0x00,0x00,
    0x42,0x01,0x00,0x00,0x00,0x02,0x08,0x00,0xc0,0x2d,0x00,0x00,0x00,0x00,0x00,0x00,0x00,0x00,0x00,0x00,0x00,0x00,0x00,0x00,
    0xf7,0x00,0x00,0x00,0x12,0x03,0x07,0x00,0x00,0x17,0x00,0x00,0x00,0x00,0x00,0x00,0x98,0x03,0x00,0x00,0x00,0x00,0x00,0x00,
    0x08,0x01,0x00,0x00,0x11,0x03,0x06,0x00,0x40,0x06,0x00,0x00,0x00,0x00,0x00,0x00,0x40,0x00,0x00,0x00,0x00,0x00,0x00,0x00,
    0x1c,0x01,0x00,0x00,0x12,0x03,0x07,0x00,0x98,0x1a,0x00,0x00,0x00,0x00,0x00,0x00,0x4c,0x02,0x00,0x00,0x00,0x00,0x00,0x00,
    0x00,0x2e,0x6e,0x6f,0x74,0x65,0x00,0x2e,0x64,0x79,0x6e,0x73,0x79,0x6d,0x00,0x2e,0x67,0x6e,0x75,0x2e,0x68,0x61,0x73,0x68,
    0x00,0x2e,0x68,0x61,0x73,0x68,0x00,0x2e,0x64,0x79,0x6e,0x73,0x74,0x72,0x00,0x2e,0x72,0x6f,0x64,0x61,0x74,0x61,0x00,0x2e,
    0x74,0x65,0x78,0x74,0x00,0x2e,0x64,0x79,0x6e,0x61,0x6d,0x69,0x63,0x00,0x2e,0x72,0x65,0x6c,0x72,0x6f,0x5f,0x70,0x61,0x64,
    0x64,0x69,0x6e,0x67,0x00,0x2e,0x41,0x4d,0x44,0x47,0x50,0x55,0x2e,0x67,0x70,0x72,0x5f,0x6d,0x61,0x78,0x69,0x6d,0x75,0x6d,
    0x73,0x00,0x2e,0x63,0x6f,0x6d,0x6d,0x65,0x6e,0x74,0x00,0x2e,0x73,0x79,0x6d,0x74,0x61,0x62,0x00,0x2e,0x73,0x68,0x73,0x74,
    0x72,0x74,0x61,0x62,0x00,0x2e,0x73,0x74,0x72,0x74,0x61,0x62,0x00,0x00,0x73,0x69,0x67,0x6e,0x61,0x6c,0x5f,0x6f,0x70,0x65,
    0x72,0x61,0x74,0x69,0x6f,0x6e,0x2e,0x70,0x72,0x69,0x76,0x61,0x74,0x65,0x5f,0x73,0x65,0x67,0x5f,0x73,0x69,0x7a,0x65,0x00,
    0x73,0x69,0x67,0x6e,0x61,0x6c,0x5f,0x6f,0x70,0x65,0x72,0x61,0x74,0x69,0x6f,0x6e,0x2e,0x6e,0x75,0x6d,0x5f,0x61,0x67,0x70,
    0x72,0x00,0x73,0x69,0x67,0x6e,0x61,0x6c,0x5f,0x6f,0x70,0x65,0x72,0x61,0x74,0x69,0x6f,0x6e,0x2e,0x6e,0x75,0x6d,0x5f,0x76,
    0x67,0x70,0x72,0x00,0x73,0x69,0x67,0x6e,0x61,0x6c,0x5f,0x6f,0x70,0x65,0x72,0x61,0x74,0x69,0x6f,0x6e,0x2e,0x6e,0x75,0x6d,
    0x62,0x65,0x72,0x65,0x64,0x5f,0x73,0x67,0x70,0x72,0x00,0x73,0x69,0x67,0x6e,0x61,0x6c,0x5f,0x6f,0x70,0x65,0x72,0x61,0x74,
    0x69,0x6f,0x6e,0x2e,0x75,0x73,0x65,0x73,0x5f,0x76,0x63,0x63,0x00,0x73,0x69,0x67,0x6e,0x61,0x6c,0x5f,0x6f,0x70,0x65,0x72,
    0x61,0x74,0x69,0x6f,0x6e,0x2e,0x75,0x73,0x65,0x73,0x5f,0x66,0x6c,0x61,0x74,0x5f,0x73,0x63,0x72,0x61,0x74,0x63,0x68,0x00,
    0x73,0x69,0x67,0x6e,0x61,0x6c,0x5f,0x6f,0x70,0x65,0x72,0x61,0x74,0x69,0x6f,0x6e,0x2e,0x68,0x61,0x73,0x5f,0x64,0x79,0x6e,
    0x5f,0x73,0x69,0x7a,0x65,0x64,0x5f,0x73,0x74,0x61,0x63,0x6b,0x00,0x73,0x69,0x67,0x6e,0x61,0x6c,0x5f,0x6f,0x70,0x65,0x72,
    0x61,0x74,0x69,0x6f,0x6e,0x2e,0x68,0x61,0x73,0x5f,0x72,0x65,0x63,0x75,0x72,0x73,0x69,0x6f,0x6e,0x00,0x73,0x69,0x67,0x6e,
    0x61,0x6c,0x5f,0x6f,0x70,0x65,0x72,0x61,0x74,0x69,0x6f,0x6e,0x00,0x73,0x69,0x67,0x6e,0x61,0x6c,0x5f,0x6f,0x70,0x65,0x72,
    0x61,0x74,0x69,0x6f,0x6e,0x2e,0x6b,0x64,0x00,0x5f,0x5f,0x63,0x6c,0x61,0x6e,0x67,0x5f,0x6f,0x63,0x6c,0x5f,0x6b,0x65,0x72,
    0x6e,0x5f,0x69,0x6d,0x70,0x5f,0x73,0x69,0x67,0x6e,0x61,0x6c,0x5f,0x6f,0x70,0x65,0x72,0x61,0x74,0x69,0x6f,0x6e,0x00,0x5f,
    0x44,0x59,0x4e,0x41,0x4d,0x49,0x43,0x00,0x00,0x00,0x00,0x00,0x00,0x00,0x00,0x00,0x00,0x00,0x00,0x00,0x00,0x00,0x00,0x00,
    0x00,0x00,0x00,0x00,0x00,0x00,0x00,0x00,0x00,0x00,0x00,0x00,0x00,0x00,0x00,0x00,0x00,0x00,0x00,0x00,0x00,0x00,0x00,0x00,
    0x00,0x00,0x00,0x00,0x00,0x00,0x00,0x00,0x00,0x00,0x00,0x00,0x00,0x00,0x00,0x00,0x00,0x00,0x00,0x00,0x00,0x00,0x00,0x00,
    0x01,0x00,0x00,0x00,0x07,0x00,0x00,0x00,0x02,0x00,0x00,0x00,0x00,0x00,0x00,0x00,0x00,0x02,0x00,0x00,0x00,0x00,0x00,0x00,
    0x00,0x02,0x00,0x00,0x00,0x00,0x00,0x00,0x30,0x03,0x00,0x00,0x00,0x00,0x00,0x00,0x00,0x00,0x00,0x00,0x00,0x00,0x00,0x00,
    0x04,0x00,0x00,0x00,0x00,0x00,0x00,0x00,0x00,0x00,0x00,0x00,0x00,0x00,0x00,0x00,0x07,0x00,0x00,0x00,0x0b,0x00,0x00,0x00,
    0x02,0x00,0x00,0x00,0x00,0x00,0x00,0x00,0x30,0x05,0x00,0x00,0x00,0x00,0x00,0x00,0x30,0x05,0x00,0x00,0x00,0x00,0x00,0x00,
    0x60,0x00,0x00,0x00,0x00,0x00,0x00,0x00,0x05,0x00,0x00,0x00,0x01,0x00,0x00,0x00,0x08,0x00,0x00,0x00,0x00,0x00,0x00,0x00,
    0x18,0x00,0x00,0x00,0x00,0x00,0x00,0x00,0x0f,0x00,0x00,0x00,0xf6,0xff,0xff,0x6f,0x02,0x00,0x00,0x00,0x00,0x00,0x00,0x00,
    0x90,0x05,0x00,0x00,0x00,0x00,0x00,0x00,0x90,0x05,0x00,0x00,0x00,0x00,0x00,0x00,0x28,0x00,0x00,0x00,0x00,0x00,0x00,0x00,
    0x02,0x00,0x00,0x00,0x00,0x00,0x00,0x00,0x08,0x00,0x00,0x00,0x00,0x00,0x00,0x00,0x00,0x00,0x00,0x00,0x00,0x00,0x00,0x00,
    0x19,0x00,0x00,0x00,0x05,0x00,0x00,0x00,0x02,0x00,0x00,0x00,0x00,0x00,0x00,0x00,0xb8,0x05,0x00,0x00,0x00,0x00,0x00,0x00,
    0xb8,0x05,0x00,0x00,0x00,0x00,0x00,0x00,0x28,0x00,0x00,0x00,0x00,0x00,0x00,0x00,0x02,0x00,0x00,0x00,0x00,0x00,0x00,0x00,
    0x04,0x00,0x00,0x00,0x00,0x00,0x00,0x00,0x04,0x00,0x00,0x00,0x00,0x00,0x00,0x00,0x1f,0x00,0x00,0x00,0x03,0x00,0x00,0x00,
    0x02,0x00,0x00,0x00,0x00,0x00,0x00,0x00,0xe0,0x05,0x00,0x00,0x00,0x00,0x00,0x00,0xe0,0x05,0x00,0x00,0x00,0x00,0x00,0x00,
    0x4c,0x00,0x00,0x00,0x00,0x00,0x00,0x00,0x00,0x00,0x00,0x00,0x00,0x00,0x00,0x00,0x01,0x00,0x00,0x00,0x00,0x00,0x00,0x00,
    0x00,0x00,0x00,0x00,0x00,0x00,0x00,0x00,0x27,0x00,0x00,0x00,0x01,0x00,0x00,0x00,0x02,0x00,0x00,0x00,0x00,0x00,0x00,0x00,
    0x40,0x06,0x00,0x00,0x00,0x00,0x00,0x00,0x40,0x06,0x00,0x00,0x00,0x00,0x00,0x00,0x40,0x00,0x00,0x00,0x00,0x00,0x00,0x00,
    0x00,0x00,0x00,0x00,0x00,0x00,0x00,0x00,0x40,0x00,0x00,0x00,0x00,0x00,0x00,0x00,0x00,0x00,0x00,0x00,0x00,0x00,0x00,0x00,
    0x2f,0x00,0x00,0x00,0x01,0x00,0x00,0x00,0x06,0x00,0x00,0x00,0x00,0x00,0x00,0x00,0x00,0x17,0x00,0x00,0x00,0x00,0x00,0x00,
    0x00,0x07,0x00,0x00,0x00,0x00,0x00,0x00,0xc0,0x06,0x00,0x00,0x00,0x00,0x00,0x00,0x00,0x00,0x00,0x00,0x00,0x00,0x00,0x00,
    0x00,0x01,0x00,0x00,0x00,0x00,0x00,0x00,0x00,0x00,0x00,0x00,0x00,0x00,0x00,0x00,0x35,0x00,0x00,0x00,0x06,0x00,0x00,0x00,
    0x03,0x00,0x00,0x00,0x00,0x00,0x00,0x00,0xc0,0x2d,0x00,0x00,0x00,0x00,0x00,0x00,0xc0,0x0d,0x00,0x00,0x00,0x00,0x00,0x00,
    0x70,0x00,0x00,0x00,0x00,0x00,0x00,0x00,0x05,0x00,0x00,0x00,0x00,0x00,0x00,0x00,0x08,0x00,0x00,0x00,0x00,0x00,0x00,0x00,
    0x10,0x00,0x00,0x00,0x00,0x00,0x00,0x00,0x3e,0x00,0x00,0x00,0x08,0x00,0x00,0x00,0x03,0x00,0x00,0x00,0x00,0x00,0x00,0x00,
    0x30,0x2e,0x00,0x00,0x00,0x00,0x00,0x00,0x30,0x0e,0x00,0x00,0x00,0x00,0x00,0x00,0xd0,0x01,0x00,0x00,0x00,0x00,0x00,0x00,
    0x00,0x00,0x00,0x00,0x00,0x00,0x00,0x00,0x01,0x00,0x00,0x00,0x00,0x00,0x00,0x00,0x00,0x00,0x00,0x00,0x00,0x00,0x00,0x00,
    0x4d,0x00,0x00,0x00,0x01,0x00,0x00,0x00,0x00,0x00,0x00,0x00,0x00,0x00,0x00,0x00,0x00,0x00,0x00,0x00,0x00,0x00,0x00,0x00,
    0x30,0x0e,0x00,0x00,0x00,0x00,0x00,0x00,0x00,0x00,0x00,0x00,0x00,0x00,0x00,0x00,0x00,0x00,0x00,0x00,0x00,0x00,0x00,0x00,
    0x01,0x00,0x00,0x00,0x00,0x00,0x00,0x00,0x00,0x00,0x00,0x00,0x00,0x00,0x00,0x00,0x62,0x00,0x00,0x00,0x01,0x00,0x00,0x00,
    0x30,0x00,0x00,0x00,0x00,0x00,0x00,0x00,0x00,0x00,0x00,0x00,0x00,0x00,0x00,0x00,0x30,0x0e,0x00,0x00,0x00,0x00,0x00,0x00,
    0x3b,0x00,0x00,0x00,0x00,0x00,0x00,0x00,0x00,0x00,0x00,0x00,0x00,0x00,0x00,0x00,0x01,0x00,0x00,0x00,0x00,0x00,0x00,0x00,
    0x01,0x00,0x00,0x00,0x00,0x00,0x00,0x00,0x6b,0x00,0x00,0x00,0x02,0x00,0x00,0x00,0x00,0x00,0x00,0x00,0x00,0x00,0x00,0x00,
    0x00,0x00,0x00,0x00,0x00,0x00,0x00,0x00,0x70,0x0e,0x00,0x00,0x00,0x00,0x00,0x00,0x38,0x01,0x00,0x00,0x00,0x00,0x00,0x00,
    0x0e,0x00,0x00,0x00,0x0a,0x00,0x00,0x00,0x08,0x00,0x00,0x00,0x00,0x00,0x00,0x00,0x18,0x00,0x00,0x00,0x00,0x00,0x00,0x00,
    0x73,0x00,0x00,0x00,0x03,0x00,0x00,0x00,0x00,0x00,0x00,0x00,0x00,0x00,0x00,0x00,0x00,0x00,0x00,0x00,0x00,0x00,0x00,0x00,
    0xa8,0x0f,0x00,0x00,0x00,0x00,0x00,0x00,0x85,0x00,0x00,0x00,0x00,0x00,0x00,0x00,0x00,0x00,0x00,0x00,0x00,0x00,0x00,0x00,
    0x01,0x00,0x00,0x00,0x00,0x00,0x00,0x00,0x00,0x00,0x00,0x00,0x00,0x00,0x00,0x00,0x7d,0x00,0x00,0x00,0x03,0x00,0x00,0x00,
    0x00,0x00,0x00,0x00,0x00,0x00,0x00,0x00,0x00,0x00,0x00,0x00,0x00,0x00,0x00,0x00,0x2d,0x10,0x00,0x00,0x00,0x00,0x00,0x00,
    0x4b,0x01,0x00,0x00,0x00,0x00,0x00,0x00,0x00,0x00,0x00,0x00,0x00,0x00,0x00,0x00,0x01,0x00,0x00,0x00,0x00,0x00,0x00,0x00,
    0x00,0x00,0x00,0x00,0x00,0x00,0x00,0x00,
};
// gfx10-1-generic signal_mailbox_service: e_flags=0x01000152, 7232 bytes
inline constexpr uint8_t signal_mailbox_service[] = {
    0x7f,0x45,0x4c,0x46,0x02,0x01,0x01,0x40,0x04,0x00,0x00,0x00,0x00,0x00,0x00,0x00,0x03,0x00,0xe0,0x00,0x01,0x00,0x00,0x00,
    0x00,0x00,0x00,0x00,0x00,0x00,0x00,0x00,0x40,0x00,0x00,0x00,0x00,0x00,0x00,0x00,0x80,0x18,0x00,0x00,0x00,0x00,0x00,0x00,
    0x52,0x01,0x00,0x01,0x40,0x00,0x38,0x00,0x08,0x00,0x40,0x00,0x0f,0x00,0x0d,0x00,0x06,0x00,0x00,0x00,0x04,0x00,0x00,0x00,
    0x40,0x00,0x00,0x00,0x00,0x00,0x00,0x00,0x40,0x00,0x00,0x00,0x00,0x00,0x00,0x00,0x40,0x00,0x00,0x00,0x00,0x00,0x00,0x00,
    0xc0,0x01,0x00,0x00,0x00,0x00,0x00,0x00,0xc0,0x01,0x00,0x00,0x00,0x00,0x00,0x00,0x08,0x00,0x00,0x00,0x00,0x00,0x00,0x00,
    0x01,0x00,0x00,0x00,0x04,0x00,0x00,0x00,0x00,0x00,0x00,0x00,0x00,0x00,0x00,0x00,0x00,0x00,0x00,0x00,0x00,0x00,0x00,0x00,
    0x00,0x00,0x00,0x00,0x00,0x00,0x00,0x00,0x80,0x06,0x00,0x00,0x00,0x00,0x00,0x00,0x80,0x06,0x00,0x00,0x00,0x00,0x00,0x00,
    0x00,0x10,0x00,0x00,0x00,0x00,0x00,0x00,0x01,0x00,0x00,0x00,0x05,0x00,0x00,0x00,0x00,0x07,0x00,0x00,0x00,0x00,0x00,0x00,
    0x00,0x17,0x00,0x00,0x00,0x00,0x00,0x00,0x00,0x17,0x00,0x00,0x00,0x00,0x00,0x00,0x80,0x0d,0x00,0x00,0x00,0x00,0x00,0x00,
    0x80,0x0d,0x00,0x00,0x00,0x00,0x00,0x00,0x00,0x10,0x00,0x00,0x00,0x00,0x00,0x00,0x01,0x00,0x00,0x00,0x06,0x00,0x00,0x00,
    0x80,0x14,0x00,0x00,0x00,0x00,0x00,0x00,0x80,0x34,0x00,0x00,0x00,0x00,0x00,0x00,0x80,0x34,0x00,0x00,0x00,0x00,0x00,0x00,
    0x70,0x00,0x00,0x00,0x00,0x00,0x00,0x00,0x80,0x0b,0x00,0x00,0x00,0x00,0x00,0x00,0x00,0x10,0x00,0x00,0x00,0x00,0x00,0x00,
    0x02,0x00,0x00,0x00,0x06,0x00,0x00,0x00,0x80,0x14,0x00,0x00,0x00,0x00,0x00,0x00,0x80,0x34,0x00,0x00,0x00,0x00,0x00,0x00,
    0x80,0x34,0x00,0x00,0x00,0x00,0x00,0x00,0x70,0x00,0x00,0x00,0x00,0x00,0x00,0x00,0x70,0x00,0x00,0x00,0x00,0x00,0x00,0x00,
    0x08,0x00,0x00,0x00,0x00,0x00,0x00,0x00,0x52,0xe5,0x74,0x64,0x04,0x00,0x00,0x00,0x80,0x14,0x00,0x00,0x00,0x00,0x00,0x00,
    0x80,0x34,0x00,0x00,0x00,0x00,0x00,0x00,0x80,0x34,0x00,0x00,0x00,0x00,0x00,0x00,0x70,0x00,0x00,0x00,0x00,0x00,0x00,0x00,
    0x80,0x0b,0x00,0x00,0x00,0x00,0x00,0x00,0x01,0x00,0x00,0x00,0x00,0x00,0x00,0x00,0x51,0xe5,0x74,0x64,0x06,0x00,0x00,0x00,
    0x00,0x00,0x00,0x00,0x00,0x00,0x00,0x00,0x00,0x00,0x00,0x00,0x00,0x00,0x00,0x00,0x00,0x00,0x00,0x00,0x00,0x00,0x00,0x00,
    0x00,0x00,0x00,0x00,0x00,0x00,0x00,0x00,0x00,0x00,0x00,0x00,0x00,0x00,0x00,0x00,0x00,0x00,0x00,0x00,0x00,0x00,0x00,0x00,
    0x04,0x00,0x00,0x00,0x04,0x00,0x00,0x00,0x00,0x02,0x00,0x00,0x00,0x00,0x00,0x00,0x00,0x02,0x00,0x00,0x00,0x00,0x00,0x00,
    0x00,0x02,0x00,0x00,0x00,0x00,0x00,0x00,0x0c,0x03,0x00,0x00,0x00,0x00,0x00,0x00,0x0c,0x03,0x00,0x00,0x00,0x00,0x00,0x00,
    0x04,0x00,0x00,0x00,0x00,0x00,0x00,0x00,0x07,0x00,0x00,0x00,0xf5,0x02,0x00,0x00,0x20,0x00,0x00,0x00,0x41,0x4d,0x44,0x47,
    0x50,0x55,0x00,0x00,0x83,0xae,0x61,0x6d,0x64,0x68,0x73,0x61,0x2e,0x6b,0x65,0x72,0x6e,0x65,0x6c,0x73,0x91,0xde,0x00,0x12,
    0xa5,0x2e,0x61,0x72,0x67,0x73,0x94,0x85,0xae,0x2e,0x61,0x64,0x64,0x72,0x65,0x73,0x73,0x5f,0x73,0x70,0x61,0x63,0x65,0xa6,
    0x67,0x6c,0x6f,0x62,0x61,0x6c,0xa7,0x2e,0x6f,0x66,0x66,0x73,0x65,0x74,0x00,0xa5,0x2e,0x73,0x69,0x7a,0x65,0x08,0xaa,0x2e,
    0x74,0x79,0x70,0x65,0x5f,0x6e,0x61,0x6d,0x65,0xa6,0x75,0x6c,0x6f,0x6e,0x67,0x2a,0xab,0x2e,0x76,0x61,0x6c,0x75,0x65,0x5f,
    0x6b,0x69,0x6e,0x64,0xad,0x67,0x6c,0x6f,0x62,0x61,0x6c,0x5f,0x62,0x75,0x66,0x66,0x65,0x72,0x85,0xae,0x2e,0x61,0x64,0x64,
    0x72,0x65,0x73,0x73,0x5f,0x73,0x70,0x61,0x63,0x65,0xa6,0x67,0x6c,0x6f,0x62,0x61,0x6c,0xa7,0x2e,0x6f,0x66,0x66,0x73,0x65,
    0x74,0x08,0xa5,0x2e,0x73,0x69,0x7a,0x65,0x08,0xaa,0x2e,0x74,0x79,0x70,0x65,0x5f,0x6e,0x61,0x6d,0x65,0xa6,0x75,0x6c,0x6f,
    0x6e,0x67,0x2a,0xab,0x2e,0x76,0x61,0x6c,0x75,0x65,0x5f,0x6b,0x69,0x6e,0x64,0xad,0x67,0x6c,0x6f,0x62,0x61,0x6c,0x5f,0x62,
    0x75,0x66,0x66,0x65,0x72,0x84,0xa7,0x2e,0x6f,0x66,0x66,0x73,0x65,0x74,0x10,0xa5,0x2e,0x73,0x69,0x7a,0x65,0x08,0xaa,0x2e,
    0x74,0x79,0x70,0x65,0x5f,0x6e,0x61,0x6d,0x65,0xa5,0x75,0x6c,0x6f,0x6e,0x67,0xab,0x2e,0x76,0x61,0x6c,0x75,0x65,0x5f,0x6b,
    0x69,0x6e,0x64,0xa8,0x62,0x79,0x5f,0x76,0x61,0x6c,0x75,0x65,0x84,0xa7,0x2e,0x6f,0x66,0x66,0x73,0x65,0x74,0x18,0xa5,0x2e,
    0x73,0x69,0x7a,0x65,0x08,0xaa,0x2e,0x74,0x79,0x70,0x65,0x5f,0x6e,0x61,0x6d,0x65,0xa5,0x75,0x6c,0x6f,0x6e,0x67,0xab,0x2e,
    0x76,0x61,0x6c,0x75,0x65,0x5f,0x6b,0x69,0x6e,0x64,0xa8,0x62,0x79,0x5f,0x76,0x61,0x6c,0x75,0x65,0xb9,0x2e,0x67,0x72,0x6f,
    0x75,0x70,0x5f,0x73,0x65,0x67,0x6d,0x65,0x6e,0x74,0x5f,0x66,0x69,0x78,0x65,0x64,0x5f,0x73,0x69,0x7a,0x65,0x00,0xb6,0x2e,
    0x6b,0x65,0x72,0x6e,0x61,0x72,0x67,0x5f,0x73,0x65,0x67,0x6d,0x65,0x6e,0x74,0x5f,0x61,0x6c,0x69,0x67,0x6e,0x08,0xb5,0x2e,
    0x6b,0x65,0x72,0x6e,0x61,0x72,0x67,0x5f,0x73,0x65,0x67,0x6d,0x65,0x6e,0x74,0x5f,0x73,0x69,0x7a,0x65,0x20,0xa9,0x2e,0x6c,
    0x61,0x6e,0x67,0x75,0x61,0x67,0x65,0xa8,0x4f,0x70,0x65,0x6e,0x43,0x4c,0x20,0x43,0xb1,0x2e,0x6c,0x61,0x6e,0x67,0x75,0x61,
    0x67,0x65,0x5f,0x76,0x65,0x72,0x73,0x69,0x6f,0x6e,0x92,0x02,0x00,0xb8,0x2e,0x6d,0x61,0x78,0x5f,0x66,0x6c,0x61,0x74,0x5f,
    0x77,0x6f,0x72,0x6b,0x67,0x72,0x6f,0x75,0x70,0x5f,0x73,0x69,0x7a,0x65,0x20,0xa5,0x2e,0x6e,0x61,0x6d,0x65,0xb6,0x73,0x69,
    0x67,0x6e,0x61,0x6c,0x5f,0x6d,0x61,0x69,0x6c,0x62,0x6f,0x78,0x5f,0x73,0x65,0x72,0x76,0x69,0x63,0x65,0xbb,0x2e,0x70,0x72,
    0x69,0x76,0x61,0x74,0x65,0x5f,0x73,0x65,0x67,0x6d,0x65,0x6e,0x74,0x5f,0x66,0x69,0x78,0x65,0x64,0x5f,0x73,0x69,0x7a,0x65,
    0x00,0xb4,0x2e,0x72,0x65,0x71,0x64,0x5f,0x77,0x6f,0x72,0x6b,0x67,0x72,0x6f,0x75,0x70,0x5f,0x73,0x69,0x7a,0x65,0x93,0x20,
    0x01,0x01,0xab,0x2e,0x73,0x67,0x70,0x72,0x5f,0x63,0x6f,0x75,0x6e,0x74,0x1a,0xb1,0x2e,0x73,0x67,0x70,0x72,0x5f,0x73,0x70,
    0x69,0x6c,0x6c,0x5f,0x63,0x6f,0x75,0x6e,0x74,0x00,0xa7,0x2e,0x73,0x79,0x6d,0x62,0x6f,0x6c,0xb9,0x73,0x69,0x67,0x6e,0x61,
    0x6c,0x5f,0x6d,0x61,0x69,0x6c,0x62,0x6f,0x78,0x5f,0x73,0x65,0x72,0x76,0x69,0x63,0x65,0x2e,0x6b,0x64,0xb3,0x2e,0x75,0x73,
    0x65,0x73,0x5f,0x64,0x79,0x6e,0x61,0x6d,0x69,0x63,0x5f,0x73,0x74,0x61,0x63,0x6b,0xc2,0xab,0x2e,0x76,0x67,0x70,0x72,0x5f,
    0x63,0x6f,0x75,0x6e,0x74,0x10,0xb1,0x2e,0x76,0x67,0x70,0x72,0x5f,0x73,0x70,0x69,0x6c,0x6c,0x5f,0x63,0x6f,0x75,0x6e,0x74,
    0x00,0xaf,0x2e,0x77,0x61,0x76,0x65,0x66,0x72,0x6f,0x6e,0x74,0x5f,0x73,0x69,0x7a,0x65,0x20,0xb9,0x2e,0x77,0x6f,0x72,0x6b,
    0x67,0x72,0x6f,0x75,0x70,0x5f,0x70,0x72,0x6f,0x63,0x65,0x73,0x73,0x6f,0x72,0x5f,0x6d,0x6f,0x64,0x65,0x01,0xad,0x61,0x6d,
    0x64,0x68,0x73,0x61,0x2e,0x74,0x61,0x72,0x67,0x65,0x74,0xd9,0x22,0x61,0x6d,0x64,0x67,0x63,0x6e,0x2d,0x61,0x6d,0x64,0x2d,
    0x61,0x6d,0x64,0x68,0x73,0x61,0x2d,0x2d,0x67,0x66,0x78,0x31,0x30,0x2d,0x31,0x2d,0x67,0x65,0x6e,0x65,0x72,0x69,0x63,0xae,
    0x61,0x6d,0x64,0x68,0x73,0x61,0x2e,0x76,0x65,0x72,0x73,0x69,0x6f,0x6e,0x92,0x01,0x02,0x00,0x00,0x00,0x00,0x00,0x00,0x00,
    0x00,0x00,0x00,0x00,0x00,0x00,0x00,0x00,0x00,0x00,0x00,0x00,0x00,0x00,0x00,0x00,0x00,0x00,0x00,0x00,0x00,0x00,0x00,0x00,
    0x01,0x00,0x00,0x00,0x12,0x03,0x07,0x00,0x00,0x17,0x00,0x00,0x00,0x00,0x00,0x00,0x68,0x06,0x00,0x00,0x00,0x00,0x00,0x00,
    0x18,0x00,0x00,0x00,0x11,0x03,0x06,0x00,0x40,0x06,0x00,0x00,0x00,0x00,0x00,0x00,0x40,0x00,0x00,0x00,0x00,0x00,0x00,0x00,
    0x32,0x00,0x00,0x00,0x12,0x03,0x07,0x00,0x68,0x1d,0x00,0x00,0x00,0x00,0x00,0x00,0x20,0x06,0x00,0x00,0x00,0x00,0x00,0x00,
    0x01,0x00,0x00,0x00,0x01,0x00,0x00,0x00,0x01,0x00,0x00,0x00,0x1a,0x00,0x00,0x00,0x80,0x00,0x02,0x08,0x00,0x18,0x00,0x40,
    0x01,0x00,0x00,0x00,0xbe,0x02,0xfc,0xae,0xda,0xc3,0xfd,0x1e,0x11,0x45,0x69,0xb1,0x04,0x00,0x00,0x00,0x04,0x00,0x00,0x00,
    0x02,0x00,0x00,0x00,0x03,0x00,0x00,0x00,0x00,0x00,0x00,0x00,0x00,0x00,0x00,0x00,0x00,0x00,0x00,0x00,0x00,0x00,0x00,0x00,
    0x00,0x00,0x00,0x00,0x01,0x00,0x00,0x00,0x00,0x73,0x69,0x67,0x6e,0x61,0x6c,0x5f,0x6d,0x61,0x69,0x6c,0x62,0x6f,0x78,0x5f,
    0x73,0x65,0x72,0x76,0x69,0x63,0x65,0x00,0x73,0x69,0x67,0x6e,0x61,0x6c,0x5f,0x6d,0x61,0x69,0x6c,0x62,0x6f,0x78,0x5f,0x73,
    0x65,0x72,0x76,0x69,0x63,0x65,0x2e,0x6b,0x64,0x00,0x5f,0x5f,0x63,0x6c,0x61,0x6e,0x67,0x5f,0x6f,0x63,0x6c,0x5f,0x6b,0x65,
    0x72,0x6e,0x5f,0x69,0x6d,0x70,0x5f,0x73,0x69,0x67,0x6e,0x61,0x6c,0x5f,0x6d,0x61,0x69,0x6c,0x62,0x6f,0x78,0x5f,0x73,0x65,
    0x72,0x76,0x69,0x63,0x65,0x00,0x00,0x00,0x00,0x00,0x00,0x00,0x00,0x00,0x00,0x00,0x00,0x00,0x00,0x00,0x00,0x00,0x00,0x00,
    0x00,0x00,0x00,0x00,0x00,0x00,0x00,0x00,0x00,0x00,0x00,0x00,0x00,0x00,0x00,0x00,0x00,0x00,0x00,0x00,0x00,0x00,0x00,0x00,
    0x20,0x00,0x00,0x00,0x00,0x00,0x00,0x00,0xc0,0x10,0x00,0x00,0x00,0x00,0x00,0x00,0x00,0x00,0x00,0x00,0x00,0x00,0x00,0x00,
    0x00,0x00,0x00,0x00,0x00,0x00,0x00,0x00,0x00,0x00,0x00,0x00,0x00,0x00,0x00,0x00,0xc1,0x00,0xaf,0xe0,0x8c,0x00,0x00,0x00,
    0x09,0x04,0x00,0x00,0x00,0x00,0x00,0x00,0x00,0x00,0x00,0x00,0x00,0x00,0x00,0x00,0x00,0x00,0x00,0x00,0x00,0x00,0x00,0x00,
    0x00,0x00,0x00,0x00,0x00,0x00,0x00,0x00,0x00,0x00,0x00,0x00,0x00,0x00,0x00,0x00,0x00,0x00,0x00,0x00,0x00,0x00,0x00,0x00,
    0x00,0x00,0x00,0x00,0x00,0x00,0x00,0x00,0x00,0x00,0x00,0x00,0x00,0x00,0x00,0x00,0x00,0x00,0x00,0x00,0x00,0x00,0x00,0x00,
    0x00,0x00,0x00,0x00,0x00,0x00,0x00,0x00,0x00,0x00,0x00,0x00,0x00,0x00,0x00,0x00,0x00,0x00,0x00,0x00,0x00,0x00,0x00,0x00,
    0x00,0x00,0x00,0x00,0x00,0x00,0x00,0x00,0x00,0x00,0x00,0x00,0x00,0x00,0x00,0x00,0x00,0x00,0x00,0x00,0x00,0x00,0x00,0x00,
    0x00,0x00,0x00,0x00,0x00,0x00,0x00,0x00,0x00,0x00,0x00,0x00,0x00,0x00,0x00,0x00,0x80,0x00,0x84,0x7d,0x6a,0x3c,0x80,0xbe,
    0x96,0x01,0x88,0xbf,0x02,0x02,0x0c,0xf4,0x00,0x00,0x00,0xfa,0x81,0x02,0x00,0x7e,0x80,0x02,0x18,0x7e,0x80,0x02,0x02,0x7e,
    0xc0,0xff,0x04,0xb0,0x81,0x04,0x82,0xbe,0xc1,0x03,0x85,0xbe,0x7f,0xc0,0x8c,0xbf,0x00,0x00,0xe4,0xd4,0x0e,0x02,0x01,0x00,
    0x08,0xff,0x06,0x80,0x00,0x10,0x00,0x00,0x09,0x80,0x07,0x82,0x00,0x81,0x74,0xdc,0x0c,0x00,0x08,0x00,0x00,0x7e,0x00,0x87,
    0x0f,0x80,0x0f,0x85,0x0e,0x81,0x0e,0x85,0x0a,0x88,0x12,0x80,0x0b,0x80,0x13,0x82,0x08,0xff,0x0a,0x80,0x00,0x04,0x00,0x00,
    0x09,0x80,0x0b,0x82,0x06,0x00,0x82,0xbf,0x14,0x80,0x06,0xbf,0xe3,0xff,0xa3,0xbf,0xc1,0x03,0x80,0xbe,0x53,0x01,0x85,0xbf,
    0x7e,0x00,0x6a,0x8a,0x64,0x01,0x86,0xbf,0x0e,0x04,0x90,0xbe,0x08,0x00,0x82,0xbf,0x10,0xc1,0x10,0x80,0x11,0xc1,0x11,0x82,
    0x88,0x03,0x94,0xbe,0x10,0x80,0x12,0xbf,0xc1,0x80,0x01,0x85,0x80,0x03,0x95,0xbe,0x7e,0x01,0x6a,0x87,0x18,0x00,0x87,0xbf,
    0x00,0x90,0x35,0xdc,0x0c,0x00,0x08,0x00,0x70,0x3f,0x8c,0xbf,0x00,0x00,0xc8,0xe1,0x00,0x00,0x00,0x00,0x00,0x00,0xc4,0xe1,
    0x00,0x00,0x00,0x00,0x80,0x91,0x35,0xdc,0x0c,0x00,0x08,0x02,0x70,0x3f,0x8c,0xbf,0x00,0x00,0xc8,0xe1,0x00,0x00,0x00,0x00,
    0x00,0x00,0xc4,0xe1,0x00,0x00,0x00,0x00,0xc1,0x03,0x95,0xbe,0xc1,0x03,0x81,0xbe,0x02,0x00,0xc4,0x7d,0x00,0x00,0xe2,0xd4,
    0x80,0x04,0x02,0x00,0xea,0xff,0x87,0xbf,0x7e,0x00,0x6a,0x87,0xe2,0xff,0x87,0xbf,0x87,0x03,0x94,0xbe,0xe5,0xff,0x82,0xbf,
    0x7e,0x15,0x6a,0x87,0xd6,0xff,0x86,0xbf,0x7e,0x00,0x6a,0x8a,0x87,0x03,0x94,0xbe,0xd3,0xff,0x87,0xbf,0x00,0x93,0x35,0xdc,
    0x0c,0x00,0x08,0x00,0x89,0x03,0x94,0xbe,0x70,0x3f,0x8c,0xbf,0x0c,0x00,0xc6,0x7d,0xcd,0xff,0x87,0xbf,0x80,0x92,0x35,0xdc,
    0x0c,0x00,0x08,0x04,0x70,0x3f,0x8c,0xbf,0x02,0x6a,0x0f,0xd7,0xff,0x08,0x02,0x00,0xbf,0xff,0xff,0xff,0xc1,0x0a,0x06,0x50,
    0x04,0x04,0xc8,0x7d,0xc4,0xff,0x87,0xbf,0x00,0x00,0xff,0xd6,0x86,0x00,0x02,0x00,0x06,0x04,0x80,0xbe,0x0a,0x04,0x90,0xbe,
    0x06,0x6a,0x0f,0xd7,0x12,0x00,0x02,0x00,0x13,0x02,0x0e,0x50,0x01,0x00,0x82,0xbf,0x1a,0x01,0x82,0xbf,0x02,0x00,0xa1,0xbf,
    0x00,0x90,0x35,0xdc,0x0c,0x00,0x10,0x08,0x08,0x90,0x35,0xdc,0x0c,0x00,0x10,0x00,0x10,0x90,0x35,0xdc,0x0c,0x00,0x10,0x02,
    0x72,0x3f,0x8c,0xbf,0x85,0x10,0x48,0x7d,0x24,0x00,0x87,0xbf,0x86,0x10,0x42,0x7d,0x26,0x00,0x86,0xbf,0x87,0x10,0x42,0x7d,
    0xc1,0x03,0x94,0xbe,0x80,0x03,0x96,0xbe,0x80,0x03,0x95,0xbe,0x24,0x00,0x86,0xbf,0x88,0x10,0x42,0x7d,0xfc,0x00,0x86,0xbf,
    0x89,0x10,0xc4,0x7d,0x80,0x03,0x94,0xbe,0x08,0x00,0x86,0xbf,0x00,0x90,0x35,0xdc,0x06,0x00,0x7d,0x0a,0x70,0x3f,0x8c,0xbf,
    0x00,0x00,0xc8,0xe1,0x00,0x00,0x00,0x00,0x00,0x00,0xc4,0xe1,0x00,0x00,0x00,0x00,0xc1,0x03,0x95,0xbe,0x7e,0x14,0x6a,0x87,
    0x0a,0x00,0x86,0xbf,0x70,0x3f,0x8c,0xbf,0x00,0x00,0xfd,0xbb,0x00,0x80,0x45,0xdd,0x06,0x00,0x7d,0x0a,0x70,0x3f,0x8c,0xbf,
    0x00,0x00,0xc8,0xe1,0x00,0x00,0x00,0x00,0x00,0x00,0xc4,0xe1,0x00,0x00,0x00,0x00,0xc1,0x03,0x95,0xbe,0x80,0x03,0x94,0xbe,
    0x7e,0x16,0x6a,0x87,0x0a,0x00,0x87,0xbf,0x49,0x00,0x82,0xbf,0x80,0x03,0x95,0xbe,0x80,0x03,0x94,0xbe,0x47,0x00,0x89,0xbf,
    0xbb,0x00,0x82,0xbf,0xc1,0x03,0x96,0xbe,0x80,0x03,0x95,0xbe,0x80,0x03,0x94,0xbe,0x7e,0x16,0x6a,0x87,0x40,0x00,0x86,0xbf,
    0x85,0x10,0x42,0x7d,0xc1,0x03,0x95,0xbe,0x22,0x00,0x86,0xbf,0x7e,0x03,0x96,0xbe,0x0a,0x00,0x65,0xd7,0x16,0x00,0x01,0x00,
    0x80,0x14,0x84,0x7d,0x6a,0x3c,0x95,0xbe,0x0f,0x00,0x88,0xbf,0x16,0x0f,0x96,0xbe,0x16,0x81,0x16,0x87,0x70,0x3f,0x8c,0xbf,
    0x03,0x00,0x69,0xd5,0x01,0x2d,0x00,0x00,0x02,0x00,0x69,0xd5,0x00,0x2d,0x00,0x00,0x00,0x00,0xfd,0xbb,0x00,0x80,0x6d,0xdd,
    0x06,0x02,0x7d,0x02,0x70,0x3f,0x8c,0xbf,0x00,0x00,0xc8,0xe1,0x00,0x00,0x00,0x00,0x00,0x00,0xc4,0xe1,0x00,0x00,0x00,0x00,
    0xe3,0xff,0xa3,0xbf,0x7e,0x15,0x7e,0x88,0x81,0x14,0x14,0x36,0x70,0x3f,0x8c,0xbf,0x03,0x05,0x2a,0x7e,0x02,0x05,0x2c,0x7e,
    0x0b,0x00,0x69,0xd5,0x01,0x15,0x02,0x00,0x0a,0x00,0x69,0xd5,0x00,0x15,0x02,0x00,0x15,0x16,0x16,0x3a,0x16,0x14,0x14,0x3a,
    0x80,0x03,0x95,0xbe,0x7e,0x15,0x6a,0x87,0x18,0x00,0x86,0xbf,0x70,0x3f,0x8c,0xbf,0x02,0x00,0x65,0xd7,0x7e,0x00,0x01,0x00,
    0x80,0x04,0x84,0x7d,0x6a,0x3c,0x95,0xbe,0x08,0x00,0x88,0xbf,0x00,0x00,0xfd,0xbb,0x00,0x80,0x69,0xdd,0x06,0x00,0x7d,0x02,
    0x70,0x3f,0x8c,0xbf,0x00,0x00,0xc8,0xe1,0x00,0x00,0x00,0x00,0x00,0x00,0xc4,0xe1,0x00,0x00,0x00,0x00,0xe3,0xff,0xa3,0xbf,
    0x7e,0x15,0x7e,0x88,0x03,0x05,0x2a,0x7e,0x02,0x05,0x2c,0x7e,0x02,0x00,0x01,0xd5,0x01,0x01,0xa9,0x01,0x03,0x00,0x01,0xd5,
    0x00,0x01,0xa9,0x01,0x15,0x04,0x16,0x38,0x16,0x06,0x14,0x38,0xc1,0x03,0x95,0xbe,0x75,0x00,0x82,0xbf,0x82,0x10,0x42,0x7d,
    0xc1,0x03,0x96,0xbe,0x45,0x00,0x86,0xbf,0x83,0x10,0x42,0x7d,0xc1,0x03,0x95,0xbe,0x19,0x00,0x86,0xbf,0x70,0x3f,0x8c,0xbf,
    0x02,0x00,0x65,0xd7,0x7e,0x00,0x01,0x00,0x80,0x04,0x84,0x7d,0x6a,0x3c,0x95,0xbe,0x08,0x00,0x88,0xbf,0x00,0x00,0xfd,0xbb,
    0x00,0x80,0x65,0xdd,0x06,0x00,0x7d,0x02,0x70,0x3f,0x8c,0xbf,0x00,0x00,0xc8,0xe1,0x00,0x00,0x00,0x00,0x00,0x00,0xc4,0xe1,
    0x00,0x00,0x00,0x00,0xe3,0xff,0xa3,0xbf,0x7e,0x15,0x7e,0x88,0x03,0x05,0x2a,0x7e,0x02,0x05,0x2c,0x7e,0x02,0x00,0x01,0xd5,
    0x01,0x83,0xa9,0x01,0x03,0x00,0x01,0xd5,0x00,0x83,0xa9,0x01,0x15,0x04,0x16,0x36,0x16,0x06,0x14,0x36,0x80,0x03,0x95,0xbe,
    0x7e,0x15,0x6a,0x87,0x25,0x00,0x86,0xbf,0x7e,0x03,0x96,0xbe,0x0a,0x00,0x65,0xd7,0x16,0x00,0x01,0x00,0x80,0x14,0x84,0x7d,
    0x6a,0x3c,0x95,0xbe,0x11,0x00,0x88,0xbf,0x16,0x0f,0x96,0xbe,0x70,0x3f,0x8c,0xbf,0x03,0x00,0x69,0xd5,0x01,0x2d,0x00,0x00,
    0x0b,0x00,0x6a,0xd5,0x00,0x2d,0x00,0x00,0x02,0x00,0x69,0xd5,0x00,0x2d,0x00,0x00,0x0b,0x07,0x06,0x4a,0x00,0x00,0xfd,0xbb,
    0x00,0x80,0x4d,0xdd,0x06,0x02,0x7d,0x02,0x70,0x3f,0x8c,0xbf,0x00,0x00,0xc8,0xe1,0x00,0x00,0x00,0x00,0x00,0x00,0xc4,0xe1,
    0x00,0x00,0x00,0x00,0xe3,0xff,0xa3,0xbf,0x7e,0x15,0x7e,0x88,0x71,0x3f,0x8c,0xbf,0x0d,0x15,0x76,0xd5,0x00,0x15,0x02,0x02,
    0x70,0x3f,0x8c,0xbf,0x03,0x05,0x2c,0x7e,0x0e,0x03,0x16,0x7e,0x0e,0x15,0x76,0xd5,0x01,0x15,0x2e,0x04,0x02,0x05,0x2a,0x7e,
    0x0a,0x6a,0x10,0xd7,0x15,0x1a,0x02,0x00,0x16,0x1c,0x16,0x52,0x80,0x03,0x96,0xbe,0xc1,0x03,0x95,0xbe,0x7e,0x16,0x6a,0x8a,
    0x2b,0x00,0x87,0xbf,0x81,0x10,0x42,0x7d,0xc1,0x03,0x96,0xbe,0x24,0x00,0x86,0xbf,0x7e,0x03,0x96,0xbe,0x0d,0x00,0x65,0xd7,
    0x16,0x00,0x01,0x00,0x80,0x1a,0x84,0x7d,0x6a,0x3c,0x95,0xbe,0x11,0x00,0x88,0xbf,0x16,0x0f,0x96,0xbe,0x70,0x3f,0x8c,0xbf,
    0x03,0x00,0x69,0xd5,0x01,0x2d,0x00,0x00,0x0a,0x00,0x6a,0xd5,0x00,0x2d,0x00,0x00,0x02,0x00,0x69,0xd5,0x00,0x2d,0x00,0x00,
    0x0a,0x07,0x06,0x4a,0x00,0x00,0xfd,0xbb,0x00,0x80,0x49,0xdd,0x06,0x02,0x7d,0x02,0x70,0x3f,0x8c,0xbf,0x00,0x00,0xc8,0xe1,
    0x00,0x00,0x00,0x00,0x00,0x00,0xc4,0xe1,0x00,0x00,0x00,0x00,0xe3,0xff,0xa3,0xbf,0x7e,0x15,0x7e,0x88,0x70,0x3f,0x8c,0xbf,
    0x03,0x05,0x2e,0x7e,0x02,0x05,0x2c,0x7e,0x0a,0x15,0x76,0xd5,0x00,0x1b,0x5a,0x00,0x80,0x03,0x96,0xbe,0x0b,0x03,0x04,0x7e,
    0x02,0x15,0x76,0xd5,0x01,0x1b,0x0a,0x04,0xc1,0x03,0x95,0xbe,0x02,0x03,0x16,0x7e,0x7e,0x16,0x6a,0x87,0x02,0x00,0x86,0xbf,
    0x14,0x00,0xe2,0xd4,0x81,0x10,0x02,0x00,0x7e,0x14,0x6a,0x87,0x0a,0x00,0x86,0xbf,0x70,0x3f,0x8c,0xbf,0x00,0x00,0xfd,0xbb,
    0x00,0x80,0x41,0xdd,0x06,0x00,0x7d,0x0a,0x70,0x3f,0x8c,0xbf,0x00,0x00,0xc8,0xe1,0x00,0x00,0x00,0x00,0x00,0x00,0xc4,0xe1,
    0x00,0x00,0x00,0x00,0xc1,0x03,0x95,0xbe,0x7e,0x15,0x6a,0x8a,0x05,0x00,0x87,0xbf,0x80,0x03,0x94,0xbe,0x00,0x80,0x74,0xdc,
    0x0c,0x0a,0x00,0x00,0x00,0xff,0x88,0xbf,0x02,0x00,0x82,0xbf,0x89,0x03,0x94,0xbe,0xfd,0xfe,0x82,0xbf,0x04,0x6a,0x0f,0xd7,
    0x04,0x83,0x01,0x00,0xc1,0x0a,0x0a,0x50,0x10,0x98,0x10,0x80,0x11,0x80,0x11,0x82,0x00,0x88,0x00,0x80,0x15,0x00,0xe2,0xd4,
    0x80,0x08,0x02,0x00,0x01,0x80,0x01,0x82,0x8a,0x03,0x94,0xbe,0x7e,0x15,0x6a,0x8a,0xf2,0xfe,0x87,0xbf,0x0b,0x00,0x82,0xbf,
    0x7e,0x14,0x6a,0x87,0x0f,0xff,0x87,0xbf,0x18,0xff,0x82,0xbf,0x02,0x81,0x02,0x80,0x03,0x80,0x03,0x82,0x82,0x03,0x94,0xbe,
    0x02,0x80,0x12,0xbf,0xc1,0x80,0x00,0x85,0x7e,0x00,0x6a,0x8a,0xa8,0xfe,0x87,0xbf,0x0b,0x00,0x82,0xbf,0x14,0x8a,0x07,0xbf,
    0x9f,0xfe,0x85,0xbf,0x71,0x3f,0x8c,0xbf,0x02,0x02,0x00,0x7e,0x03,0x02,0x02,0x7e,0x80,0x03,0x94,0xbe,0x70,0x3f,0x8c,0xbf,
    0x00,0x00,0xfd,0xbb,0x80,0x80,0x74,0xdc,0x0c,0x00,0x08,0x00,0x96,0xfe,0x82,0xbf,0x14,0x88,0x02,0xbf,0xc1,0x03,0x80,0xbe,
    0x01,0x00,0x84,0xbf,0x80,0x03,0x80,0xbe,0x7e,0x00,0x6a,0x8a,0x83,0x04,0x80,0xbe,0x04,0x00,0x87,0xbf,0x14,0x88,0x07,0xbf,
    0x81,0x04,0x80,0xbe,0x01,0x00,0x85,0xbf,0x82,0x04,0x80,0xbe,0x71,0x3f,0x8c,0xbf,0x00,0x02,0x00,0x7e,0x70,0x3f,0x8c,0xbf,
    0x80,0x02,0x04,0x7e,0x01,0x02,0x02,0x7e,0x00,0x00,0xfd,0xbb,0x00,0x82,0x74,0xdc,0x02,0x00,0x08,0x00,0x00,0x00,0x81,0xbf,
    0x00,0x00,0x8c,0xbf,0xff,0x3e,0x10,0x36,0xff,0x03,0x00,0x00,0x80,0x03,0x8a,0xbe,0x80,0x10,0x84,0x7d,0x6a,0x3c,0x85,0xbe,
    0x7e,0x01,0x88,0xbf,0x81,0x0c,0xc2,0x7d,0x0a,0x04,0x0f,0xd7,0xff,0x00,0x02,0x00,0x00,0x10,0x00,0x00,0x81,0x02,0x10,0x7e,
    0x80,0x02,0x12,0x7e,0x0b,0x04,0x28,0xd5,0x80,0x02,0x12,0x00,0x80,0x0e,0x1a,0x02,0x81,0x0c,0x18,0x02,0x1a,0x6a,0x0f,0xd7,
    0x02,0x11,0x01,0x00,0x80,0x06,0x36,0x50,0x02,0x6a,0x0f,0xd7,0xff,0x00,0x02,0x00,0x00,0x04,0x00,0x00,0x80,0x02,0x06,0x50,
    0xbf,0xff,0x08,0xb0,0x81,0x04,0x86,0xbe,0xc1,0x03,0x89,0xbe,0x00,0x00,0xfd,0xbb,0x00,0x81,0x74,0xdc,0x00,0x08,0x7d,0x00,
    0x05,0x00,0x82,0xbf,0x7e,0x04,0x7e,0x88,0x7e,0x0b,0x04,0x87,0x04,0x0a,0x0a,0x88,0x7e,0x0a,0x7e,0x8a,0x4d,0x01,0x88,0xbf,
    0x0c,0x03,0x0c,0x7e,0x0d,0x03,0x0e,0x7e,0x80,0x03,0x8b,0xbe,0x10,0x00,0x82,0xbf,0x7e,0x11,0x7e,0x88,0x0f,0x7e,0x0f,0x8a,
    0x04,0x7e,0x04,0x87,0x0e,0x7e,0x0e,0x8a,0x0f,0x04,0x0f,0x88,0x7e,0x10,0x7e,0x88,0x7e,0x0f,0x04,0x87,0x04,0x0b,0x0b,0x88,
    0x0c,0x7e,0x04,0x8a,0x0e,0x7e,0x0c,0x87,0x0d,0x7e,0x0d,0x8a,0x6a,0x7e,0x10,0x87,0x04,0x0c,0x0c,0x88,0x0d,0x10,0x0d,0x88,
    0x7e,0x0b,0x7e,0x8a,0x22,0x00,0x88,0xbf,0x00,0x90,0x35,0xdc,0x00,0x00,0x7d,0x08,0x70,0x3f,0x8c,0xbf,0x00,0x00,0xc8,0xe1,
    0x00,0x00,0x00,0x00,0x00,0x00,0xc4,0xe1,0x00,0x00,0x00,0x00,0x80,0x91,0x35,0xdc,0x00,0x00,0x7d,0x0e,0x70,0x3f,0x8c,0xbf,
    0x00,0x00,0xc8,0xe1,0x00,0x00,0x00,0x00,0x00,0x00,0xc4,0xe1,0x00,0x00,0x00,0x00,0x0e,0x7e,0x0e,0x88,0x0f,0x7e,0x0f,0x88,
    0x04,0x00,0xe5,0xd4,0x06,0x10,0x02,0x00,0x80,0x1c,0xc4,0x7d,0x04,0x3c,0x90,0xbe,0xe0,0xff,0x88,0xbf,0x87,0x02,0x10,0x7e,
    0xc1,0x03,0x84,0xbe,0x6a,0x3c,0x91,0xbe,0xd7,0xff,0x88,0xbf,0x06,0x04,0x0f,0xd7,0x06,0x83,0x01,0x00,0x07,0x04,0x28,0xd5,
    0xc1,0x0e,0x12,0x00,0x88,0x02,0x10,0x7e,0x04,0x00,0xe2,0xd4,0x80,0x0c,0x02,0x00,0x04,0x7e,0x04,0x8b,0xce,0xff,0x82,0xbf,
    0x7e,0x0b,0x7e,0x88,0x0c,0x3c,0x84,0xbe,0x7e,0x04,0x0b,0x89,0x07,0x01,0x88,0xbf,0x87,0x02,0x10,0x7e,0x0d,0x3c,0x8c,0xbe,
    0x03,0x01,0x88,0xbf,0x00,0x93,0x35,0xdc,0x00,0x00,0x7d,0x06,0x89,0x02,0x10,0x7e,0x70,0x3f,0x8c,0xbf,0x06,0x09,0xc2,0x7d,
    0x6a,0x3c,0x8d,0xbe,0xfb,0x00,0x88,0xbf,0x80,0x92,0x35,0xdc,0x00,0x00,0x7d,0x0e,0x70,0x3f,0x8c,0xbf,0x08,0x6a,0x0f,0xd7,
    0xff,0x1c,0x02,0x00,0xbf,0xff,0xff,0xff,0xc1,0x1e,0x12,0x50,0x08,0x10,0xc2,0x7d,0x89,0x02,0x10,0x7e,0x6a,0x3c,0x8e,0xbe,
    0xef,0x00,0x88,0xbf,0x06,0x00,0xff,0xd6,0x86,0x0c,0x02,0x00,0x03,0x03,0x22,0x7e,0x0b,0x03,0x2a,0x7e,0x02,0x03,0x20,0x7e,
    0x0a,0x03,0x28,0x7e,0x80,0x03,0x8f,0xbe,0x12,0x6a,0x0f,0xd7,0x1a,0x0d,0x02,0x00,0x1b,0x0f,0x26,0x50,0x06,0x00,0x82,0xbf,
    0xe3,0xff,0xa3,0xbf,0x7e,0x10,0x7e,0x88,0x7e,0x04,0x04,0x87,0x04,0x0f,0x0f,0x88,0x7e,0x0f,0x7e,0x8a,0xd2,0x00,0x88,0xbf,
    0x02,0x00,0xa1,0xbf,0x00,0x90,0x35,0xdc,0x10,0x00,0x7d,0x18,0x08,0x90,0x35,0xdc,0x10,0x00,0x7d,0x06,0x10,0x90,0x35,0xdc,
    0x10,0x00,0x7d,0x08,0x80,0x03,0x91,0xbe,0x80,0x03,0x84,0xbe,0x72,0x3f,0x8c,0xbf,0x84,0x30,0x42,0x7d,0x6a,0x3c,0x90,0xbe,
    0x7e,0x10,0x10,0x89,0x4e,0x00,0x88,0xbf,0x86,0x30,0x42,0x7d,0x80,0x03,0x92,0xbe,0x6a,0x3c,0x84,0xbe,0x7e,0x04,0x04,0x89,
    0x29,0x00,0x88,0xbf,0x87,0x30,0x42,0x7d,0xc1,0x03,0x93,0xbe,0x6a,0x3c,0x91,0xbe,0x22,0x00,0x88,0xbf,0x88,0x30,0x42,0x7d,
    0x6a,0x3c,0x93,0xbe,0x7e,0x13,0x13,0x89,0x0e,0x00,0x88,0xbf,0x89,0x30,0xc4,0x7d,0x6a,0x3c,0x94,0xbe,0x08,0x00,0x88,0xbf,
    0x00,0x90,0x35,0xdc,0x12,0x00,0x7d,0x16,0x70,0x3f,0x8c,0xbf,0x00,0x00,0xc8,0xe1,0x00,0x00,0x00,0x00,0x00,0x00,0xc4,0xe1,
    0x00,0x00,0x00,0x00,0x7e,0x03,0x92,0xbe,0xe3,0xff,0xa3,0xbf,0x7e,0x14,0x7e,0x88,0x12,0x7e,0x12,0x87,0x13,0x3f,0x93,0xbe,
    0x0a,0x00,0x88,0xbf,0x70,0x3f,0x8c,0xbf,0x00,0x00,0xfd,0xbb,0x00,0x80,0x45,0xdd,0x12,0x06,0x7d,0x16,0x70,0x3f,0x8c,0xbf,
    0x00,0x00,0xc8,0xe1,0x00,0x00,0x00,0x00,0x00,0x00,0xc4,0xe1,0x00,0x00,0x00,0x00,0x12,0x7e,0x12,0x88,0xe3,0xff,0xa3,0xbf,
    0x7e,0x13,0x7e,0x88,0x12,0x7e,0x12,0x87,0x7e,0xc1,0x13,0x89,0x7e,0x11,0x7e,0x88,0x12,0x7e,0x12,0x87,0x13,0x7e,0x11,0x87,
    0x04,0x3f,0x84,0xbe,0x1b,0x00,0x88,0xbf,0x85,0x30,0x42,0x7d,0x6a,0x3c,0x93,0xbe,0x7e,0x13,0x13,0x89,0x09,0x00,0x88,0xbf,
    0x70,0x3f,0x8c,0xbf,0x00,0x00,0xfd,0xbb,0x00,0x80,0x6d,0xdd,0x12,0x06,0x7d,0x16,0x70,0x3f,0x8c,0xbf,0x00,0x00,0xc8,0xe1,
    0x00,0x00,0x00,0x00,0x00,0x00,0xc4,0xe1,0x00,0x00,0x00,0x00,0x13,0x3f,0x93,0xbe,0x09,0x00,0x88,0xbf,0x70,0x3f,0x8c,0xbf,
    0x00,0x00,0xfd,0xbb,0x00,0x80,0x69,0xdd,0x12,0x06,0x7d,0x16,0x70,0x3f,0x8c,0xbf,0x00,0x00,0xc8,0xe1,0x00,0x00,0x00,0x00,
    0x00,0x00,0xc4,0xe1,0x00,0x00,0x00,0x00,0xe3,0xff,0xa3,0xbf,0x7e,0x13,0x7e,0x88,0x12,0x7e,0x12,0x88,0x7e,0x04,0x7e,0x88,
    0x12,0x7e,0x04,0x87,0x11,0x7e,0x11,0x87,0x10,0x3f,0x90,0xbe,0x49,0x00,0x88,0xbf,0x82,0x30,0x42,0x7d,0x04,0x03,0x92,0xbe,
    0x6a,0x3c,0x93,0xbe,0x7e,0x13,0x13,0x89,0x1b,0x00,0x88,0xbf,0x83,0x30,0x42,0x7d,0x6a,0x3c,0x92,0xbe,0x7e,0x12,0x12,0x89,
    0x09,0x00,0x88,0xbf,0x70,0x3f,0x8c,0xbf,0x00,0x00,0xfd,0xbb,0x00,0x80,0x65,0xdd,0x12,0x06,0x7d,0x16,0x70,0x3f,0x8c,0xbf,
    0x00,0x00,0xc8,0xe1,0x00,0x00,0x00,0x00,0x00,0x00,0xc4,0xe1,0x00,0x00,0x00,0x00,0x12,0x3f,0x92,0xbe,0x09,0x00,0x88,0xbf,
    0x70,0x3f,0x8c,0xbf,0x00,0x00,0xfd,0xbb,0x00,0x80,0x4d,0xdd,0x12,0x06,0x7d,0x16,0x70,0x3f,0x8c,0xbf,0x00,0x00,0xc8,0xe1,
    0x00,0x00,0x00,0x00,0x00,0x00,0xc4,0xe1,0x00,0x00,0x00,0x00,0xe3,0xff,0xa3,0xbf,0x7e,0x12,0x7e,0x88,0x04,0x7e,0x12,0x88,
    0x13,0x3d,0x93,0xbe,0x11,0x03,0x94,0xbe,0x7e,0x13,0x7e,0x89,0x1e,0x00,0x88,0xbf,0x81,0x30,0x42,0x7d,0x12,0x03,0x94,0xbe,
    0x6a,0x3c,0x95,0xbe,0x7e,0x15,0x15,0x89,0x0a,0x00,0x88,0xbf,0x70,0x3f,0x8c,0xbf,0x00,0x00,0xfd,0xbb,0x00,0x80,0x49,0xdd,
    0x12,0x06,0x7d,0x16,0x70,0x3f,0x8c,0xbf,0x00,0x00,0xc8,0xe1,0x00,0x00,0x00,0x00,0x00,0x00,0xc4,0xe1,0x00,0x00,0x00,0x00,
    0x12,0x7e,0x14,0x88,0x15,0x3d,0x95,0xbe,0x11,0x03,0x96,0xbe,0xe3,0xff,0xa3,0xbf,0x7e,0x15,0x7e,0x89,0x81,0x30,0xc4,0x7d,
    0x11,0x7e,0x16,0x8a,0x6a,0x7e,0x17,0x87,0x16,0x17,0x16,0x88,0x7e,0x15,0x7e,0x88,0x12,0x7e,0x12,0x8a,0x14,0x7e,0x14,0x87,
    0x11,0x7e,0x15,0x8a,0x16,0x7e,0x16,0x87,0x12,0x14,0x12,0x88,0x15,0x16,0x14,0x88,0x7e,0x13,0x7e,0x88,0x04,0x7e,0x04,0x8a,
    0x12,0x7e,0x12,0x87,0x11,0x7e,0x11,0x8a,0x14,0x7e,0x13,0x87,0x04,0x12,0x04,0x88,0x11,0x13,0x11,0x88,0x7e,0x10,0x7e,0x88,
    0x11,0x3c,0x90,0xbe,0x0a,0x00,0x88,0xbf,0x70,0x3f,0x8c,0xbf,0x00,0x00,0xfd,0xbb,0x00,0x80,0x41,0xdd,0x12,0x06,0x7d,0x16,
    0x70,0x3f,0x8c,0xbf,0x00,0x00,0xc8,0xe1,0x00,0x00,0x00,0x00,0x00,0x00,0xc4,0xe1,0x00,0x00,0x00,0x00,0x04,0x7e,0x04,0x88,
    0xe3,0xff,0xa3,0xbf,0x7e,0x10,0x7e,0x88,0x70,0x3f,0x8c,0xbf,0x89,0x02,0x10,0x7e,0x80,0x03,0x91,0xbe,0x04,0x3c,0x90,0xbe,
    0x04,0x00,0x88,0xbf,0x80,0x02,0x10,0x7e,0x7e,0x03,0x91,0xbe,0x00,0x80,0x74,0xdc,0x14,0x16,0x7d,0x00,0xe3,0xff,0xa3,0xbf,
    0x7e,0x10,0x7e,0x88,0xc1,0x03,0x84,0xbe,0x11,0x3c,0x90,0xbe,0x36,0xff,0x88,0xbf,0x0e,0x6a,0x0f,0xd7,0x0e,0x83,0x01,0x00,
    0xc1,0x1e,0x1e,0x50,0x14,0x6a,0x0f,0xd7,0x14,0x11,0x01,0x00,0x80,0x2a,0x2a,0x50,0x80,0x1c,0xc4,0x7d,0x10,0x04,0x0f,0xd7,
    0x10,0x31,0x01,0x00,0x11,0x04,0x28,0xd5,0x80,0x22,0x12,0x00,0x8a,0x02,0x10,0x7e,0x6a,0x7e,0x04,0x8b,0x28,0xff,0x82,0xbf,
    0x7e,0x0f,0x7e,0x88,0x8a,0x10,0x84,0x7d,0x6a,0x3c,0x84,0xbe,0x06,0x00,0x88,0xbf,0x06,0x02,0x0c,0x7e,0x07,0x02,0x0e,0x7e,
    0x80,0x02,0x10,0x7e,0x00,0x00,0xfd,0xbb,0x80,0x80,0x74,0xdc,0x00,0x06,0x7d,0x00,0xe3,0xff,0xa3,0xbf,0x7e,0x04,0x7e,0x88,
    0x7e,0x0e,0x7e,0x88,0x7e,0x0d,0x7e,0x88,0x7e,0x0c,0x7e,0x88,0x7e,0x0b,0x7e,0x88,0x80,0x10,0x84,0x7d,0xc1,0x03,0x8b,0xbe,
    0x6a,0x3c,0x84,0xbe,0xb5,0xfe,0x88,0xbf,0x06,0x81,0x06,0x80,0x07,0x80,0x07,0x82,0x82,0x02,0x10,0x7e,0x06,0x80,0x12,0xbf,
    0xc1,0x80,0x0b,0x85,0x0b,0x7e,0x0b,0x8b,0xae,0xfe,0x82,0xbf,0x7e,0x0a,0x7e,0x88,0x88,0x10,0x02,0x7d,0x6a,0x3c,0x84,0xbe,
    0x7e,0x04,0x04,0x89,0x04,0x3d,0x84,0xbe,0x83,0x02,0x04,0x7e,0x80,0x02,0x06,0x7e,0x7e,0x04,0x7e,0x89,0x07,0x00,0x88,0xbf,
    0x81,0x02,0x04,0x7e,0x80,0x02,0x06,0x7e,0x88,0x10,0x84,0x7d,0x6a,0x3c,0x86,0xbe,0x82,0x02,0x04,0x7e,0x80,0x02,0x06,0x7e,
    0x7e,0x06,0x7e,0x88,0x7e,0x04,0x7e,0x88,0x00,0x00,0xfd,0xbb,0x00,0x82,0x74,0xdc,0x00,0x02,0x7d,0x00,0xe3,0xff,0xa3,0xbf,
    0x7e,0x05,0x7e,0x88,0x1e,0x20,0x80,0xbe,0x00,0x00,0x9f,0xbf,0x00,0x00,0x9f,0xbf,0x00,0x00,0x9f,0xbf,0x00,0x00,0x9f,0xbf,
    0x00,0x00,0x9f,0xbf,0x00,0x00,0x9f,0xbf,0x00,0x00,0x9f,0xbf,0x00,0x00,0x9f,0xbf,0x00,0x00,0x9f,0xbf,0x00,0x00,0x9f,0xbf,
    0x00,0x00,0x9f,0xbf,0x00,0x00,0x9f,0xbf,0x00,0x00,0x9f,0xbf,0x00,0x00,0x9f,0xbf,0x00,0x00,0x9f,0xbf,0x00,0x00,0x9f,0xbf,
    0x00,0x00,0x9f,0xbf,0x00,0x00,0x9f,0xbf,0x00,0x00,0x9f,0xbf,0x00,0x00,0x9f,0xbf,0x00,0x00,0x9f,0xbf,0x00,0x00,0x9f,0xbf,
    0x00,0x00,0x9f,0xbf,0x00,0x00,0x9f,0xbf,0x00,0x00,0x9f,0xbf,0x00,0x00,0x9f,0xbf,0x00,0x00,0x9f,0xbf,0x00,0x00,0x9f,0xbf,
    0x00,0x00,0x9f,0xbf,0x00,0x00,0x9f,0xbf,0x00,0x00,0x9f,0xbf,0x00,0x00,0x9f,0xbf,0x00,0x00,0x9f,0xbf,0x00,0x00,0x9f,0xbf,
    0x00,0x00,0x9f,0xbf,0x00,0x00,0x9f,0xbf,0x00,0x00,0x9f,0xbf,0x00,0x00,0x9f,0xbf,0x00,0x00,0x9f,0xbf,0x00,0x00,0x9f,0xbf,
    0x00,0x00,0x9f,0xbf,0x00,0x00,0x9f,0xbf,0x00,0x00,0x9f,0xbf,0x00,0x00,0x9f,0xbf,0x00,0x00,0x9f,0xbf,0x00,0x00,0x9f,0xbf,
    0x00,0x00,0x9f,0xbf,0x00,0x00,0x9f,0xbf,0x00,0x00,0x9f,0xbf,0x00,0x00,0x9f,0xbf,0x00,0x00,0x9f,0xbf,0x00,0x00,0x9f,0xbf,
    0x00,0x00,0x9f,0xbf,0x00,0x00,0x9f,0xbf,0x00,0x00,0x9f,0xbf,0x00,0x00,0x9f,0xbf,0x00,0x00,0x9f,0xbf,0x00,0x00,0x9f,0xbf,
    0x00,0x00,0x9f,0xbf,0x00,0x00,0x9f,0xbf,0x00,0x00,0x9f,0xbf,0x00,0x00,0x9f,0xbf,0x06,0x00,0x00,0x00,0x00,0x00,0x00,0x00,
    0x10,0x05,0x00,0x00,0x00,0x00,0x00,0x00,0x0b,0x00,0x00,0x00,0x00,0x00,0x00,0x00,0x18,0x00,0x00,0x00,0x00,0x00,0x00,0x00,
    0x05,0x00,0x00,0x00,0x00,0x00,0x00,0x00,0xc0,0x05,0x00,0x00,0x00,0x00,0x00,0x00,0x0a,0x00,0x00,0x00,0x00,0x00,0x00,0x00,
    0x5e,0x00,0x00,0x00,0x00,0x00,0x00,0x00,0xf5,0xfe,0xff,0x6f,0x00,0x00,0x00,0x00,0x70,0x05,0x00,0x00,0x00,0x00,0x00,0x00,
    0x04,0x00,0x00,0x00,0x00,0x00,0x00,0x00,0x98,0x05,0x00,0x00,0x00,0x00,0x00,0x00,0x00,0x00,0x00,0x00,0x00,0x00,0x00,0x00,
    0x00,0x00,0x00,0x00,0x00,0x00,0x00,0x00,0x48,0x6f,0x6d,0x65,0x62,0x72,0x65,0x77,0x20,0x63,0x6c,0x61,0x6e,0x67,0x20,0x76,
    0x65,0x72,0x73,0x69,0x6f,0x6e,0x20,0x32,0x31,0x2e,0x31,0x2e,0x38,0x00,0x00,0x4c,0x69,0x6e,0x6b,0x65,0x72,0x3a,0x20,0x48,
    0x6f,0x6d,0x65,0x62,0x72,0x65,0x77,0x20,0x4c,0x4c,0x44,0x20,0x32,0x31,0x2e,0x31,0x2e,0x38,0x00,0x00,0x00,0x00,0x00,0x00,
    0x00,0x00,0x00,0x00,0x00,0x00,0x00,0x00,0x00,0x00,0x00,0x00,0x00,0x00,0x00,0x00,0x00,0x00,0x00,0x00,0x00,0x00,0x00,0x00,
    0x01,0x00,0x00,0x00,0x00,0x00,0xf1,0xff,0x00,0x00,0x00,0x00,0x00,0x00,0x00,0x00,0x00,0x00,0x00,0x00,0x00,0x00,0x00,0x00,
    0x29,0x00,0x00,0x00,0x00,0x00,0xf1,0xff,0x00,0x00,0x00,0x00,0x00,0x00,0x00,0x00,0x00,0x00,0x00,0x00,0x00,0x00,0x00,0x00,
    0x49,0x00,0x00,0x00,0x00,0x00,0xf1,0xff,0x10,0x00,0x00,0x00,0x00,0x00,0x00,0x00,0x00,0x00,0x00,0x00,0x00,0x00,0x00,0x00,
    0x69,0x00,0x00,0x00,0x00,0x00,0xf1,0xff,0x18,0x00,0x00,0x00,0x00,0x00,0x00,0x00,0x00,0x00,0x00,0x00,0x00,0x00,0x00,0x00,
    0x8e,0x00,0x00,0x00,0x00,0x00,0xf1,0xff,0x01,0x00,0x00,0x00,0x00,0x00,0x00,0x00,0x00,0x00,0x00,0x00,0x00,0x00,0x00,0x00,
    0xae,0x00,0x00,0x00,0x00,0x00,0xf1,0xff,0x00,0x00,0x00,0x00,0x00,0x00,0x00,0x00,0x00,0x00,0x00,0x00,0x00,0x00,0x00,0x00,
    0xd7,0x00,0x00,0x00,0x00,0x00,0xf1,0xff,0x00,0x00,0x00,0x00,0x00,0x00,0x00,0x00,0x00,0x00,0x00,0x00,0x00,0x00,0x00,0x00,
    0x02,0x01,0x00,0x00,0x00,0x00,0xf1,0xff,0x00,0x00,0x00,0x00,0x00,0x00,0x00,0x00,0x00,0x00,0x00,0x00,0x00,0x00,0x00,0x00,
    0x84,0x01,0x00,0x00,0x00,0x02,0x08,0x00,0x80,0x34,0x00,0x00,0x00,0x00,0x00,0x00,0x00,0x00,0x00,0x00,0x00,0x00,0x00,0x00,
    0x27,0x01,0x00,0x00,0x12,0x03,0x07,0x00,0x00,0x17,0x00,0x00,0x00,0x00,0x00,0x00,0x68,0x06,0x00,0x00,0x00,0x00,0x00,0x00,
    0x3e,0x01,0x00,0x00,0x11,0x03,0x06,0x00,0x40,0x06,0x00,0x00,0x00,0x00,0x00,0x00,0x40,0x00,0x00,0x00,0x00,0x00,0x00,0x00,
    0x58,0x01,0x00,0x00,0x12,0x03,0x07,0x00,0x68,0x1d,0x00,0x00,0x00,0x00,0x00,0x00,0x20,0x06,0x00,0x00,0x00,0x00,0x00,0x00,
    0x00,0x2e,0x6e,0x6f,0x74,0x65,0x00,0x2e,0x64,0x79,0x6e,0x73,0x79,0x6d,0x00,0x2e,0x67,0x6e,0x75,0x2e,0x68,0x61,0x73,0x68,
    0x00,0x2e,0x68,0x61,0x73,0x68,0x00,0x2e,0x64,0x79,0x6e,0x73,0x74,0x72,0x00,0x2e,0x72,0x6f,0x64,0x61,0x74,0x61,0x00,0x2e,
    0x74,0x65,0x78,0x74,0x00,0x2e,0x64,0x79,0x6e,0x61,0x6d,0x69,0x63,0x00,0x2e,0x72,0x65,0x6c,0x72,0x6f,0x5f,0x70,0x61,0x64,
    0x64,0x69,0x6e,0x67,0x00,0x2e,0x41,0x4d,0x44,0x47,0x50,0x55,0x2e,0x67,0x70,0x72,0x5f,0x6d,0x61,0x78,0x69,0x6d,0x75,0x6d,
    0x73,0x00,0x2e,0x63,0x6f,0x6d,0x6d,0x65,0x6e,0x74,0x00,0x2e,0x73,0x79,0x6d,0x74,0x61,0x62,0x00,0x2e,0x73,0x68,0x73,0x74,
    0x72,0x74,0x61,0x62,0x00,0x2e,0x73,0x74,0x72,0x74,0x61,0x62,0x00,0x00,0x73,0x69,0x67,0x6e,0x61,0x6c,0x5f,0x6d,0x61,0x69,
    0x6c,0x62,0x6f,0x78,0x5f,0x73,0x65,0x72,0x76,0x69,0x63,0x65,0x2e,0x70,0x72,0x69,0x76,0x61,0x74,0x65,0x5f,0x73,0x65,0x67,
    0x5f,0x73,0x69,0x7a,0x65,0x00,0x73,0x69,0x67,0x6e,0x61,0x6c,0x5f,0x6d,0x61,0x69,0x6c,0x62,0x6f,0x78,0x5f,0x73,0x65,0x72,
    0x76,0x69,0x63,0x65,0x2e,0x6e,0x75,0x6d,0x5f,0x61,0x67,0x70,0x72,0x00,0x73,0x69,0x67,0x6e,0x61,0x6c,0x5f,0x6d,0x61,0x69,
    0x6c,0x62,0x6f,0x78,0x5f,0x73,0x65,0x72,0x76,0x69,0x63,0x65,0x2e,0x6e,0x75,0x6d,0x5f,0x76,0x67,0x70,0x72,0x00,0x73,0x69,
    0x67,0x6e,0x61,0x6c,0x5f,0x6d,0x61,0x69,0x6c,0x62,0x6f,0x78,0x5f,0x73,0x65,0x72,0x76,0x69,0x63,0x65,0x2e,0x6e,0x75,0x6d,
    0x62,0x65,0x72,0x65,0x64,0x5f,0x73,0x67,0x70,0x72,0x00,0x73,0x69,0x67,0x6e,0x61,0x6c,0x5f,0x6d,0x61,0x69,0x6c,0x62,0x6f,
    0x78,0x5f,0x73,0x65,0x72,0x76,0x69,0x63,0x65,0x2e,0x75,0x73,0x65,0x73,0x5f,0x76,0x63,0x63,0x00,0x73,0x69,0x67,0x6e,0x61,
    0x6c,0x5f,0x6d,0x61,0x69,0x6c,0x62,0x6f,0x78,0x5f,0x73,0x65,0x72,0x76,0x69,0x63,0x65,0x2e,0x75,0x73,0x65,0x73,0x5f,0x66,
    0x6c,0x61,0x74,0x5f,0x73,0x63,0x72,0x61,0x74,0x63,0x68,0x00,0x73,0x69,0x67,0x6e,0x61,0x6c,0x5f,0x6d,0x61,0x69,0x6c,0x62,
    0x6f,0x78,0x5f,0x73,0x65,0x72,0x76,0x69,0x63,0x65,0x2e,0x68,0x61,0x73,0x5f,0x64,0x79,0x6e,0x5f,0x73,0x69,0x7a,0x65,0x64,
    0x5f,0x73,0x74,0x61,0x63,0x6b,0x00,0x73,0x69,0x67,0x6e,0x61,0x6c,0x5f,0x6d,0x61,0x69,0x6c,0x62,0x6f,0x78,0x5f,0x73,0x65,
    0x72,0x76,0x69,0x63,0x65,0x2e,0x68,0x61,0x73,0x5f,0x72,0x65,0x63,0x75,0x72,0x73,0x69,0x6f,0x6e,0x00,0x73,0x69,0x67,0x6e,
    0x61,0x6c,0x5f,0x6d,0x61,0x69,0x6c,0x62,0x6f,0x78,0x5f,0x73,0x65,0x72,0x76,0x69,0x63,0x65,0x00,0x73,0x69,0x67,0x6e,0x61,
    0x6c,0x5f,0x6d,0x61,0x69,0x6c,0x62,0x6f,0x78,0x5f,0x73,0x65,0x72,0x76,0x69,0x63,0x65,0x2e,0x6b,0x64,0x00,0x5f,0x5f,0x63,
    0x6c,0x61,0x6e,0x67,0x5f,0x6f,0x63,0x6c,0x5f,0x6b,0x65,0x72,0x6e,0x5f,0x69,0x6d,0x70,0x5f,0x73,0x69,0x67,0x6e,0x61,0x6c,
    0x5f,0x6d,0x61,0x69,0x6c,0x62,0x6f,0x78,0x5f,0x73,0x65,0x72,0x76,0x69,0x63,0x65,0x00,0x5f,0x44,0x59,0x4e,0x41,0x4d,0x49,
    0x43,0x00,0x00,0x00,0x00,0x00,0x00,0x00,0x00,0x00,0x00,0x00,0x00,0x00,0x00,0x00,0x00,0x00,0x00,0x00,0x00,0x00,0x00,0x00,
    0x00,0x00,0x00,0x00,0x00,0x00,0x00,0x00,0x00,0x00,0x00,0x00,0x00,0x00,0x00,0x00,0x00,0x00,0x00,0x00,0x00,0x00,0x00,0x00,
    0x00,0x00,0x00,0x00,0x00,0x00,0x00,0x00,0x00,0x00,0x00,0x00,0x00,0x00,0x00,0x00,0x00,0x00,0x00,0x00,0x00,0x00,0x00,0x00,
    0x01,0x00,0x00,0x00,0x07,0x00,0x00,0x00,0x02,0x00,0x00,0x00,0x00,0x00,0x00,0x00,0x00,0x02,0x00,0x00,0x00,0x00,0x00,0x00,
    0x00,0x02,0x00,0x00,0x00,0x00,0x00,0x00,0x0c,0x03,0x00,0x00,0x00,0x00,0x00,0x00,0x00,0x00,0x00,0x00,0x00,0x00,0x00,0x00,
    0x04,0x00,0x00,0x00,0x00,0x00,0x00,0x00,0x00,0x00,0x00,0x00,0x00,0x00,0x00,0x00,0x07,0x00,0x00,0x00,0x0b,0x00,0x00,0x00,
    0x02,0x00,0x00,0x00,0x00,0x00,0x00,0x00,0x10,0x05,0x00,0x00,0x00,0x00,0x00,0x00,0x10,0x05,0x00,0x00,0x00,0x00,0x00,0x00,
    0x60,0x00,0x00,0x00,0x00,0x00,0x00,0x00,0x05,0x00,0x00,0x00,0x01,0x00,0x00,0x00,0x08,0x00,0x00,0x00,0x00,0x00,0x00,0x00,
    0x18,0x00,0x00,0x00,0x00,0x00,0x00,0x00,0x0f,0x00,0x00,0x00,0xf6,0xff,0xff,0x6f,0x02,0x00,0x00,0x00,0x00,0x00,0x00,0x00,
    0x70,0x05,0x00,0x00,0x00,0x00,0x00,0x00,0x70,0x05,0x00,0x00,0x00,0x00,0x00,0x00,0x28,0x00,0x00,0x00,0x00,0x00,0x00,0x00,
    0x02,0x00,0x00,0x00,0x00,0x00,0x00,0x00,0x08,0x00,0x00,0x00,0x00,0x00,0x00,0x00,0x00,0x00,0x00,0x00,0x00,0x00,0x00,0x00,
    0x19,0x00,0x00,0x00,0x05,0x00,0x00,0x00,0x02,0x00,0x00,0x00,0x00,0x00,0x00,0x00,0x98,0x05,0x00,0x00,0x00,0x00,0x00,0x00,
    0x98,0x05,0x00,0x00,0x00,0x00,0x00,0x00,0x28,0x00,0x00,0x00,0x00,0x00,0x00,0x00,0x02,0x00,0x00,0x00,0x00,0x00,0x00,0x00,
    0x04,0x00,0x00,0x00,0x00,0x00,0x00,0x00,0x04,0x00,0x00,0x00,0x00,0x00,0x00,0x00,0x1f,0x00,0x00,0x00,0x03,0x00,0x00,0x00,
    0x02,0x00,0x00,0x00,0x00,0x00,0x00,0x00,0xc0,0x05,0x00,0x00,0x00,0x00,0x00,0x00,0xc0,0x05,0x00,0x00,0x00,0x00,0x00,0x00,
    0x5e,0x00,0x00,0x00,0x00,0x00,0x00,0x00,0x00,0x00,0x00,0x00,0x00,0x00,0x00,0x00,0x01,0x00,0x00,0x00,0x00,0x00,0x00,0x00,
    0x00,0x00,0x00,0x00,0x00,0x00,0x00,0x00,0x27,0x00,0x00,0x00,0x01,0x00,0x00,0x00,0x02,0x00,0x00,0x00,0x00,0x00,0x00,0x00,
    0x40,0x06,0x00,0x00,0x00,0x00,0x00,0x00,0x40,0x06,0x00,0x00,0x00,0x00,0x00,0x00,0x40,0x00,0x00,0x00,0x00,0x00,0x00,0x00,
    0x00,0x00,0x00,0x00,0x00,0x00,0x00,0x00,0x40,0x00,0x00,0x00,0x00,0x00,0x00,0x00,0x00,0x00,0x00,0x00,0x00,0x00,0x00,0x00,
    0x2f,0x00,0x00,0x00,0x01,0x00,0x00,0x00,0x06,0x00,0x00,0x00,0x00,0x00,0x00,0x00,0x00,0x17,0x00,0x00,0x00,0x00,0x00,0x00,
    0x00,0x07,0x00,0x00,0x00,0x00,0x00,0x00,0x80,0x0d,0x00,0x00,0x00,0x00,0x00,0x00,0x00,0x00,0x00,0x00,0x00,0x00,0x00,0x00,
    0x00,0x01,0x00,0x00,0x00,0x00,0x00,0x00,0x00,0x00,0x00,0x00,0x00,0x00,0x00,0x00,0x35,0x00,0x00,0x00,0x06,0x00,0x00,0x00,
    0x03,0x00,0x00,0x00,0x00,0x00,0x00,0x00,0x80,0x34,0x00,0x00,0x00,0x00,0x00,0x00,0x80,0x14,0x00,0x00,0x00,0x00,0x00,0x00,
    0x70,0x00,0x00,0x00,0x00,0x00,0x00,0x00,0x05,0x00,0x00,0x00,0x00,0x00,0x00,0x00,0x08,0x00,0x00,0x00,0x00,0x00,0x00,0x00,
    0x10,0x00,0x00,0x00,0x00,0x00,0x00,0x00,0x3e,0x00,0x00,0x00,0x08,0x00,0x00,0x00,0x03,0x00,0x00,0x00,0x00,0x00,0x00,0x00,
    0xf0,0x34,0x00,0x00,0x00,0x00,0x00,0x00,0xf0,0x14,0x00,0x00,0x00,0x00,0x00,0x00,0x10,0x0b,0x00,0x00,0x00,0x00,0x00,0x00,
    0x00,0x00,0x00,0x00,0x00,0x00,0x00,0x00,0x01,0x00,0x00,0x00,0x00,0x00,0x00,0x00,0x00,0x00,0x00,0x00,0x00,0x00,0x00,0x00,
    0x4d,0x00,0x00,0x00,0x01,0x00,0x00,0x00,0x00,0x00,0x00,0x00,0x00,0x00,0x00,0x00,0x00,0x00,0x00,0x00,0x00,0x00,0x00,0x00,
    0xf0,0x14,0x00,0x00,0x00,0x00,0x00,0x00,0x00,0x00,0x00,0x00,0x00,0x00,0x00,0x00,0x00,0x00,0x00,0x00,0x00,0x00,0x00,0x00,
    0x01,0x00,0x00,0x00,0x00,0x00,0x00,0x00,0x00,0x00,0x00,0x00,0x00,0x00,0x00,0x00,0x62,0x00,0x00,0x00,0x01,0x00,0x00,0x00,
    0x30,0x00,0x00,0x00,0x00,0x00,0x00,0x00,0x00,0x00,0x00,0x00,0x00,0x00,0x00,0x00,0xf0,0x14,0x00,0x00,0x00,0x00,0x00,0x00,
    0x3b,0x00,0x00,0x00,0x00,0x00,0x00,0x00,0x00,0x00,0x00,0x00,0x00,0x00,0x00,0x00,0x01,0x00,0x00,0x00,0x00,0x00,0x00,0x00,
    0x01,0x00,0x00,0x00,0x00,0x00,0x00,0x00,0x6b,0x00,0x00,0x00,0x02,0x00,0x00,0x00,0x00,0x00,0x00,0x00,0x00,0x00,0x00,0x00,
    0x00,0x00,0x00,0x00,0x00,0x00,0x00,0x00,0x30,0x15,0x00,0x00,0x00,0x00,0x00,0x00,0x38,0x01,0x00,0x00,0x00,0x00,0x00,0x00,
    0x0e,0x00,0x00,0x00,0x0a,0x00,0x00,0x00,0x08,0x00,0x00,0x00,0x00,0x00,0x00,0x00,0x18,0x00,0x00,0x00,0x00,0x00,0x00,0x00,
    0x73,0x00,0x00,0x00,0x03,0x00,0x00,0x00,0x00,0x00,0x00,0x00,0x00,0x00,0x00,0x00,0x00,0x00,0x00,0x00,0x00,0x00,0x00,0x00,
    0x68,0x16,0x00,0x00,0x00,0x00,0x00,0x00,0x85,0x00,0x00,0x00,0x00,0x00,0x00,0x00,0x00,0x00,0x00,0x00,0x00,0x00,0x00,0x00,
    0x01,0x00,0x00,0x00,0x00,0x00,0x00,0x00,0x00,0x00,0x00,0x00,0x00,0x00,0x00,0x00,0x7d,0x00,0x00,0x00,0x03,0x00,0x00,0x00,
    0x00,0x00,0x00,0x00,0x00,0x00,0x00,0x00,0x00,0x00,0x00,0x00,0x00,0x00,0x00,0x00,0xed,0x16,0x00,0x00,0x00,0x00,0x00,0x00,
    0x8d,0x01,0x00,0x00,0x00,0x00,0x00,0x00,0x00,0x00,0x00,0x00,0x00,0x00,0x00,0x00,0x01,0x00,0x00,0x00,0x00,0x00,0x00,0x00,
    0x00,0x00,0x00,0x00,0x00,0x00,0x00,0x00,
};
}
namespace gfx10_3_generic {
// gfx10-3-generic signal_operations: e_flags=0x01000053, 5368 bytes
inline constexpr uint8_t signal_operations[] = {
    0x7f,0x45,0x4c,0x46,0x02,0x01,0x01,0x40,0x04,0x00,0x00,0x00,0x00,0x00,0x00,0x00,0x03,0x00,0xe0,0x00,0x01,0x00,0x00,0x00,
    0x00,0x00,0x00,0x00,0x00,0x00,0x00,0x00,0x40,0x00,0x00,0x00,0x00,0x00,0x00,0x00,0x38,0x11,0x00,0x00,0x00,0x00,0x00,0x00,
    0x53,0x00,0x00,0x01,0x40,0x00,0x38,0x00,0x08,0x00,0x40,0x00,0x0f,0x00,0x0d,0x00,0x06,0x00,0x00,0x00,0x04,0x00,0x00,0x00,
    0x40,0x00,0x00,0x00,0x00,0x00,0x00,0x00,0x40,0x00,0x00,0x00,0x00,0x00,0x00,0x00,0x40,0x00,0x00,0x00,0x00,0x00,0x00,0x00,
    0xc0,0x01,0x00,0x00,0x00,0x00,0x00,0x00,0xc0,0x01,0x00,0x00,0x00,0x00,0x00,0x00,0x08,0x00,0x00,0x00,0x00,0x00,0x00,0x00,
    0x01,0x00,0x00,0x00,0x04,0x00,0x00,0x00,0x00,0x00,0x00,0x00,0x00,0x00,0x00,0x00,0x00,0x00,0x00,0x00,0x00,0x00,0x00,0x00,
    0x00,0x00,0x00,0x00,0x00,0x00,0x00,0x00,0x80,0x06,0x00,0x00,0x00,0x00,0x00,0x00,0x80,0x06,0x00,0x00,0x00,0x00,0x00,0x00,
    0x00,0x10,0x00,0x00,0x00,0x00,0x00,0x00,0x01,0x00,0x00,0x00,0x05,0x00,0x00,0x00,0x00,0x07,0x00,0x00,0x00,0x00,0x00,0x00,
    0x00,0x17,0x00,0x00,0x00,0x00,0x00,0x00,0x00,0x17,0x00,0x00,0x00,0x00,0x00,0x00,0x80,0x06,0x00,0x00,0x00,0x00,0x00,0x00,
    0x80,0x06,0x00,0x00,0x00,0x00,0x00,0x00,0x00,0x10,0x00,0x00,0x00,0x00,0x00,0x00,0x01,0x00,0x00,0x00,0x06,0x00,0x00,0x00,
    0x80,0x0d,0x00,0x00,0x00,0x00,0x00,0x00,0x80,0x2d,0x00,0x00,0x00,0x00,0x00,0x00,0x80,0x2d,0x00,0x00,0x00,0x00,0x00,0x00,
    0x70,0x00,0x00,0x00,0x00,0x00,0x00,0x00,0x80,0x02,0x00,0x00,0x00,0x00,0x00,0x00,0x00,0x10,0x00,0x00,0x00,0x00,0x00,0x00,
    0x02,0x00,0x00,0x00,0x06,0x00,0x00,0x00,0x80,0x0d,0x00,0x00,0x00,0x00,0x00,0x00,0x80,0x2d,0x00,0x00,0x00,0x00,0x00,0x00,
    0x80,0x2d,0x00,0x00,0x00,0x00,0x00,0x00,0x70,0x00,0x00,0x00,0x00,0x00,0x00,0x00,0x70,0x00,0x00,0x00,0x00,0x00,0x00,0x00,
    0x08,0x00,0x00,0x00,0x00,0x00,0x00,0x00,0x52,0xe5,0x74,0x64,0x04,0x00,0x00,0x00,0x80,0x0d,0x00,0x00,0x00,0x00,0x00,0x00,
    0x80,0x2d,0x00,0x00,0x00,0x00,0x00,0x00,0x80,0x2d,0x00,0x00,0x00,0x00,0x00,0x00,0x70,0x00,0x00,0x00,0x00,0x00,0x00,0x00,
    0x80,0x02,0x00,0x00,0x00,0x00,0x00,0x00,0x01,0x00,0x00,0x00,0x00,0x00,0x00,0x00,0x51,0xe5,0x74,0x64,0x06,0x00,0x00,0x00,
    0x00,0x00,0x00,0x00,0x00,0x00,0x00,0x00,0x00,0x00,0x00,0x00,0x00,0x00,0x00,0x00,0x00,0x00,0x00,0x00,0x00,0x00,0x00,0x00,
    0x00,0x00,0x00,0x00,0x00,0x00,0x00,0x00,0x00,0x00,0x00,0x00,0x00,0x00,0x00,0x00,0x00,0x00,0x00,0x00,0x00,0x00,0x00,0x00,
    0x04,0x00,0x00,0x00,0x04,0x00,0x00,0x00,0x00,0x02,0x00,0x00,0x00,0x00,0x00,0x00,0x00,0x02,0x00,0x00,0x00,0x00,0x00,0x00,
    0x00,0x02,0x00,0x00,0x00,0x00,0x00,0x00,0x30,0x03,0x00,0x00,0x00,0x00,0x00,0x00,0x30,0x03,0x00,0x00,0x00,0x00,0x00,0x00,
    0x04,0x00,0x00,0x00,0x00,0x00,0x00,0x00,0x07,0x00,0x00,0x00,0x1b,0x03,0x00,0x00,0x20,0x00,0x00,0x00,0x41,0x4d,0x44,0x47,
    0x50,0x55,0x00,0x00,0x83,0xae,0x61,0x6d,0x64,0x68,0x73,0x61,0x2e,0x6b,0x65,0x72,0x6e,0x65,0x6c,0x73,0x91,0xde,0x00,0x12,
    0xa5,0x2e,0x61,0x72,0x67,0x73,0x95,0x85,0xae,0x2e,0x61,0x64,0x64,0x72,0x65,0x73,0x73,0x5f,0x73,0x70,0x61,0x63,0x65,0xa6,
    0x67,0x6c,0x6f,0x62,0x61,0x6c,0xa7,0x2e,0x6f,0x66,0x66,0x73,0x65,0x74,0x00,0xa5,0x2e,0x73,0x69,0x7a,0x65,0x08,0xaa,0x2e,
    0x74,0x79,0x70,0x65,0x5f,0x6e,0x61,0x6d,0x65,0xa5,0x6c,0x6f,0x6e,0x67,0x2a,0xab,0x2e,0x76,0x61,0x6c,0x75,0x65,0x5f,0x6b,
    0x69,0x6e,0x64,0xad,0x67,0x6c,0x6f,0x62,0x61,0x6c,0x5f,0x62,0x75,0x66,0x66,0x65,0x72,0x85,0xae,0x2e,0x61,0x64,0x64,0x72,
    0x65,0x73,0x73,0x5f,0x73,0x70,0x61,0x63,0x65,0xa6,0x67,0x6c,0x6f,0x62,0x61,0x6c,0xa7,0x2e,0x6f,0x66,0x66,0x73,0x65,0x74,
    0x08,0xa5,0x2e,0x73,0x69,0x7a,0x65,0x08,0xaa,0x2e,0x74,0x79,0x70,0x65,0x5f,0x6e,0x61,0x6d,0x65,0xa5,0x6c,0x6f,0x6e,0x67,
    0x2a,0xab,0x2e,0x76,0x61,0x6c,0x75,0x65,0x5f,0x6b,0x69,0x6e,0x64,0xad,0x67,0x6c,0x6f,0x62,0x61,0x6c,0x5f,0x62,0x75,0x66,
    0x66,0x65,0x72,0x84,0xa7,0x2e,0x6f,0x66,0x66,0x73,0x65,0x74,0x10,0xa5,0x2e,0x73,0x69,0x7a,0x65,0x08,0xaa,0x2e,0x74,0x79,
    0x70,0x65,0x5f,0x6e,0x61,0x6d,0x65,0xa4,0x6c,0x6f,0x6e,0x67,0xab,0x2e,0x76,0x61,0x6c,0x75,0x65,0x5f,0x6b,0x69,0x6e,0x64,
    0xa8,0x62,0x79,0x5f,0x76,0x61,0x6c,0x75,0x65,0x84,0xa7,0x2e,0x6f,0x66,0x66,0x73,0x65,0x74,0x18,0xa5,0x2e,0x73,0x69,0x7a,
    0x65,0x08,0xaa,0x2e,0x74,0x79,0x70,0x65,0x5f,0x6e,0x61,0x6d,0x65,0xa4,0x6c,0x6f,0x6e,0x67,0xab,0x2e,0x76,0x61,0x6c,0x75,
    0x65,0x5f,0x6b,0x69,0x6e,0x64,0xa8,0x62,0x79,0x5f,0x76,0x61,0x6c,0x75,0x65,0x84,0xa7,0x2e,0x6f,0x66,0x66,0x73,0x65,0x74,
    0x20,0xa5,0x2e,0x73,0x69,0x7a,0x65,0x04,0xaa,0x2e,0x74,0x79,0x70,0x65,0x5f,0x6e,0x61,0x6d,0x65,0xa4,0x75,0x69,0x6e,0x74,
    0xab,0x2e,0x76,0x61,0x6c,0x75,0x65,0x5f,0x6b,0x69,0x6e,0x64,0xa8,0x62,0x79,0x5f,0x76,0x61,0x6c,0x75,0x65,0xb9,0x2e,0x67,
    0x72,0x6f,0x75,0x70,0x5f,0x73,0x65,0x67,0x6d,0x65,0x6e,0x74,0x5f,0x66,0x69,0x78,0x65,0x64,0x5f,0x73,0x69,0x7a,0x65,0x00,
    0xb6,0x2e,0x6b,0x65,0x72,0x6e,0x61,0x72,0x67,0x5f,0x73,0x65,0x67,0x6d,0x65,0x6e,0x74,0x5f,0x61,0x6c,0x69,0x67,0x6e,0x08,
    0xb5,0x2e,0x6b,0x65,0x72,0x6e,0x61,0x72,0x67,0x5f,0x73,0x65,0x67,0x6d,0x65,0x6e,0x74,0x5f,0x73,0x69,0x7a,0x65,0x24,0xa9,
    0x2e,0x6c,0x61,0x6e,0x67,0x75,0x61,0x67,0x65,0xa8,0x4f,0x70,0x65,0x6e,0x43,0x4c,0x20,0x43,0xb1,0x2e,0x6c,0x61,0x6e,0x67,
    0x75,0x61,0x67,0x65,0x5f,0x76,0x65,0x72,0x73,0x69,0x6f,0x6e,0x92,0x02,0x00,0xb8,0x2e,0x6d,0x61,0x78,0x5f,0x66,0x6c,0x61,
    0x74,0x5f,0x77,0x6f,0x72,0x6b,0x67,0x72,0x6f,0x75,0x70,0x5f,0x73,0x69,0x7a,0x65,0x20,0xa5,0x2e,0x6e,0x61,0x6d,0x65,0xb0,
    0x73,0x69,0x67,0x6e,0x61,0x6c,0x5f,0x6f,0x70,0x65,0x72,0x61,0x74,0x69,0x6f,0x6e,0xbb,0x2e,0x70,0x72,0x69,0x76,0x61,0x74,
    0x65,0x5f,0x73,0x65,0x67,0x6d,0x65,0x6e,0x74,0x5f,0x66,0x69,0x78,0x65,0x64,0x5f,0x73,0x69,0x7a,0x65,0x00,0xb4,0x2e,0x72,
    0x65,0x71,0x64,0x5f,0x77,0x6f,0x72,0x6b,0x67,0x72,0x6f,0x75,0x70,0x5f,0x73,0x69,0x7a,0x65,0x93,0x20,0x01,0x01,0xab,0x2e,
    0x73,0x67,0x70,0x72,0x5f,0x63,0x6f,0x75,0x6e,0x74,0x0f,0xb1,0x2e,0x73,0x67,0x70,0x72,0x5f,0x73,0x70,0x69,0x6c,0x6c,0x5f,
    0x63,0x6f,0x75,0x6e,0x74,0x00,0xa7,0x2e,0x73,0x79,0x6d,0x62,0x6f,0x6c,0xb3,0x73,0x69,0x67,0x6e,0x61,0x6c,0x5f,0x6f,0x70,
    0x65,0x72,0x61,0x74,0x69,0x6f,0x6e,0x2e,0x6b,0x64,0xb3,0x2e,0x75,0x73,0x65,0x73,0x5f,0x64,0x79,0x6e,0x61,0x6d,0x69,0x63,
    0x5f,0x73,0x74,0x61,0x63,0x6b,0xc2,0xab,0x2e,0x76,0x67,0x70,0x72,0x5f,0x63,0x6f,0x75,0x6e,0x74,0x06,0xb1,0x2e,0x76,0x67,
    0x70,0x72,0x5f,0x73,0x70,0x69,0x6c,0x6c,0x5f,0x63,0x6f,0x75,0x6e,0x74,0x00,0xaf,0x2e,0x77,0x61,0x76,0x65,0x66,0x72,0x6f,
    0x6e,0x74,0x5f,0x73,0x69,0x7a,0x65,0x20,0xb9,0x2e,0x77,0x6f,0x72,0x6b,0x67,0x72,0x6f,0x75,0x70,0x5f,0x70,0x72,0x6f,0x63,
    0x65,0x73,0x73,0x6f,0x72,0x5f,0x6d,0x6f,0x64,0x65,0x01,0xad,0x61,0x6d,0x64,0x68,0x73,0x61,0x2e,0x74,0x61,0x72,0x67,0x65,
    0x74,0xd9,0x22,0x61,0x6d,0x64,0x67,0x63,0x6e,0x2d,0x61,0x6d,0x64,0x2d,0x61,0x6d,0x64,0x68,0x73,0x61,0x2d,0x2d,0x67,0x66,
    0x78,0x31,0x30,0x2d,0x33,0x2d,0x67,0x65,0x6e,0x65,0x72,0x69,0x63,0xae,0x61,0x6d,0x64,0x68,0x73,0x61,0x2e,0x76,0x65,0x72,
    0x73,0x69,0x6f,0x6e,0x92,0x01,0x02,0x00,0x00,0x00,0x00,0x00,0x00,0x00,0x00,0x00,0x00,0x00,0x00,0x00,0x00,0x00,0x00,0x00,
    0x00,0x00,0x00,0x00,0x00,0x00,0x00,0x00,0x01,0x00,0x00,0x00,0x12,0x03,0x07,0x00,0x00,0x17,0x00,0x00,0x00,0x00,0x00,0x00,
    0x88,0x03,0x00,0x00,0x00,0x00,0x00,0x00,0x12,0x00,0x00,0x00,0x11,0x03,0x06,0x00,0x40,0x06,0x00,0x00,0x00,0x00,0x00,0x00,
    0x40,0x00,0x00,0x00,0x00,0x00,0x00,0x00,0x26,0x00,0x00,0x00,0x12,0x03,0x07,0x00,0x88,0x1a,0x00,0x00,0x00,0x00,0x00,0x00,
    0x34,0x02,0x00,0x00,0x00,0x00,0x00,0x00,0x01,0x00,0x00,0x00,0x01,0x00,0x00,0x00,0x01,0x00,0x00,0x00,0x1a,0x00,0x00,0x00,
    0x00,0x00,0x89,0x00,0x40,0x00,0x01,0x10,0x01,0x00,0x00,0x00,0xd2,0x64,0x68,0xc1,0xd0,0x69,0xb2,0x5f,0xe7,0x24,0x33,0xf0,
    0x04,0x00,0x00,0x00,0x04,0x00,0x00,0x00,0x02,0x00,0x00,0x00,0x00,0x00,0x00,0x00,0x03,0x00,0x00,0x00,0x00,0x00,0x00,0x00,
    0x00,0x00,0x00,0x00,0x00,0x00,0x00,0x00,0x00,0x00,0x00,0x00,0x01,0x00,0x00,0x00,0x00,0x73,0x69,0x67,0x6e,0x61,0x6c,0x5f,
    0x6f,0x70,0x65,0x72,0x61,0x74,0x69,0x6f,0x6e,0x00,0x73,0x69,0x67,0x6e,0x61,0x6c,0x5f,0x6f,0x70,0x65,0x72,0x61,0x74,0x69,
    0x6f,0x6e,0x2e,0x6b,0x64,0x00,0x5f,0x5f,0x63,0x6c,0x61,0x6e,0x67,0x5f,0x6f,0x63,0x6c,0x5f,0x6b,0x65,0x72,0x6e,0x5f,0x69,
    0x6d,0x70,0x5f,0x73,0x69,0x67,0x6e,0x61,0x6c,0x5f,0x6f,0x70,0x65,0x72,0x61,0x74,0x69,0x6f,0x6e,0x00,0x00,0x00,0x00,0x00,
    0x00,0x00,0x00,0x00,0x00,0x00,0x00,0x00,0x00,0x00,0x00,0x00,0x00,0x00,0x00,0x00,0x00,0x00,0x00,0x00,0x00,0x00,0x00,0x00,
    0x24,0x00,0x00,0x00,0x00,0x00,0x00,0x00,0xc0,0x10,0x00,0x00,0x00,0x00,0x00,0x00,0x00,0x00,0x00,0x00,0x00,0x00,0x00,0x00,
    0x00,0x00,0x00,0x00,0x00,0x00,0x00,0x00,0x00,0x00,0x00,0x00,0x00,0x00,0x00,0x00,0x40,0x00,0xaf,0xe0,0x8c,0x00,0x00,0x00,
    0x09,0x04,0x00,0x00,0x00,0x00,0x00,0x00,0x00,0x00,0x00,0x00,0x00,0x00,0x00,0x00,0x00,0x00,0x00,0x00,0x00,0x00,0x00,0x00,
    0x00,0x00,0x00,0x00,0x00,0x00,0x00,0x00,0x00,0x00,0x00,0x00,0x00,0x00,0x00,0x00,0x00,0x00,0x00,0x00,0x00,0x00,0x00,0x00,
    0x00,0x00,0x00,0x00,0x00,0x00,0x00,0x00,0x00,0x00,0x00,0x00,0x00,0x00,0x00,0x00,0x00,0x00,0x00,0x00,0x00,0x00,0x00,0x00,
    0x00,0x00,0x00,0x00,0x00,0x00,0x00,0x00,0x00,0x00,0x00,0x00,0x00,0x00,0x00,0x00,0x00,0x00,0x00,0x00,0x00,0x00,0x00,0x00,
    0x00,0x00,0x00,0x00,0x00,0x00,0x00,0x00,0x00,0x00,0x00,0x00,0x00,0x00,0x00,0x00,0x00,0x00,0x00,0x00,0x00,0x00,0x00,0x00,
    0x00,0x00,0x00,0x00,0x00,0x00,0x00,0x00,0x00,0x00,0x00,0x00,0x00,0x00,0x00,0x00,0x7e,0x03,0x80,0xbe,0x80,0x00,0xa4,0x7d,
    0xde,0x00,0x88,0xbf,0x01,0x00,0xa1,0xbf,0x02,0x02,0x00,0xf4,0x20,0x00,0x00,0xfa,0x02,0x00,0x0c,0xf4,0x00,0x00,0x00,0xfa,
    0x7f,0xc0,0x8c,0xbf,0x08,0x85,0x04,0xbf,0x16,0x00,0x85,0xbf,0x08,0x86,0x02,0xbf,0x17,0x00,0x84,0xbf,0x08,0x87,0x02,0xbf,
    0x18,0x00,0x84,0xbf,0x80,0x02,0x00,0x7e,0x80,0x02,0x02,0x7e,0x08,0x88,0x06,0xbf,0x0c,0x00,0x84,0xbf,0x04,0x02,0x00,0x7e,
    0x05,0x02,0x02,0x7e,0x06,0x02,0x04,0x7e,0x07,0x02,0x06,0x7e,0x80,0x02,0x08,0x7e,0x00,0x80,0x45,0xdd,0x04,0x00,0x00,0x00,
    0x70,0x3f,0x8c,0xbf,0x00,0x00,0xc8,0xe1,0x00,0x00,0x00,0x00,0x00,0x00,0xc4,0xe1,0x00,0x00,0x00,0x00,0x80,0x03,0x86,0xbe,
    0x07,0x00,0x82,0xbf,0x80,0x03,0x86,0xbe,0x44,0x00,0x89,0xbf,0xae,0x00,0x82,0xbf,0x80,0x03,0x86,0xbe,0x03,0x00,0x89,0xbf,
    0x3f,0x00,0x82,0xbf,0xc1,0x03,0x86,0xbe,0x3d,0x00,0x82,0xbf,0x08,0x85,0x02,0xbf,0x20,0x00,0x84,0xbf,0x7e,0x03,0x8a,0xbe,
    0x80,0x03,0x87,0xbe,0x02,0x00,0x65,0xd7,0x0a,0x00,0x01,0x00,0x7e,0x03,0x89,0xbe,0x80,0x04,0xa4,0x7d,0x0e,0x00,0x88,0xbf,
    0x0a,0x0f,0x8a,0xbe,0x80,0x02,0x06,0x7e,0x0a,0x81,0x0a,0x87,0x04,0x0a,0x0b,0x93,0x05,0x0a,0x0a,0x93,0x0b,0x02,0x00,0x7e,
    0x0a,0x02,0x02,0x7e,0x00,0x80,0x6d,0xdd,0x03,0x00,0x00,0x00,0x70,0x3f,0x8c,0xbf,0x00,0x00,0xc8,0xe1,0x00,0x00,0x00,0x00,
    0x00,0x00,0xc4,0xe1,0x00,0x00,0x00,0x00,0x7e,0x09,0x7e,0x88,0x81,0x04,0x04,0x36,0x01,0x05,0x12,0x7e,0x00,0x05,0x14,0x7e,
    0x03,0x00,0x69,0xd5,0x05,0x04,0x02,0x00,0x02,0x00,0x69,0xd5,0x04,0x04,0x02,0x00,0x09,0x06,0x02,0x3a,0x0a,0x04,0x00,0x3a,
    0x01,0x00,0x82,0xbf,0xc1,0x03,0x87,0xbe,0x7e,0x07,0x6a,0x87,0x18,0x00,0x86,0xbf,0x00,0x00,0x65,0xd7,0x7e,0x00,0x01,0x00,
    0x80,0x00,0x84,0x7d,0x6a,0x3c,0x87,0xbe,0x0a,0x00,0x88,0xbf,0x04,0x02,0x00,0x7e,0x80,0x02,0x04,0x7e,0x05,0x02,0x02,0x7e,
    0x00,0x80,0x69,0xdd,0x02,0x00,0x00,0x00,0x70,0x3f,0x8c,0xbf,0x00,0x00,0xc8,0xe1,0x00,0x00,0x00,0x00,0x00,0x00,0xc4,0xe1,
    0x00,0x00,0x00,0x00,0x7e,0x07,0x7e,0x88,0x01,0x05,0x0e,0x7e,0x00,0x05,0x12,0x7e,0x00,0x00,0x01,0xd5,0x05,0x00,0xa9,0x01,
    0x02,0x00,0x01,0xd5,0x04,0x00,0xa9,0x01,0x07,0x00,0x02,0x38,0x09,0x04,0x00,0x38,0x6b,0x00,0x82,0xbf,0x08,0x82,0x02,0xbf,
    0x1f,0x00,0x84,0xbf,0x08,0x83,0x02,0xbf,0x1e,0x00,0x84,0xbf,0x00,0x00,0x65,0xd7,0x7e,0x00,0x01,0x00,0x80,0x03,0x87,0xbe,
    0x80,0x00,0x84,0x7d,0x6a,0x3c,0x89,0xbe,0x0a,0x00,0x88,0xbf,0x04,0x02,0x00,0x7e,0x80,0x02,0x04,0x7e,0x05,0x02,0x02,0x7e,
    0x00,0x80,0x65,0xdd,0x02,0x00,0x00,0x00,0x70,0x3f,0x8c,0xbf,0x00,0x00,0xc8,0xe1,0x00,0x00,0x00,0x00,0x00,0x00,0xc4,0xe1,
    0x00,0x00,0x00,0x00,0x7e,0x09,0x7e,0x88,0x01,0x05,0x12,0x7e,0x00,0x05,0x14,0x7e,0x00,0x00,0x01,0xd5,0x05,0x82,0xa9,0x01,
    0x02,0x00,0x01,0xd5,0x04,0x82,0xa9,0x01,0x09,0x00,0x02,0x36,0x0a,0x04,0x00,0x36,0x7e,0x07,0x6a,0x87,0x04,0x00,0x87,0xbf,
    0x24,0x00,0x88,0xbf,0x4a,0x00,0x82,0xbf,0x22,0x00,0x82,0xbf,0xfc,0xff,0x88,0xbf,0x7e,0x03,0x89,0xbe,0x7e,0x03,0x87,0xbe,
    0x02,0x00,0x65,0xd7,0x09,0x00,0x01,0x00,0x80,0x04,0xa4,0x7d,0x0f,0x00,0x88,0xbf,0x09,0x0f,0x89,0xbe,0x80,0x02,0x06,0x7e,
    0x05,0x09,0x0a,0x93,0x04,0x09,0x8b,0x9a,0x04,0x09,0x09,0x93,0x0b,0x0a,0x0b,0x81,0x09,0x02,0x00,0x7e,0x0b,0x02,0x02,0x7e,
    0x00,0x80,0x4d,0xdd,0x03,0x00,0x00,0x00,0x70,0x3f,0x8c,0xbf,0x00,0x00,0xc8,0xe1,0x00,0x00,0x00,0x00,0x00,0x00,0xc4,0xe1,
    0x00,0x00,0x00,0x00,0x7e,0x07,0x7e,0x88,0x03,0x7d,0x76,0xd5,0x04,0x04,0x02,0x02,0x00,0x05,0x0e,0x7e,0x01,0x05,0x12,0x7e,
    0x04,0x7d,0x76,0xd5,0x05,0x04,0x12,0x04,0x00,0x6a,0x10,0xd7,0x07,0x06,0x02,0x00,0x01,0x7d,0x29,0xd5,0x09,0x08,0xaa,0x01,
    0x27,0x00,0x89,0xbf,0x08,0x81,0x02,0xbf,0x1e,0x00,0x84,0xbf,0x7e,0x03,0x8a,0xbe,0x80,0x03,0x87,0xbe,0x02,0x00,0x65,0xd7,
    0x0a,0x00,0x01,0x00,0x7e,0x03,0x89,0xbe,0x80,0x04,0xa4,0x7d,0x0f,0x00,0x88,0xbf,0x0a,0x0f,0x8a,0xbe,0x80,0x02,0x06,0x7e,
    0x05,0x0a,0x0b,0x93,0x04,0x0a,0x8c,0x9a,0x04,0x0a,0x0a,0x93,0x0c,0x0b,0x0c,0x81,0x0a,0x02,0x00,0x7e,0x0c,0x02,0x02,0x7e,
    0x00,0x80,0x49,0xdd,0x03,0x00,0x00,0x00,0x70,0x3f,0x8c,0xbf,0x00,0x00,0xc8,0xe1,0x00,0x00,0x00,0x00,0x00,0x00,0xc4,0xe1,
    0x00,0x00,0x00,0x00,0x7e,0x09,0x7e,0x88,0x01,0x05,0x16,0x7e,0x00,0x05,0x14,0x7e,0x00,0x7d,0x76,0xd5,0x04,0x04,0x2a,0x00,
    0x01,0x7d,0x76,0xd5,0x05,0x04,0x06,0x04,0x01,0x00,0x82,0xbf,0xc1,0x03,0x87,0xbe,0x7e,0x07,0x6a,0x87,0x04,0x00,0x86,0xbf,
    0x80,0x02,0x00,0x7e,0x80,0x02,0x02,0x7e,0x08,0x81,0x06,0xbf,0xc1,0x80,0x06,0x85,0x7e,0x06,0x6a,0x87,0x0a,0x00,0x86,0xbf,
    0x04,0x02,0x00,0x7e,0x80,0x02,0x04,0x7e,0x05,0x02,0x02,0x7e,0x00,0x80,0x41,0xdd,0x02,0x00,0x00,0x00,0x70,0x3f,0x8c,0xbf,
    0x00,0x00,0xc8,0xe1,0x00,0x00,0x00,0x00,0x00,0x00,0xc4,0xe1,0x00,0x00,0x00,0x00,0x80,0x02,0x04,0x7e,0x00,0x80,0x74,0xdc,
    0x02,0x00,0x02,0x00,0x00,0x00,0x81,0xbf,0x00,0x00,0x8c,0xbf,0xff,0x3e,0x12,0x36,0xff,0x03,0x00,0x00,0x7e,0x03,0x84,0xbe,
    0x80,0x12,0xa4,0x7d,0x85,0x00,0x88,0xbf,0x80,0x03,0x85,0xbe,0x7e,0x03,0x86,0xbe,0x84,0x10,0x22,0x7d,0x7e,0x06,0x06,0x89,
    0x34,0x00,0x88,0xbf,0x7e,0x03,0x87,0xbe,0x86,0x10,0x22,0x7d,0x7e,0x07,0x07,0x89,0x15,0x00,0x88,0xbf,0xc1,0x03,0x88,0xbe,
    0x7e,0x03,0x85,0xbe,0x87,0x10,0x22,0x7d,0x0f,0x00,0x88,0xbf,0x80,0x02,0x12,0x7e,0x80,0x02,0x14,0x7e,0x7e,0x03,0x88,0xbe,
    0x88,0x10,0xa4,0x7d,0x08,0x00,0x88,0xbf,0x00,0x00,0xfd,0xbb,0x00,0x80,0x45,0xdd,0x00,0x04,0x7d,0x09,0x70,0x3f,0x8c,0xbf,
    0x00,0x00,0xc8,0xe1,0x00,0x00,0x00,0x00,0x00,0x00,0xc4,0xe1,0x00,0x00,0x00,0x00,0x7e,0x08,0x7e,0x88,0x7e,0xc1,0x08,0x89,
    0x7e,0x05,0x7e,0x88,0x08,0x7e,0x05,0x87,0x07,0x3f,0x87,0xbe,0x17,0x00,0x88,0xbf,0x7e,0x03,0x88,0xbe,0x85,0x10,0x22,0x7d,
    0x7e,0x08,0x08,0x89,0x08,0x00,0x88,0xbf,0x00,0x00,0xfd,0xbb,0x00,0x80,0x6d,0xdd,0x00,0x04,0x7d,0x09,0x70,0x3f,0x8c,0xbf,
    0x00,0x00,0xc8,0xe1,0x00,0x00,0x00,0x00,0x00,0x00,0xc4,0xe1,0x00,0x00,0x00,0x00,0x08,0x3f,0x88,0xbe,0x08,0x00,0x88,0xbf,
    0x00,0x00,0xfd,0xbb,0x00,0x80,0x69,0xdd,0x00,0x04,0x7d,0x09,0x70,0x3f,0x8c,0xbf,0x00,0x00,0xc8,0xe1,0x00,0x00,0x00,0x00,
    0x00,0x00,0xc4,0xe1,0x00,0x00,0x00,0x00,0x7e,0x08,0x7e,0x88,0x7e,0x07,0x7e,0x88,0x05,0x7e,0x05,0x87,0x06,0x3f,0x86,0xbe,
    0x3c,0x00,0x88,0xbf,0x7e,0x03,0x87,0xbe,0x82,0x10,0x22,0x7d,0x7e,0x07,0x07,0x89,0x17,0x00,0x88,0xbf,0x7e,0x03,0x88,0xbe,
    0x83,0x10,0x22,0x7d,0x7e,0x08,0x08,0x89,0x08,0x00,0x88,0xbf,0x00,0x00,0xfd,0xbb,0x00,0x80,0x65,0xdd,0x00,0x04,0x7d,0x09,
    0x70,0x3f,0x8c,0xbf,0x00,0x00,0xc8,0xe1,0x00,0x00,0x00,0x00,0x00,0x00,0xc4,0xe1,0x00,0x00,0x00,0x00,0x08,0x3f,0x88,0xbe,
    0x08,0x00,0x88,0xbf,0x00,0x00,0xfd,0xbb,0x00,0x80,0x4d,0xdd,0x00,0x04,0x7d,0x09,0x70,0x3f,0x8c,0xbf,0x00,0x00,0xc8,0xe1,
    0x00,0x00,0x00,0x00,0x00,0x00,0xc4,0xe1,0x00,0x00,0x00,0x00,0x7e,0x08,0x7e,0x88,0x07,0x3d,0x87,0xbe,0x05,0x03,0x88,0xbe,
    0x7e,0x07,0x7e,0x89,0x19,0x00,0x88,0xbf,0x7e,0x03,0x88,0xbe,0x81,0x10,0x22,0x7d,0x7e,0x08,0x08,0x89,0x08,0x00,0x88,0xbf,
    0x00,0x00,0xfd,0xbb,0x00,0x80,0x49,0xdd,0x00,0x04,0x7d,0x09,0x70,0x3f,0x8c,0xbf,0x00,0x00,0xc8,0xe1,0x00,0x00,0x00,0x00,
    0x00,0x00,0xc4,0xe1,0x00,0x00,0x00,0x00,0x08,0x3d,0x88,0xbe,0x05,0x03,0x89,0xbe,0x7e,0x08,0x7e,0x89,0x81,0x10,0x84,0x7d,
    0x80,0x02,0x12,0x7e,0x80,0x02,0x14,0x7e,0x05,0x7e,0x09,0x8a,0x6a,0x7e,0x0a,0x87,0x09,0x0a,0x09,0x88,0x7e,0x08,0x7e,0x88,
    0x05,0x7e,0x08,0x8a,0x09,0x7e,0x09,0x87,0x08,0x09,0x08,0x88,0x7e,0x07,0x7e,0x88,0x05,0x7e,0x05,0x8a,0x08,0x7e,0x07,0x87,
    0x05,0x07,0x05,0x88,0x7e,0x06,0x7e,0x88,0x05,0x3c,0x86,0xbe,0x08,0x00,0x88,0xbf,0x00,0x00,0xfd,0xbb,0x00,0x80,0x41,0xdd,
    0x00,0x04,0x7d,0x09,0x70,0x3f,0x8c,0xbf,0x00,0x00,0xc8,0xe1,0x00,0x00,0x00,0x00,0x00,0x00,0xc4,0xe1,0x00,0x00,0x00,0x00,
    0x7e,0x06,0x7e,0x88,0x00,0x80,0x74,0xdc,0x02,0x09,0x7d,0x00,0x7e,0x04,0x7e,0x88,0x1e,0x20,0x80,0xbe,0x00,0x00,0x9f,0xbf,
    0x00,0x00,0x9f,0xbf,0x00,0x00,0x9f,0xbf,0x00,0x00,0x9f,0xbf,0x00,0x00,0x9f,0xbf,0x00,0x00,0x9f,0xbf,0x00,0x00,0x9f,0xbf,
    0x00,0x00,0x9f,0xbf,0x00,0x00,0x9f,0xbf,0x00,0x00,0x9f,0xbf,0x00,0x00,0x9f,0xbf,0x00,0x00,0x9f,0xbf,0x00,0x00,0x9f,0xbf,
    0x00,0x00,0x9f,0xbf,0x00,0x00,0x9f,0xbf,0x00,0x00,0x9f,0xbf,0x00,0x00,0x9f,0xbf,0x00,0x00,0x9f,0xbf,0x00,0x00,0x9f,0xbf,
    0x00,0x00,0x9f,0xbf,0x00,0x00,0x9f,0xbf,0x00,0x00,0x9f,0xbf,0x00,0x00,0x9f,0xbf,0x00,0x00,0x9f,0xbf,0x00,0x00,0x9f,0xbf,
    0x00,0x00,0x9f,0xbf,0x00,0x00,0x9f,0xbf,0x00,0x00,0x9f,0xbf,0x00,0x00,0x9f,0xbf,0x00,0x00,0x9f,0xbf,0x00,0x00,0x9f,0xbf,
    0x00,0x00,0x9f,0xbf,0x00,0x00,0x9f,0xbf,0x00,0x00,0x9f,0xbf,0x00,0x00,0x9f,0xbf,0x00,0x00,0x9f,0xbf,0x00,0x00,0x9f,0xbf,
    0x00,0x00,0x9f,0xbf,0x00,0x00,0x9f,0xbf,0x00,0x00,0x9f,0xbf,0x00,0x00,0x9f,0xbf,0x00,0x00,0x9f,0xbf,0x00,0x00,0x9f,0xbf,
    0x00,0x00,0x9f,0xbf,0x00,0x00,0x9f,0xbf,0x00,0x00,0x9f,0xbf,0x00,0x00,0x9f,0xbf,0x00,0x00,0x9f,0xbf,0x00,0x00,0x9f,0xbf,
    0x06,0x00,0x00,0x00,0x00,0x00,0x00,0x00,0x30,0x05,0x00,0x00,0x00,0x00,0x00,0x00,0x0b,0x00,0x00,0x00,0x00,0x00,0x00,0x00,
    0x18,0x00,0x00,0x00,0x00,0x00,0x00,0x00,0x05,0x00,0x00,0x00,0x00,0x00,0x00,0x00,0xe0,0x05,0x00,0x00,0x00,0x00,0x00,0x00,
    0x0a,0x00,0x00,0x00,0x00,0x00,0x00,0x00,0x4c,0x00,0x00,0x00,0x00,0x00,0x00,0x00,0xf5,0xfe,0xff,0x6f,0x00,0x00,0x00,0x00,
    0x90,0x05,0x00,0x00,0x00,0x00,0x00,0x00,0x04,0x00,0x00,0x00,0x00,0x00,0x00,0x00,0xb8,0x05,0x00,0x00,0x00,0x00,0x00,0x00,
    0x00,0x00,0x00,0x00,0x00,0x00,0x00,0x00,0x00,0x00,0x00,0x00,0x00,0x00,0x00,0x00,0x48,0x6f,0x6d,0x65,0x62,0x72,0x65,0x77,
    0x20,0x63,0x6c,0x61,0x6e,0x67,0x20,0x76,0x65,0x72,0x73,0x69,0x6f,0x6e,0x20,0x32,0x31,0x2e,0x31,0x2e,0x38,0x00,0x00,0x4c,
    0x69,0x6e,0x6b,0x65,0x72,0x3a,0x20,0x48,0x6f,0x6d,0x65,0x62,0x72,0x65,0x77,0x20,0x4c,0x4c,0x44,0x20,0x32,0x31,0x2e,0x31,
    0x2e,0x38,0x00,0x00,0x00,0x00,0x00,0x00,0x00,0x00,0x00,0x00,0x00,0x00,0x00,0x00,0x00,0x00,0x00,0x00,0x00,0x00,0x00,0x00,
    0x00,0x00,0x00,0x00,0x00,0x00,0x00,0x00,0x01,0x00,0x00,0x00,0x00,0x00,0xf1,0xff,0x00,0x00,0x00,0x00,0x00,0x00,0x00,0x00,
    0x00,0x00,0x00,0x00,0x00,0x00,0x00,0x00,0x23,0x00,0x00,0x00,0x00,0x00,0xf1,0xff,0x00,0x00,0x00,0x00,0x00,0x00,0x00,0x00,
    0x00,0x00,0x00,0x00,0x00,0x00,0x00,0x00,0x3d,0x00,0x00,0x00,0x00,0x00,0xf1,0xff,0x06,0x00,0x00,0x00,0x00,0x00,0x00,0x00,
    0x00,0x00,0x00,0x00,0x00,0x00,0x00,0x00,0x57,0x00,0x00,0x00,0x00,0x00,0xf1,0xff,0x0d,0x00,0x00,0x00,0x00,0x00,0x00,0x00,
    0x00,0x00,0x00,0x00,0x00,0x00,0x00,0x00,0x76,0x00,0x00,0x00,0x00,0x00,0xf1,0xff,0x01,0x00,0x00,0x00,0x00,0x00,0x00,0x00,
    0x00,0x00,0x00,0x00,0x00,0x00,0x00,0x00,0x90,0x00,0x00,0x00,0x00,0x00,0xf1,0xff,0x00,0x00,0x00,0x00,0x00,0x00,0x00,0x00,
    0x00,0x00,0x00,0x00,0x00,0x00,0x00,0x00,0xb3,0x00,0x00,0x00,0x00,0x00,0xf1,0xff,0x00,0x00,0x00,0x00,0x00,0x00,0x00,0x00,
    0x00,0x00,0x00,0x00,0x00,0x00,0x00,0x00,0xd8,0x00,0x00,0x00,0x00,0x00,0xf1,0xff,0x00,0x00,0x00,0x00,0x00,0x00,0x00,0x00,
    0x00,0x00,0x00,0x00,0x00,0x00,0x00,0x00,0x42,0x01,0x00,0x00,0x00,0x02,0x08,0x00,0x80,0x2d,0x00,0x00,0x00,0x00,0x00,0x00,
    0x00,0x00,0x00,0x00,0x00,0x00,0x00,0x00,0xf7,0x00,0x00,0x00,0x12,0x03,0x07,0x00,0x00,0x17,0x00,0x00,0x00,0x00,0x00,0x00,
    0x88,0x03,0x00,0x00,0x00,0x00,0x00,0x00,0x08,0x01,0x00,0x00,0x11,0x03,0x06,0x00,0x40,0x06,0x00,0x00,0x00,0x00,0x00,0x00,
    0x40,0x00,0x00,0x00,0x00,0x00,0x00,0x00,0x1c,0x01,0x00,0x00,0x12,0x03,0x07,0x00,0x88,0x1a,0x00,0x00,0x00,0x00,0x00,0x00,
    0x34,0x02,0x00,0x00,0x00,0x00,0x00,0x00,0x00,0x2e,0x6e,0x6f,0x74,0x65,0x00,0x2e,0x64,0x79,0x6e,0x73,0x79,0x6d,0x00,0x2e,
    0x67,0x6e,0x75,0x2e,0x68,0x61,0x73,0x68,0x00,0x2e,0x68,0x61,0x73,0x68,0x00,0x2e,0x64,0x79,0x6e,0x73,0x74,0x72,0x00,0x2e,
    0x72,0x6f,0x64,0x61,0x74,0x61,0x00,0x2e,0x74,0x65,0x78,0x74,0x00,0x2e,0x64,0x79,0x6e,0x61,0x6d,0x69,0x63,0x00,0x2e,0x72,
    0x65,0x6c,0x72,0x6f,0x5f,0x70,0x61,0x64,0x64,0x69,0x6e,0x67,0x00,0x2e,0x41,0x4d,0x44,0x47,0x50,0x55,0x2e,0x67,0x70,0x72,
    0x5f,0x6d,0x61,0x78,0x69,0x6d,0x75,0x6d,0x73,0x00,0x2e,0x63,0x6f,0x6d,0x6d,0x65,0x6e,0x74,0x00,0x2e,0x73,0x79,0x6d,0x74,
    0x61,0x62,0x00,0x2e,0x73,0x68,0x73,0x74,0x72,0x74,0x61,0x62,0x00,0x2e,0x73,0x74,0x72,0x74,0x61,0x62,0x00,0x00,0x73,0x69,
    0x67,0x6e,0x61,0x6c,0x5f,0x6f,0x70,0x65,0x72,0x61,0x74,0x69,0x6f,0x6e,0x2e,0x70,0x72,0x69,0x76,0x61,0x74,0x65,0x5f,0x73,
    0x65,0x67,0x5f,0x73,0x69,0x7a,0x65,0x00,0x73,0x69,0x67,0x6e,0x61,0x6c,0x5f,0x6f,0x70,0x65,0x72,0x61,0x74,0x69,0x6f,0x6e,
    0x2e,0x6e,0x75,0x6d,0x5f,0x61,0x67,0x70,0x72,0x00,0x73,0x69,0x67,0x6e,0x61,0x6c,0x5f,0x6f,0x70,0x65,0x72,0x61,0x74,0x69,
    0x6f,0x6e,0x2e,0x6e,0x75,0x6d,0x5f,0x76,0x67,0x70,0x72,0x00,0x73,0x69,0x67,0x6e,0x61,0x6c,0x5f,0x6f,0x70,0x65,0x72,0x61,
    0x74,0x69,0x6f,0x6e,0x2e,0x6e,0x75,0x6d,0x62,0x65,0x72,0x65,0x64,0x5f,0x73,0x67,0x70,0x72,0x00,0x73,0x69,0x67,0x6e,0x61,
    0x6c,0x5f,0x6f,0x70,0x65,0x72,0x61,0x74,0x69,0x6f,0x6e,0x2e,0x75,0x73,0x65,0x73,0x5f,0x76,0x63,0x63,0x00,0x73,0x69,0x67,
    0x6e,0x61,0x6c,0x5f,0x6f,0x70,0x65,0x72,0x61,0x74,0x69,0x6f,0x6e,0x2e,0x75,0x73,0x65,0x73,0x5f,0x66,0x6c,0x61,0x74,0x5f,
    0x73,0x63,0x72,0x61,0x74,0x63,0x68,0x00,0x73,0x69,0x67,0x6e,0x61,0x6c,0x5f,0x6f,0x70,0x65,0x72,0x61,0x74,0x69,0x6f,0x6e,
    0x2e,0x68,0x61,0x73,0x5f,0x64,0x79,0x6e,0x5f,0x73,0x69,0x7a,0x65,0x64,0x5f,0x73,0x74,0x61,0x63,0x6b,0x00,0x73,0x69,0x67,
    0x6e,0x61,0x6c,0x5f,0x6f,0x70,0x65,0x72,0x61,0x74,0x69,0x6f,0x6e,0x2e,0x68,0x61,0x73,0x5f,0x72,0x65,0x63,0x75,0x72,0x73,
    0x69,0x6f,0x6e,0x00,0x73,0x69,0x67,0x6e,0x61,0x6c,0x5f,0x6f,0x70,0x65,0x72,0x61,0x74,0x69,0x6f,0x6e,0x00,0x73,0x69,0x67,
    0x6e,0x61,0x6c,0x5f,0x6f,0x70,0x65,0x72,0x61,0x74,0x69,0x6f,0x6e,0x2e,0x6b,0x64,0x00,0x5f,0x5f,0x63,0x6c,0x61,0x6e,0x67,
    0x5f,0x6f,0x63,0x6c,0x5f,0x6b,0x65,0x72,0x6e,0x5f,0x69,0x6d,0x70,0x5f,0x73,0x69,0x67,0x6e,0x61,0x6c,0x5f,0x6f,0x70,0x65,
    0x72,0x61,0x74,0x69,0x6f,0x6e,0x00,0x5f,0x44,0x59,0x4e,0x41,0x4d,0x49,0x43,0x00,0x00,0x00,0x00,0x00,0x00,0x00,0x00,0x00,
    0x00,0x00,0x00,0x00,0x00,0x00,0x00,0x00,0x00,0x00,0x00,0x00,0x00,0x00,0x00,0x00,0x00,0x00,0x00,0x00,0x00,0x00,0x00,0x00,
    0x00,0x00,0x00,0x00,0x00,0x00,0x00,0x00,0x00,0x00,0x00,0x00,0x00,0x00,0x00,0x00,0x00,0x00,0x00,0x00,0x00,0x00,0x00,0x00,
    0x00,0x00,0x00,0x00,0x00,0x00,0x00,0x00,0x01,0x00,0x00,0x00,0x07,0x00,0x00,0x00,0x02,0x00,0x00,0x00,0x00,0x00,0x00,0x00,
    0x00,0x02,0x00,0x00,0x00,0x00,0x00,0x00,0x00,0x02,0x00,0x00,0x00,0x00,0x00,0x00,0x30,0x03,0x00,0x00,0x00,0x00,0x00,0x00,
    0x00,0x00,0x00,0x00,0x00,0x00,0x00,0x00,0x04,0x00,0x00,0x00,0x00,0x00,0x00,0x00,0x00,0x00,0x00,0x00,0x00,0x00,0x00,0x00,
    0x07,0x00,0x00,0x00,0x0b,0x00,0x00,0x00,0x02,0x00,0x00,0x00,0x00,0x00,0x00,0x00,0x30,0x05,0x00,0x00,0x00,0x00,0x00,0x00,
    0x30,0x05,0x00,0x00,0x00,0x00,0x00,0x00,0x60,0x00,0x00,0x00,0x00,0x00,0x00,0x00,0x05,0x00,0x00,0x00,0x01,0x00,0x00,0x00,
    0x08,0x00,0x00,0x00,0x00,0x00,0x00,0x00,0x18,0x00,0x00,0x00,0x00,0x00,0x00,0x00,0x0f,0x00,0x00,0x00,0xf6,0xff,0xff,0x6f,
    0x02,0x00,0x00,0x00,0x00,0x00,0x00,0x00,0x90,0x05,0x00,0x00,0x00,0x00,0x00,0x00,0x90,0x05,0x00,0x00,0x00,0x00,0x00,0x00,
    0x28,0x00,0x00,0x00,0x00,0x00,0x00,0x00,0x02,0x00,0x00,0x00,0x00,0x00,0x00,0x00,0x08,0x00,0x00,0x00,0x00,0x00,0x00,0x00,
    0x00,0x00,0x00,0x00,0x00,0x00,0x00,0x00,0x19,0x00,0x00,0x00,0x05,0x00,0x00,0x00,0x02,0x00,0x00,0x00,0x00,0x00,0x00,0x00,
    0xb8,0x05,0x00,0x00,0x00,0x00,0x00,0x00,0xb8,0x05,0x00,0x00,0x00,0x00,0x00,0x00,0x28,0x00,0x00,0x00,0x00,0x00,0x00,0x00,
    0x02,0x00,0x00,0x00,0x00,0x00,0x00,0x00,0x04,0x00,0x00,0x00,0x00,0x00,0x00,0x00,0x04,0x00,0x00,0x00,0x00,0x00,0x00,0x00,
    0x1f,0x00,0x00,0x00,0x03,0x00,0x00,0x00,0x02,0x00,0x00,0x00,0x00,0x00,0x00,0x00,0xe0,0x05,0x00,0x00,0x00,0x00,0x00,0x00,
    0xe0,0x05,0x00,0x00,0x00,0x00,0x00,0x00,0x4c,0x00,0x00,0x00,0x00,0x00,0x00,0x00,0x00,0x00,0x00,0x00,0x00,0x00,0x00,0x00,
    0x01,0x00,0x00,0x00,0x00,0x00,0x00,0x00,0x00,0x00,0x00,0x00,0x00,0x00,0x00,0x00,0x27,0x00,0x00,0x00,0x01,0x00,0x00,0x00,
    0x02,0x00,0x00,0x00,0x00,0x00,0x00,0x00,0x40,0x06,0x00,0x00,0x00,0x00,0x00,0x00,0x40,0x06,0x00,0x00,0x00,0x00,0x00,0x00,
    0x40,0x00,0x00,0x00,0x00,0x00,0x00,0x00,0x00,0x00,0x00,0x00,0x00,0x00,0x00,0x00,0x40,0x00,0x00,0x00,0x00,0x00,0x00,0x00,
    0x00,0x00,0x00,0x00,0x00,0x00,0x00,0x00,0x2f,0x00,0x00,0x00,0x01,0x00,0x00,0x00,0x06,0x00,0x00,0x00,0x00,0x00,0x00,0x00,
    0x00,0x17,0x00,0x00,0x00,0x00,0x00,0x00,0x00,0x07,0x00,0x00,0x00,0x00,0x00,0x00,0x80,0x06,0x00,0x00,0x00,0x00,0x00,0x00,
    0x00,0x00,0x00,0x00,0x00,0x00,0x00,0x00,0x00,0x01,0x00,0x00,0x00,0x00,0x00,0x00,0x00,0x00,0x00,0x00,0x00,0x00,0x00,0x00,
    0x35,0x00,0x00,0x00,0x06,0x00,0x00,0x00,0x03,0x00,0x00,0x00,0x00,0x00,0x00,0x00,0x80,0x2d,0x00,0x00,0x00,0x00,0x00,0x00,
    0x80,0x0d,0x00,0x00,0x00,0x00,0x00,0x00,0x70,0x00,0x00,0x00,0x00,0x00,0x00,0x00,0x05,0x00,0x00,0x00,0x00,0x00,0x00,0x00,
    0x08,0x00,0x00,0x00,0x00,0x00,0x00,0x00,0x10,0x00,0x00,0x00,0x00,0x00,0x00,0x00,0x3e,0x00,0x00,0x00,0x08,0x00,0x00,0x00,
    0x03,0x00,0x00,0x00,0x00,0x00,0x00,0x00,0xf0,0x2d,0x00,0x00,0x00,0x00,0x00,0x00,0xf0,0x0d,0x00,0x00,0x00,0x00,0x00,0x00,
    0x10,0x02,0x00,0x00,0x00,0x00,0x00,0x00,0x00,0x00,0x00,0x00,0x00,0x00,0x00,0x00,0x01,0x00,0x00,0x00,0x00,0x00,0x00,0x00,
    0x00,0x00,0x00,0x00,0x00,0x00,0x00,0x00,0x4d,0x00,0x00,0x00,0x01,0x00,0x00,0x00,0x00,0x00,0x00,0x00,0x00,0x00,0x00,0x00,
    0x00,0x00,0x00,0x00,0x00,0x00,0x00,0x00,0xf0,0x0d,0x00,0x00,0x00,0x00,0x00,0x00,0x00,0x00,0x00,0x00,0x00,0x00,0x00,0x00,
    0x00,0x00,0x00,0x00,0x00,0x00,0x00,0x00,0x01,0x00,0x00,0x00,0x00,0x00,0x00,0x00,0x00,0x00,0x00,0x00,0x00,0x00,0x00,0x00,
    0x62,0x00,0x00,0x00,0x01,0x00,0x00,0x00,0x30,0x00,0x00,0x00,0x00,0x00,0x00,0x00,0x00,0x00,0x00,0x00,0x00,0x00,0x00,0x00,
    0xf0,0x0d,0x00,0x00,0x00,0x00,0x00,0x00,0x3b,0x00,0x00,0x00,0x00,0x00,0x00,0x00,0x00,0x00,0x00,0x00,0x00,0x00,0x00,0x00,
    0x01,0x00,0x00,0x00,0x00,0x00,0x00,0x00,0x01,0x00,0x00,0x00,0x00,0x00,0x00,0x00,0x6b,0x00,0x00,0x00,0x02,0x00,0x00,0x00,
    0x00,0x00,0x00,0x00,0x00,0x00,0x00,0x00,0x00,0x00,0x00,0x00,0x00,0x00,0x00,0x00,0x30,0x0e,0x00,0x00,0x00,0x00,0x00,0x00,
    0x38,0x01,0x00,0x00,0x00,0x00,0x00,0x00,0x0e,0x00,0x00,0x00,0x0a,0x00,0x00,0x00,0x08,0x00,0x00,0x00,0x00,0x00,0x00,0x00,
    0x18,0x00,0x00,0x00,0x00,0x00,0x00,0x00,0x73,0x00,0x00,0x00,0x03,0x00,0x00,0x00,0x00,0x00,0x00,0x00,0x00,0x00,0x00,0x00,
    0x00,0x00,0x00,0x00,0x00,0x00,0x00,0x00,0x68,0x0f,0x00,0x00,0x00,0x00,0x00,0x00,0x85,0x00,0x00,0x00,0x00,0x00,0x00,0x00,
    0x00,0x00,0x00,0x00,0x00,0x00,0x00,0x00,0x01,0x00,0x00,0x00,0x00,0x00,0x00,0x00,0x00,0x00,0x00,0x00,0x00,0x00,0x00,0x00,
    0x7d,0x00,0x00,0x00,0x03,0x00,0x00,0x00,0x00,0x00,0x00,0x00,0x00,0x00,0x00,0x00,0x00,0x00,0x00,0x00,0x00,0x00,0x00,0x00,
    0xed,0x0f,0x00,0x00,0x00,0x00,0x00,0x00,0x4b,0x01,0x00,0x00,0x00,0x00,0x00,0x00,0x00,0x00,0x00,0x00,0x00,0x00,0x00,0x00,
    0x01,0x00,0x00,0x00,0x00,0x00,0x00,0x00,0x00,0x00,0x00,0x00,0x00,0x00,0x00,0x00,
};
// gfx10-3-generic signal_mailbox_service: e_flags=0x01000053, 7232 bytes
inline constexpr uint8_t signal_mailbox_service[] = {
    0x7f,0x45,0x4c,0x46,0x02,0x01,0x01,0x40,0x04,0x00,0x00,0x00,0x00,0x00,0x00,0x00,0x03,0x00,0xe0,0x00,0x01,0x00,0x00,0x00,
    0x00,0x00,0x00,0x00,0x00,0x00,0x00,0x00,0x40,0x00,0x00,0x00,0x00,0x00,0x00,0x00,0x80,0x18,0x00,0x00,0x00,0x00,0x00,0x00,
    0x53,0x00,0x00,0x01,0x40,0x00,0x38,0x00,0x08,0x00,0x40,0x00,0x0f,0x00,0x0d,0x00,0x06,0x00,0x00,0x00,0x04,0x00,0x00,0x00,
    0x40,0x00,0x00,0x00,0x00,0x00,0x00,0x00,0x40,0x00,0x00,0x00,0x00,0x00,0x00,0x00,0x40,0x00,0x00,0x00,0x00,0x00,0x00,0x00,
    0xc0,0x01,0x00,0x00,0x00,0x00,0x00,0x00,0xc0,0x01,0x00,0x00,0x00,0x00,0x00,0x00,0x08,0x00,0x00,0x00,0x00,0x00,0x00,0x00,
    0x01,0x00,0x00,0x00,0x04,0x00,0x00,0x00,0x00,0x00,0x00,0x00,0x00,0x00,0x00,0x00,0x00,0x00,0x00,0x00,0x00,0x00,0x00,0x00,
    0x00,0x00,0x00,0x00,0x00,0x00,0x00,0x00,0x80,0x06,0x00,0x00,0x00,0x00,0x00,0x00,0x80,0x06,0x00,0x00,0x00,0x00,0x00,0x00,
    0x00,0x10,0x00,0x00,0x00,0x00,0x00,0x00,0x01,0x00,0x00,0x00,0x05,0x00,0x00,0x00,0x00,0x07,0x00,0x00,0x00,0x00,0x00,0x00,
    0x00,0x17,0x00,0x00,0x00,0x00,0x00,0x00,0x00,0x17,0x00,0x00,0x00,0x00,0x00,0x00,0x80,0x0d,0x00,0x00,0x00,0x00,0x00,0x00,
    0x80,0x0d,0x00,0x00,0x00,0x00,0x00,0x00,0x00,0x10,0x00,0x00,0x00,0x00,0x00,0x00,0x01,0x00,0x00,0x00,0x06,0x00,0x00,0x00,
    0x80,0x14,0x00,0x00,0x00,0x00,0x00,0x00,0x80,0x34,0x00,0x00,0x00,0x00,0x00,0x00,0x80,0x34,0x00,0x00,0x00,0x00,0x00,0x00,
    0x70,0x00,0x00,0x00,0x00,0x00,0x00,0x00,0x80,0x0b,0x00,0x00,0x00,0x00,0x00,0x00,0x00,0x10,0x00,0x00,0x00,0x00,0x00,0x00,
    0x02,0x00,0x00,0x00,0x06,0x00,0x00,0x00,0x80,0x14,0x00,0x00,0x00,0x00,0x00,0x00,0x80,0x34,0x00,0x00,0x00,0x00,0x00,0x00,
    0x80,0x34,0x00,0x00,0x00,0x00,0x00,0x00,0x70,0x00,0x00,0x00,0x00,0x00,0x00,0x00,0x70,0x00,0x00,0x00,0x00,0x00,0x00,0x00,
    0x08,0x00,0x00,0x00,0x00,0x00,0x00,0x00,0x52,0xe5,0x74,0x64,0x04,0x00,0x00,0x00,0x80,0x14,0x00,0x00,0x00,0x00,0x00,0x00,
    0x80,0x34,0x00,0x00,0x00,0x00,0x00,0x00,0x80,0x34,0x00,0x00,0x00,0x00,0x00,0x00,0x70,0x00,0x00,0x00,0x00,0x00,0x00,0x00,
    0x80,0x0b,0x00,0x00,0x00,0x00,0x00,0x00,0x01,0x00,0x00,0x00,0x00,0x00,0x00,0x00,0x51,0xe5,0x74,0x64,0x06,0x00,0x00,0x00,
    0x00,0x00,0x00,0x00,0x00,0x00,0x00,0x00,0x00,0x00,0x00,0x00,0x00,0x00,0x00,0x00,0x00,0x00,0x00,0x00,0x00,0x00,0x00,0x00,
    0x00,0x00,0x00,0x00,0x00,0x00,0x00,0x00,0x00,0x00,0x00,0x00,0x00,0x00,0x00,0x00,0x00,0x00,0x00,0x00,0x00,0x00,0x00,0x00,
    0x04,0x00,0x00,0x00,0x04,0x00,0x00,0x00,0x00,0x02,0x00,0x00,0x00,0x00,0x00,0x00,0x00,0x02,0x00,0x00,0x00,0x00,0x00,0x00,
    0x00,0x02,0x00,0x00,0x00,0x00,0x00,0x00,0x0c,0x03,0x00,0x00,0x00,0x00,0x00,0x00,0x0c,0x03,0x00,0x00,0x00,0x00,0x00,0x00,
    0x04,0x00,0x00,0x00,0x00,0x00,0x00,0x00,0x07,0x00,0x00,0x00,0xf5,0x02,0x00,0x00,0x20,0x00,0x00,0x00,0x41,0x4d,0x44,0x47,
    0x50,0x55,0x00,0x00,0x83,0xae,0x61,0x6d,0x64,0x68,0x73,0x61,0x2e,0x6b,0x65,0x72,0x6e,0x65,0x6c,0x73,0x91,0xde,0x00,0x12,
    0xa5,0x2e,0x61,0x72,0x67,0x73,0x94,0x85,0xae,0x2e,0x61,0x64,0x64,0x72,0x65,0x73,0x73,0x5f,0x73,0x70,0x61,0x63,0x65,0xa6,
    0x67,0x6c,0x6f,0x62,0x61,0x6c,0xa7,0x2e,0x6f,0x66,0x66,0x73,0x65,0x74,0x00,0xa5,0x2e,0x73,0x69,0x7a,0x65,0x08,0xaa,0x2e,
    0x74,0x79,0x70,0x65,0x5f,0x6e,0x61,0x6d,0x65,0xa6,0x75,0x6c,0x6f,0x6e,0x67,0x2a,0xab,0x2e,0x76,0x61,0x6c,0x75,0x65,0x5f,
    0x6b,0x69,0x6e,0x64,0xad,0x67,0x6c,0x6f,0x62,0x61,0x6c,0x5f,0x62,0x75,0x66,0x66,0x65,0x72,0x85,0xae,0x2e,0x61,0x64,0x64,
    0x72,0x65,0x73,0x73,0x5f,0x73,0x70,0x61,0x63,0x65,0xa6,0x67,0x6c,0x6f,0x62,0x61,0x6c,0xa7,0x2e,0x6f,0x66,0x66,0x73,0x65,
    0x74,0x08,0xa5,0x2e,0x73,0x69,0x7a,0x65,0x08,0xaa,0x2e,0x74,0x79,0x70,0x65,0x5f,0x6e,0x61,0x6d,0x65,0xa6,0x75,0x6c,0x6f,
    0x6e,0x67,0x2a,0xab,0x2e,0x76,0x61,0x6c,0x75,0x65,0x5f,0x6b,0x69,0x6e,0x64,0xad,0x67,0x6c,0x6f,0x62,0x61,0x6c,0x5f,0x62,
    0x75,0x66,0x66,0x65,0x72,0x84,0xa7,0x2e,0x6f,0x66,0x66,0x73,0x65,0x74,0x10,0xa5,0x2e,0x73,0x69,0x7a,0x65,0x08,0xaa,0x2e,
    0x74,0x79,0x70,0x65,0x5f,0x6e,0x61,0x6d,0x65,0xa5,0x75,0x6c,0x6f,0x6e,0x67,0xab,0x2e,0x76,0x61,0x6c,0x75,0x65,0x5f,0x6b,
    0x69,0x6e,0x64,0xa8,0x62,0x79,0x5f,0x76,0x61,0x6c,0x75,0x65,0x84,0xa7,0x2e,0x6f,0x66,0x66,0x73,0x65,0x74,0x18,0xa5,0x2e,
    0x73,0x69,0x7a,0x65,0x08,0xaa,0x2e,0x74,0x79,0x70,0x65,0x5f,0x6e,0x61,0x6d,0x65,0xa5,0x75,0x6c,0x6f,0x6e,0x67,0xab,0x2e,
    0x76,0x61,0x6c,0x75,0x65,0x5f,0x6b,0x69,0x6e,0x64,0xa8,0x62,0x79,0x5f,0x76,0x61,0x6c,0x75,0x65,0xb9,0x2e,0x67,0x72,0x6f,
    0x75,0x70,0x5f,0x73,0x65,0x67,0x6d,0x65,0x6e,0x74,0x5f,0x66,0x69,0x78,0x65,0x64,0x5f,0x73,0x69,0x7a,0x65,0x00,0xb6,0x2e,
    0x6b,0x65,0x72,0x6e,0x61,0x72,0x67,0x5f,0x73,0x65,0x67,0x6d,0x65,0x6e,0x74,0x5f,0x61,0x6c,0x69,0x67,0x6e,0x08,0xb5,0x2e,
    0x6b,0x65,0x72,0x6e,0x61,0x72,0x67,0x5f,0x73,0x65,0x67,0x6d,0x65,0x6e,0x74,0x5f,0x73,0x69,0x7a,0x65,0x20,0xa9,0x2e,0x6c,
    0x61,0x6e,0x67,0x75,0x61,0x67,0x65,0xa8,0x4f,0x70,0x65,0x6e,0x43,0x4c,0x20,0x43,0xb1,0x2e,0x6c,0x61,0x6e,0x67,0x75,0x61,
    0x67,0x65,0x5f,0x76,0x65,0x72,0x73,0x69,0x6f,0x6e,0x92,0x02,0x00,0xb8,0x2e,0x6d,0x61,0x78,0x5f,0x66,0x6c,0x61,0x74,0x5f,
    0x77,0x6f,0x72,0x6b,0x67,0x72,0x6f,0x75,0x70,0x5f,0x73,0x69,0x7a,0x65,0x20,0xa5,0x2e,0x6e,0x61,0x6d,0x65,0xb6,0x73,0x69,
    0x67,0x6e,0x61,0x6c,0x5f,0x6d,0x61,0x69,0x6c,0x62,0x6f,0x78,0x5f,0x73,0x65,0x72,0x76,0x69,0x63,0x65,0xbb,0x2e,0x70,0x72,
    0x69,0x76,0x61,0x74,0x65,0x5f,0x73,0x65,0x67,0x6d,0x65,0x6e,0x74,0x5f,0x66,0x69,0x78,0x65,0x64,0x5f,0x73,0x69,0x7a,0x65,
    0x00,0xb4,0x2e,0x72,0x65,0x71,0x64,0x5f,0x77,0x6f,0x72,0x6b,0x67,0x72,0x6f,0x75,0x70,0x5f,0x73,0x69,0x7a,0x65,0x93,0x20,
    0x01,0x01,0xab,0x2e,0x73,0x67,0x70,0x72,0x5f,0x63,0x6f,0x75,0x6e,0x74,0x1a,0xb1,0x2e,0x73,0x67,0x70,0x72,0x5f,0x73,0x70,
    0x69,0x6c,0x6c,0x5f,0x63,0x6f,0x75,0x6e,0x74,0x00,0xa7,0x2e,0x73,0x79,0x6d,0x62,0x6f,0x6c,0xb9,0x73,0x69,0x67,0x6e,0x61,
    0x6c,0x5f,0x6d,0x61,0x69,0x6c,0x62,0x6f,0x78,0x5f,0x73,0x65,0x72,0x76,0x69,0x63,0x65,0x2e,0x6b,0x64,0xb3,0x2e,0x75,0x73,
    0x65,0x73,0x5f,0x64,0x79,0x6e,0x61,0x6d,0x69,0x63,0x5f,0x73,0x74,0x61,0x63,0x6b,0xc2,0xab,0x2e,0x76,0x67,0x70,0x72,0x5f,
    0x63,0x6f,0x75,0x6e,0x74,0x10,0xb1,0x2e,0x76,0x67,0x70,0x72,0x5f,0x73,0x70,0x69,0x6c,0x6c,0x5f,0x63,0x6f,0x75,0x6e,0x74,
    0x00,0xaf,0x2e,0x77,0x61,0x76,0x65,0x66,0x72,0x6f,0x6e,0x74,0x5f,0x73,0x69,0x7a,0x65,0x20,0xb9,0x2e,0x77,0x6f,0x72,0x6b,
    0x67,0x72,0x6f,0x75,0x70,0x5f,0x70,0x72,0x6f,0x63,0x65,0x73,0x73,0x6f,0x72,0x5f,0x6d,0x6f,0x64,0x65,0x01,0xad,0x61,0x6d,
    0x64,0x68,0x73,0x61,0x2e,0x74,0x61,0x72,0x67,0x65,0x74,0xd9,0x22,0x61,0x6d,0x64,0x67,0x63,0x6e,0x2d,0x61,0x6d,0x64,0x2d,
    0x61,0x6d,0x64,0x68,0x73,0x61,0x2d,0x2d,0x67,0x66,0x78,0x31,0x30,0x2d,0x33,0x2d,0x67,0x65,0x6e,0x65,0x72,0x69,0x63,0xae,
    0x61,0x6d,0x64,0x68,0x73,0x61,0x2e,0x76,0x65,0x72,0x73,0x69,0x6f,0x6e,0x92,0x01,0x02,0x00,0x00,0x00,0x00,0x00,0x00,0x00,
    0x00,0x00,0x00,0x00,0x00,0x00,0x00,0x00,0x00,0x00,0x00,0x00,0x00,0x00,0x00,0x00,0x00,0x00,0x00,0x00,0x00,0x00,0x00,0x00,
    0x01,0x00,0x00,0x00,0x12,0x03,0x07,0x00,0x00,0x17,0x00,0x00,0x00,0x00,0x00,0x00,0x60,0x06,0x00,0x00,0x00,0x00,0x00,0x00,
    0x18,0x00,0x00,0x00,0x11,0x03,0x06,0x00,0x40,0x06,0x00,0x00,0x00,0x00,0x00,0x00,0x40,0x00,0x00,0x00,0x00,0x00,0x00,0x00,
    0x32,0x00,0x00,0x00,0x12,0x03,0x07,0x00,0x60,0x1d,0x00,0x00,0x00,0x00,0x00,0x00,0x50,0x06,0x00,0x00,0x00,0x00,0x00,0x00,
    0x01,0x00,0x00,0x00,0x01,0x00,0x00,0x00,0x01,0x00,0x00,0x00,0x1a,0x00,0x00,0x00,0x80,0x00,0x02,0x08,0x00,0x18,0x00,0x40,
    0x01,0x00,0x00,0x00,0xbe,0x02,0xfc,0xae,0xda,0xc3,0xfd,0x1e,0x11,0x45,0x69,0xb1,0x04,0x00,0x00,0x00,0x04,0x00,0x00,0x00,
    0x02,0x00,0x00,0x00,0x03,0x00,0x00,0x00,0x00,0x00,0x00,0x00,0x00,0x00,0x00,0x00,0x00,0x00,0x00,0x00,0x00,0x00,0x00,0x00,
    0x00,0x00,0x00,0x00,0x01,0x00,0x00,0x00,0x00,0x73,0x69,0x67,0x6e,0x61,0x6c,0x5f,0x6d,0x61,0x69,0x6c,0x62,0x6f,0x78,0x5f,
    0x73,0x65,0x72,0x76,0x69,0x63,0x65,0x00,0x73,0x69,0x67,0x6e,0x61,0x6c,0x5f,0x6d,0x61,0x69,0x6c,0x62,0x6f,0x78,0x5f,0x73,
    0x65,0x72,0x76,0x69,0x63,0x65,0x2e,0x6b,0x64,0x00,0x5f,0x5f,0x63,0x6c,0x61,0x6e,0x67,0x5f,0x6f,0x63,0x6c,0x5f,0x6b,0x65,
    0x72,0x6e,0x5f,0x69,0x6d,0x70,0x5f,0x73,0x69,0x67,0x6e,0x61,0x6c,0x5f,0x6d,0x61,0x69,0x6c,0x62,0x6f,0x78,0x5f,0x73,0x65,
    0x72,0x76,0x69,0x63,0x65,0x00,0x00,0x00,0x00,0x00,0x00,0x00,0x00,0x00,0x00,0x00,0x00,0x00,0x00,0x00,0x00,0x00,0x00,0x00,
    0x00,0x00,0x00,0x00,0x00,0x00,0x00,0x00,0x00,0x00,0x00,0x00,0x00,0x00,0x00,0x00,0x00,0x00,0x00,0x00,0x00,0x00,0x00,0x00,
    0x20,0x00,0x00,0x00,0x00,0x00,0x00,0x00,0xc0,0x10,0x00,0x00,0x00,0x00,0x00,0x00,0x00,0x00,0x00,0x00,0x00,0x00,0x00,0x00,
    0x00,0x00,0x00,0x00,0x00,0x00,0x00,0x00,0x00,0x00,0x00,0x00,0x00,0x00,0x00,0x00,0xc1,0x00,0xaf,0xe0,0x8c,0x00,0x00,0x00,
    0x09,0x04,0x00,0x00,0x00,0x00,0x00,0x00,0x00,0x00,0x00,0x00,0x00,0x00,0x00,0x00,0x00,0x00,0x00,0x00,0x00,0x00,0x00,0x00,
    0x00,0x00,0x00,0x00,0x00,0x00,0x00,0x00,0x00,0x00,0x00,0x00,0x00,0x00,0x00,0x00,0x00,0x00,0x00,0x00,0x00,0x00,0x00,0x00,
    0x00,0x00,0x00,0x00,0x00,0x00,0x00,0x00,0x00,0x00,0x00,0x00,0x00,0x00,0x00,0x00,0x00,0x00,0x00,0x00,0x00,0x00,0x00,0x00,
    0x00,0x00,0x00,0x00,0x00,0x00,0x00,0x00,0x00,0x00,0x00,0x00,0x00,0x00,0x00,0x00,0x00,0x00,0x00,0x00,0x00,0x00,0x00,0x00,
    0x00,0x00,0x00,0x00,0x00,0x00,0x00,0x00,0x00,0x00,0x00,0x00,0x00,0x00,0x00,0x00,0x00,0x00,0x00,0x00,0x00,0x00,0x00,0x00,
    0x00,0x00,0x00,0x00,0x00,0x00,0x00,0x00,0x00,0x00,0x00,0x00,0x00,0x00,0x00,0x00,0x7e,0x03,0x80,0xbe,0x80,0x00,0xa4,0x7d,
    0x94,0x01,0x88,0xbf,0x02,0x01,0x0c,0xf4,0x00,0x00,0x00,0xfa,0x81,0x02,0x00,0x7e,0x80,0x02,0x18,0x7e,0x80,0x02,0x02,0x7e,
    0xc0,0xff,0x0c,0xb0,0x81,0x04,0x82,0xbe,0xc1,0x03,0x8d,0xbe,0x7f,0xc0,0x8c,0xbf,0x00,0x00,0xe4,0xd4,0x0a,0x02,0x01,0x00,
    0x04,0xff,0x0e,0x80,0x00,0x10,0x00,0x00,0x05,0x80,0x0f,0x82,0x00,0x81,0x74,0xdc,0x0c,0x00,0x04,0x00,0x00,0x7e,0x00,0x87,
    0x0b,0x80,0x0b,0x85,0x0a,0x81,0x0a,0x85,0x06,0x88,0x12,0x80,0x07,0x80,0x13,0x82,0x04,0xff,0x06,0x80,0x00,0x04,0x00,0x00,
    0x05,0x80,0x07,0x82,0x05,0x00,0x82,0xbf,0x14,0x80,0x06,0xbf,0xc1,0x03,0x80,0xbe,0x52,0x01,0x85,0xbf,0x7e,0x00,0x6a,0x8a,
    0x63,0x01,0x86,0xbf,0x0a,0x04,0x90,0xbe,0x08,0x00,0x82,0xbf,0x10,0xc1,0x10,0x80,0x11,0xc1,0x11,0x82,0x88,0x03,0x94,0xbe,
    0x10,0x80,0x12,0xbf,0xc1,0x80,0x01,0x85,0x80,0x03,0x95,0xbe,0x7e,0x01,0x6a,0x87,0x18,0x00,0x87,0xbf,0x00,0x90,0x35,0xdc,
    0x0c,0x00,0x04,0x00,0x70,0x3f,0x8c,0xbf,0x00,0x00,0xc8,0xe1,0x00,0x00,0x00,0x00,0x00,0x00,0xc4,0xe1,0x00,0x00,0x00,0x00,
    0x80,0x91,0x35,0xdc,0x0c,0x00,0x04,0x02,0x70,0x3f,0x8c,0xbf,0x00,0x00,0xc8,0xe1,0x00,0x00,0x00,0x00,0x00,0x00,0xc4,0xe1,
    0x00,0x00,0x00,0x00,0xc1,0x03,0x95,0xbe,0xc1,0x03,0x81,0xbe,0x02,0x00,0xc4,0x7d,0x00,0x00,0xe2,0xd4,0x80,0x04,0x02,0x00,
    0xea,0xff,0x87,0xbf,0x7e,0x00,0x6a,0x87,0xe2,0xff,0x87,0xbf,0x87,0x03,0x94,0xbe,0xe5,0xff,0x82,0xbf,0x7e,0x15,0x6a,0x87,
    0xd7,0xff,0x86,0xbf,0x7e,0x00,0x6a,0x8a,0x87,0x03,0x94,0xbe,0xd4,0xff,0x87,0xbf,0x00,0x93,0x35,0xdc,0x0c,0x00,0x04,0x00,
    0x89,0x03,0x94,0xbe,0x70,0x3f,0x8c,0xbf,0x08,0x00,0xc6,0x7d,0xce,0xff,0x87,0xbf,0x80,0x92,0x35,0xdc,0x0c,0x00,0x04,0x04,
    0x70,0x3f,0x8c,0xbf,0x02,0x6a,0x0f,0xd7,0xff,0x08,0x02,0x00,0xbf,0xff,0xff,0xff,0x03,0x7d,0x28,0xd5,0xc1,0x0a,0xaa,0x01,
    0x0c,0x04,0xc8,0x7d,0xc4,0xff,0x87,0xbf,0x00,0x00,0xff,0xd6,0x86,0x00,0x02,0x00,0x0e,0x04,0x80,0xbe,0x06,0x04,0x90,0xbe,
    0x06,0x6a,0x0f,0xd7,0x12,0x00,0x02,0x00,0x07,0x7d,0x28,0xd5,0x13,0x02,0xaa,0x01,0x01,0x00,0x82,0xbf,0x17,0x01,0x82,0xbf,
    0x02,0x00,0xa1,0xbf,0x00,0x90,0x35,0xdc,0x0c,0x00,0x10,0x08,0x08,0x90,0x35,0xdc,0x0c,0x00,0x10,0x00,0x10,0x90,0x35,0xdc,
    0x0c,0x00,0x10,0x02,0x72,0x3f,0x8c,0xbf,0x85,0x10,0x48,0x7d,0x24,0x00,0x87,0xbf,0x86,0x10,0x42,0x7d,0x26,0x00,0x86,0xbf,
    0x87,0x10,0x42,0x7d,0xc1,0x03,0x94,0xbe,0x80,0x03,0x96,0xbe,0x80,0x03,0x95,0xbe,0x24,0x00,0x86,0xbf,0x88,0x10,0x42,0x7d,
    0xf9,0x00,0x86,0xbf,0x89,0x10,0xc4,0x7d,0x80,0x03,0x94,0xbe,0x08,0x00,0x86,0xbf,0x00,0x90,0x35,0xdc,0x06,0x00,0x7d,0x0a,
    0x70,0x3f,0x8c,0xbf,0x00,0x00,0xc8,0xe1,0x00,0x00,0x00,0x00,0x00,0x00,0xc4,0xe1,0x00,0x00,0x00,0x00,0xc1,0x03,0x95,0xbe,
    0x7e,0x14,0x6a,0x87,0x0a,0x00,0x86,0xbf,0x70,0x3f,0x8c,0xbf,0x00,0x00,0xfd,0xbb,0x00,0x80,0x45,0xdd,0x06,0x00,0x7d,0x0a,
    0x70,0x3f,0x8c,0xbf,0x00,0x00,0xc8,0xe1,0x00,0x00,0x00,0x00,0x00,0x00,0xc4,0xe1,0x00,0x00,0x00,0x00,0xc1,0x03,0x95,0xbe,
    0x80,0x03,0x94,0xbe,0x7e,0x16,0x6a,0x87,0x0a,0x00,0x87,0xbf,0x47,0x00,0x82,0xbf,0x80,0x03,0x95,0xbe,0x80,0x03,0x94,0xbe,
    0x45,0x00,0x89,0xbf,0xb7,0x00,0x82,0xbf,0xc1,0x03,0x96,0xbe,0x80,0x03,0x95,0xbe,0x80,0x03,0x94,0xbe,0x7e,0x16,0x6a,0x87,
    0x3e,0x00,0x86,0xbf,0x85,0x10,0x42,0x7d,0xc1,0x03,0x95,0xbe,0x21,0x00,0x86,0xbf,0x7e,0x03,0x96,0xbe,0x7e,0x03,0x95,0xbe,
    0x0a,0x00,0x65,0xd7,0x16,0x00,0x01,0x00,0x80,0x14,0xa4,0x7d,0x0f,0x00,0x88,0xbf,0x16,0x0f,0x96,0xbe,0x16,0x81,0x16,0x87,
    0x70,0x3f,0x8c,0xbf,0x03,0x00,0x69,0xd5,0x01,0x2d,0x00,0x00,0x02,0x00,0x69,0xd5,0x00,0x2d,0x00,0x00,0x00,0x00,0xfd,0xbb,
    0x00,0x80,0x6d,0xdd,0x06,0x02,0x7d,0x02,0x70,0x3f,0x8c,0xbf,0x00,0x00,0xc8,0xe1,0x00,0x00,0x00,0x00,0x00,0x00,0xc4,0xe1,
    0x00,0x00,0x00,0x00,0x7e,0x15,0x7e,0x88,0x81,0x14,0x14,0x36,0x70,0x3f,0x8c,0xbf,0x03,0x05,0x2a,0x7e,0x02,0x05,0x2c,0x7e,
    0x0b,0x00,0x69,0xd5,0x01,0x15,0x02,0x00,0x0a,0x00,0x69,0xd5,0x00,0x15,0x02,0x00,0x15,0x16,0x16,0x3a,0x16,0x14,0x14,0x3a,
    0x80,0x03,0x95,0xbe,0x7e,0x15,0x6a,0x87,0x17,0x00,0x86,0xbf,0x70,0x3f,0x8c,0xbf,0x02,0x00,0x65,0xd7,0x7e,0x00,0x01,0x00,
    0x80,0x04,0x84,0x7d,0x6a,0x3c,0x95,0xbe,0x08,0x00,0x88,0xbf,0x00,0x00,0xfd,0xbb,0x00,0x80,0x69,0xdd,0x06,0x00,0x7d,0x02,
    0x70,0x3f,0x8c,0xbf,0x00,0x00,0xc8,0xe1,0x00,0x00,0x00,0x00,0x00,0x00,0xc4,0xe1,0x00,0x00,0x00,0x00,0x7e,0x15,0x7e,0x88,
    0x03,0x05,0x2a,0x7e,0x02,0x05,0x2c,0x7e,0x02,0x00,0x01,0xd5,0x01,0x01,0xa9,0x01,0x03,0x00,0x01,0xd5,0x00,0x01,0xa9,0x01,
    0x15,0x04,0x16,0x38,0x16,0x06,0x14,0x38,0xc1,0x03,0x95,0xbe,0x73,0x00,0x82,0xbf,0x82,0x10,0x42,0x7d,0xc1,0x03,0x96,0xbe,
    0x44,0x00,0x86,0xbf,0x83,0x10,0x42,0x7d,0xc1,0x03,0x95,0xbe,0x18,0x00,0x86,0xbf,0x70,0x3f,0x8c,0xbf,0x02,0x00,0x65,0xd7,
    0x7e,0x00,0x01,0x00,0x80,0x04,0x84,0x7d,0x6a,0x3c,0x95,0xbe,0x08,0x00,0x88,0xbf,0x00,0x00,0xfd,0xbb,0x00,0x80,0x65,0xdd,
    0x06,0x00,0x7d,0x02,0x70,0x3f,0x8c,0xbf,0x00,0x00,0xc8,0xe1,0x00,0x00,0x00,0x00,0x00,0x00,0xc4,0xe1,0x00,0x00,0x00,0x00,
    0x7e,0x15,0x7e,0x88,0x03,0x05,0x2a,0x7e,0x02,0x05,0x2c,0x7e,0x02,0x00,0x01,0xd5,0x01,0x83,0xa9,0x01,0x03,0x00,0x01,0xd5,
    0x00,0x83,0xa9,0x01,0x15,0x04,0x16,0x36,0x16,0x06,0x14,0x36,0x80,0x03,0x95,0xbe,0x7e,0x15,0x6a,0x87,0x25,0x00,0x86,0xbf,
    0x7e,0x03,0x96,0xbe,0x7e,0x03,0x95,0xbe,0x0a,0x00,0x65,0xd7,0x16,0x00,0x01,0x00,0x80,0x14,0xa4,0x7d,0x11,0x00,0x88,0xbf,
    0x16,0x0f,0x96,0xbe,0x70,0x3f,0x8c,0xbf,0x03,0x00,0x69,0xd5,0x01,0x2d,0x00,0x00,0x0b,0x00,0x6a,0xd5,0x00,0x2d,0x00,0x00,
    0x02,0x00,0x69,0xd5,0x00,0x2d,0x00,0x00,0x0b,0x07,0x06,0x4a,0x00,0x00,0xfd,0xbb,0x00,0x80,0x4d,0xdd,0x06,0x02,0x7d,0x02,
    0x70,0x3f,0x8c,0xbf,0x00,0x00,0xc8,0xe1,0x00,0x00,0x00,0x00,0x00,0x00,0xc4,0xe1,0x00,0x00,0x00,0x00,0x7e,0x15,0x7e,0x88,
    0x71,0x3f,0x8c,0xbf,0x0d,0x7d,0x76,0xd5,0x00,0x15,0x02,0x02,0x70,0x3f,0x8c,0xbf,0x02,0x05,0x2a,0x7e,0x03,0x05,0x2c,0x7e,
    0x0e,0x03,0x16,0x7e,0x0e,0x7d,0x76,0xd5,0x01,0x15,0x2e,0x04,0x0a,0x6a,0x10,0xd7,0x15,0x1a,0x02,0x00,0x0b,0x7d,0x29,0xd5,
    0x16,0x1c,0xaa,0x01,0x80,0x03,0x96,0xbe,0xc1,0x03,0x95,0xbe,0x7e,0x16,0x6a,0x8a,0x2a,0x00,0x87,0xbf,0x81,0x10,0x42,0x7d,
    0xc1,0x03,0x96,0xbe,0x23,0x00,0x86,0xbf,0x7e,0x03,0x96,0xbe,0x7e,0x03,0x95,0xbe,0x0d,0x00,0x65,0xd7,0x16,0x00,0x01,0x00,
    0x80,0x1a,0xa4,0x7d,0x11,0x00,0x88,0xbf,0x16,0x0f,0x96,0xbe,0x70,0x3f,0x8c,0xbf,0x03,0x00,0x69,0xd5,0x01,0x2d,0x00,0x00,
    0x0a,0x00,0x6a,0xd5,0x00,0x2d,0x00,0x00,0x02,0x00,0x69,0xd5,0x00,0x2d,0x00,0x00,0x0a,0x07,0x06,0x4a,0x00,0x00,0xfd,0xbb,
    0x00,0x80,0x49,0xdd,0x06,0x02,0x7d,0x02,0x70,0x3f,0x8c,0xbf,0x00,0x00,0xc8,0xe1,0x00,0x00,0x00,0x00,0x00,0x00,0xc4,0xe1,
    0x00,0x00,0x00,0x00,0x7e,0x15,0x7e,0x88,0x70,0x3f,0x8c,0xbf,0x03,0x05,0x2e,0x7e,0x02,0x05,0x2c,0x7e,0xc1,0x03,0x95,0xbe,
    0x0a,0x7d,0x76,0xd5,0x00,0x1b,0x5a,0x00,0x80,0x03,0x96,0xbe,0x0b,0x03,0x04,0x7e,0x02,0x7d,0x76,0xd5,0x01,0x1b,0x0a,0x04,
    0x02,0x03,0x16,0x7e,0x7e,0x16,0x6a,0x87,0x02,0x00,0x86,0xbf,0x14,0x00,0xe2,0xd4,0x81,0x10,0x02,0x00,0x7e,0x14,0x6a,0x87,
    0x0a,0x00,0x86,0xbf,0x70,0x3f,0x8c,0xbf,0x00,0x00,0xfd,0xbb,0x00,0x80,0x41,0xdd,0x06,0x00,0x7d,0x0a,0x70,0x3f,0x8c,0xbf,
    0x00,0x00,0xc8,0xe1,0x00,0x00,0x00,0x00,0x00,0x00,0xc4,0xe1,0x00,0x00,0x00,0x00,0xc1,0x03,0x95,0xbe,0x7e,0x15,0x6a,0x8a,
    0x05,0x00,0x87,0xbf,0x80,0x03,0x94,0xbe,0x00,0x80,0x74,0xdc,0x0c,0x0a,0x00,0x00,0x04,0xff,0x88,0xbf,0x02,0x00,0x82,0xbf,
    0x89,0x03,0x94,0xbe,0x01,0xff,0x82,0xbf,0x04,0x6a,0x0f,0xd7,0x04,0x83,0x01,0x00,0x05,0x7d,0x28,0xd5,0xc1,0x0a,0xaa,0x01,
    0x10,0x98,0x10,0x80,0x11,0x80,0x11,0x82,0x00,0x88,0x00,0x80,0x15,0x00,0xe2,0xd4,0x80,0x08,0x02,0x00,0x01,0x80,0x01,0x82,
    0x8a,0x03,0x94,0xbe,0x7e,0x15,0x6a,0x8a,0xf5,0xfe,0x87,0xbf,0x0b,0x00,0x82,0xbf,0x7e,0x14,0x6a,0x87,0x12,0xff,0x87,0xbf,
    0x1b,0xff,0x82,0xbf,0x02,0x81,0x02,0x80,0x03,0x80,0x03,0x82,0x82,0x03,0x94,0xbe,0x02,0x80,0x12,0xbf,0xc1,0x80,0x00,0x85,
    0x7e,0x00,0x6a,0x8a,0xa9,0xfe,0x87,0xbf,0x0b,0x00,0x82,0xbf,0x14,0x8a,0x07,0xbf,0xa1,0xfe,0x85,0xbf,0x71,0x3f,0x8c,0xbf,
    0x02,0x02,0x00,0x7e,0x03,0x02,0x02,0x7e,0x80,0x03,0x94,0xbe,0x70,0x3f,0x8c,0xbf,0x00,0x00,0xfd,0xbb,0x80,0x80,0x74,0xdc,
    0x0c,0x00,0x04,0x00,0x98,0xfe,0x82,0xbf,0x14,0x88,0x02,0xbf,0xc1,0x03,0x80,0xbe,0x01,0x00,0x84,0xbf,0x80,0x03,0x80,0xbe,
    0x7e,0x00,0x6a,0x8a,0x83,0x04,0x80,0xbe,0x04,0x00,0x87,0xbf,0x14,0x88,0x07,0xbf,0x81,0x04,0x80,0xbe,0x01,0x00,0x85,0xbf,
    0x82,0x04,0x80,0xbe,0x71,0x3f,0x8c,0xbf,0x00,0x02,0x00,0x7e,0x70,0x3f,0x8c,0xbf,0x80,0x02,0x04,0x7e,0x01,0x02,0x02,0x7e,
    0x00,0x00,0xfd,0xbb,0x00,0x82,0x74,0xdc,0x02,0x00,0x04,0x00,0x00,0x00,0x81,0xbf,0x00,0x00,0x8c,0xbf,0xff,0x3e,0x10,0x36,
    0xff,0x03,0x00,0x00,0x80,0x03,0x8a,0xbe,0x7e,0x03,0x85,0xbe,0x80,0x10,0xa4,0x7d,0x8b,0x01,0x88,0xbf,0x81,0x0c,0xc2,0x7d,
    0x0a,0x04,0x0f,0xd7,0xff,0x00,0x02,0x00,0x00,0x10,0x00,0x00,0x81,0x02,0x10,0x7e,0x80,0x02,0x12,0x7e,0x0b,0x7d,0x28,0xd5,
    0x80,0x02,0x12,0x00,0x80,0x0e,0x1a,0x02,0x81,0x0c,0x18,0x02,0x1a,0x6a,0x0f,0xd7,0x02,0x11,0x01,0x00,0x1b,0x7d,0x28,0xd5,
    0x80,0x06,0xaa,0x01,0x02,0x6a,0x0f,0xd7,0xff,0x00,0x02,0x00,0x00,0x04,0x00,0x00,0x03,0x7d,0x28,0xd5,0x80,0x02,0xaa,0x01,
    0xbf,0xff,0x08,0xb0,0x81,0x04,0x86,0xbe,0xc1,0x03,0x89,0xbe,0x00,0x00,0xfd,0xbb,0x00,0x81,0x74,0xdc,0x00,0x08,0x7d,0x00,
    0x05,0x00,0x82,0xbf,0x7e,0x04,0x7e,0x88,0x7e,0x0b,0x04,0x87,0x04,0x0a,0x0a,0x88,0x7e,0x0a,0x7e,0x8a,0x58,0x01,0x88,0xbf,
    0x0c,0x03,0x0c,0x7e,0x0d,0x03,0x0e,0x7e,0x80,0x03,0x8b,0xbe,0x01,0x00,0xa0,0xbf,0x1d,0x00,0x82,0xbf,0x00,0x00,0x80,0xbf,
    0x00,0x00,0x80,0xbf,0x00,0x00,0x80,0xbf,0x00,0x00,0x80,0xbf,0x00,0x00,0x80,0xbf,0x00,0x00,0x80,0xbf,0x00,0x00,0x80,0xbf,
    0x00,0x00,0x80,0xbf,0x00,0x00,0x80,0xbf,0x00,0x00,0x80,0xbf,0x00,0x00,0x80,0xbf,0x00,0x00,0x80,0xbf,0x00,0x00,0x80,0xbf,
    0x7e,0x11,0x7e,0x88,0x0f,0x7e,0x0f,0x8a,0x04,0x7e,0x04,0x87,0x0e,0x7e,0x0e,0x8a,0x0f,0x04,0x0f,0x88,0x7e,0x10,0x7e,0x88,
    0x7e,0x0f,0x04,0x87,0x04,0x0b,0x0b,0x88,0x0c,0x7e,0x04,0x8a,0x0e,0x7e,0x0c,0x87,0x0d,0x7e,0x0d,0x8a,0x6a,0x7e,0x10,0x87,
    0x04,0x0c,0x0c,0x88,0x0d,0x10,0x0d,0x88,0x7e,0x0b,0x7e,0x8a,0x22,0x00,0x88,0xbf,0x00,0x90,0x35,0xdc,0x00,0x00,0x7d,0x08,
    0x70,0x3f,0x8c,0xbf,0x00,0x00,0xc8,0xe1,0x00,0x00,0x00,0x00,0x00,0x00,0xc4,0xe1,0x00,0x00,0x00,0x00,0x80,0x91,0x35,0xdc,
    0x00,0x00,0x7d,0x0e,0x70,0x3f,0x8c,0xbf,0x00,0x00,0xc8,0xe1,0x00,0x00,0x00,0x00,0x00,0x00,0xc4,0xe1,0x00,0x00,0x00,0x00,
    0x0e,0x7e,0x0e,0x88,0x0f,0x7e,0x0f,0x88,0x04,0x00,0xe5,0xd4,0x06,0x10,0x02,0x00,0x80,0x1c,0xc4,0x7d,0x04,0x3c,0x90,0xbe,
    0xe0,0xff,0x88,0xbf,0x87,0x02,0x10,0x7e,0xc1,0x03,0x84,0xbe,0x6a,0x3c,0x91,0xbe,0xd7,0xff,0x88,0xbf,0x06,0x04,0x0f,0xd7,
    0x06,0x83,0x01,0x00,0x07,0x7d,0x28,0xd5,0xc1,0x0e,0x12,0x00,0x88,0x02,0x10,0x7e,0x04,0x00,0xe2,0xd4,0x80,0x0c,0x02,0x00,
    0x04,0x7e,0x04,0x8b,0xce,0xff,0x82,0xbf,0x02,0x00,0xa0,0xbf,0x7e,0x0b,0x7e,0x88,0x0c,0x3c,0x84,0xbe,0x7e,0x04,0x0b,0x89,
    0x03,0x01,0x88,0xbf,0x87,0x02,0x10,0x7e,0x0d,0x3c,0x8c,0xbe,0xff,0x00,0x88,0xbf,0x00,0x93,0x35,0xdc,0x00,0x00,0x7d,0x06,
    0x89,0x02,0x10,0x7e,0x7e,0x03,0x8d,0xbe,0x70,0x3f,0x8c,0xbf,0x7e,0x00,0xf1,0xd4,0x06,0x09,0x02,0x00,0xf6,0x00,0x88,0xbf,
    0x80,0x92,0x35,0xdc,0x00,0x00,0x7d,0x0e,0x70,0x3f,0x8c,0xbf,0x08,0x6a,0x0f,0xd7,0xff,0x1c,0x02,0x00,0xbf,0xff,0xff,0xff,
    0x09,0x7d,0x28,0xd5,0xc1,0x1e,0xaa,0x01,0x08,0x10,0xc2,0x7d,0x89,0x02,0x10,0x7e,0x6a,0x3c,0x8e,0xbe,0xe9,0x00,0x88,0xbf,
    0x06,0x00,0xff,0xd6,0x86,0x0c,0x02,0x00,0x03,0x03,0x22,0x7e,0x0b,0x03,0x2a,0x7e,0x02,0x03,0x20,0x7e,0x0a,0x03,0x28,0x7e,
    0x80,0x03,0x8f,0xbe,0x12,0x6a,0x0f,0xd7,0x1a,0x0d,0x02,0x00,0x13,0x7d,0x28,0xd5,0x1b,0x0f,0xaa,0x01,0x05,0x00,0x82,0xbf,
    0x7e,0x10,0x7e,0x88,0x7e,0x04,0x04,0x87,0x04,0x0f,0x0f,0x88,0x7e,0x0f,0x7e,0x8a,0xcd,0x00,0x88,0xbf,0x02,0x00,0xa1,0xbf,
    0x00,0x90,0x35,0xdc,0x10,0x00,0x7d,0x18,0x08,0x90,0x35,0xdc,0x10,0x00,0x7d,0x06,0x10,0x90,0x35,0xdc,0x10,0x00,0x7d,0x08,
    0x80,0x03,0x91,0xbe,0x80,0x03,0x84,0xbe,0x7e,0x03,0x90,0xbe,0x72,0x3f,0x8c,0xbf,0x84,0x30,0x62,0x7d,0x7e,0x10,0x10,0x89,
    0x4b,0x00,0x88,0xbf,0x80,0x03,0x92,0xbe,0x7e,0x03,0x84,0xbe,0x86,0x30,0x62,0x7d,0x7e,0x04,0x04,0x89,0x27,0x00,0x88,0xbf,
    0xc1,0x03,0x93,0xbe,0x7e,0x03,0x91,0xbe,0x87,0x30,0x62,0x7d,0x20,0x00,0x88,0xbf,0x7e,0x03,0x93,0xbe,0x88,0x30,0x62,0x7d,
    0x7e,0x13,0x13,0x89,0x0d,0x00,0x88,0xbf,0x7e,0x03,0x94,0xbe,0x89,0x30,0xe4,0x7d,0x08,0x00,0x88,0xbf,0x00,0x90,0x35,0xdc,
    0x12,0x00,0x7d,0x16,0x70,0x3f,0x8c,0xbf,0x00,0x00,0xc8,0xe1,0x00,0x00,0x00,0x00,0x00,0x00,0xc4,0xe1,0x00,0x00,0x00,0x00,
    0x7e,0x03,0x92,0xbe,0x7e,0x14,0x7e,0x88,0x12,0x7e,0x12,0x87,0x13,0x3f,0x93,0xbe,0x0a,0x00,0x88,0xbf,0x70,0x3f,0x8c,0xbf,
    0x00,0x00,0xfd,0xbb,0x00,0x80,0x45,0xdd,0x12,0x06,0x7d,0x16,0x70,0x3f,0x8c,0xbf,0x00,0x00,0xc8,0xe1,0x00,0x00,0x00,0x00,
    0x00,0x00,0xc4,0xe1,0x00,0x00,0x00,0x00,0x12,0x7e,0x12,0x88,0x7e,0x13,0x7e,0x88,0x12,0x7e,0x12,0x87,0x7e,0xc1,0x13,0x89,
    0x7e,0x11,0x7e,0x88,0x12,0x7e,0x12,0x87,0x13,0x7e,0x11,0x87,0x04,0x3f,0x84,0xbe,0x1a,0x00,0x88,0xbf,0x7e,0x03,0x93,0xbe,
    0x85,0x30,0x62,0x7d,0x7e,0x13,0x13,0x89,0x09,0x00,0x88,0xbf,0x70,0x3f,0x8c,0xbf,0x00,0x00,0xfd,0xbb,0x00,0x80,0x6d,0xdd,
    0x12,0x06,0x7d,0x16,0x70,0x3f,0x8c,0xbf,0x00,0x00,0xc8,0xe1,0x00,0x00,0x00,0x00,0x00,0x00,0xc4,0xe1,0x00,0x00,0x00,0x00,
    0x13,0x3f,0x93,0xbe,0x09,0x00,0x88,0xbf,0x70,0x3f,0x8c,0xbf,0x00,0x00,0xfd,0xbb,0x00,0x80,0x69,0xdd,0x12,0x06,0x7d,0x16,
    0x70,0x3f,0x8c,0xbf,0x00,0x00,0xc8,0xe1,0x00,0x00,0x00,0x00,0x00,0x00,0xc4,0xe1,0x00,0x00,0x00,0x00,0x7e,0x13,0x7e,0x88,
    0x12,0x7e,0x12,0x88,0x7e,0x04,0x7e,0x88,0x12,0x7e,0x04,0x87,0x11,0x7e,0x11,0x87,0x10,0x3f,0x90,0xbe,0x47,0x00,0x88,0xbf,
    0x04,0x03,0x92,0xbe,0x7e,0x03,0x93,0xbe,0x82,0x30,0x62,0x7d,0x7e,0x13,0x13,0x89,0x1a,0x00,0x88,0xbf,0x7e,0x03,0x92,0xbe,
    0x83,0x30,0x62,0x7d,0x7e,0x12,0x12,0x89,0x09,0x00,0x88,0xbf,0x70,0x3f,0x8c,0xbf,0x00,0x00,0xfd,0xbb,0x00,0x80,0x65,0xdd,
    0x12,0x06,0x7d,0x16,0x70,0x3f,0x8c,0xbf,0x00,0x00,0xc8,0xe1,0x00,0x00,0x00,0x00,0x00,0x00,0xc4,0xe1,0x00,0x00,0x00,0x00,
    0x12,0x3f,0x92,0xbe,0x09,0x00,0x88,0xbf,0x70,0x3f,0x8c,0xbf,0x00,0x00,0xfd,0xbb,0x00,0x80,0x4d,0xdd,0x12,0x06,0x7d,0x16,
    0x70,0x3f,0x8c,0xbf,0x00,0x00,0xc8,0xe1,0x00,0x00,0x00,0x00,0x00,0x00,0xc4,0xe1,0x00,0x00,0x00,0x00,0x7e,0x12,0x7e,0x88,
    0x04,0x7e,0x12,0x88,0x13,0x3d,0x93,0xbe,0x11,0x03,0x94,0xbe,0x7e,0x13,0x7e,0x89,0x1d,0x00,0x88,0xbf,0x12,0x03,0x94,0xbe,
    0x7e,0x03,0x95,0xbe,0x81,0x30,0x62,0x7d,0x7e,0x15,0x15,0x89,0x0a,0x00,0x88,0xbf,0x70,0x3f,0x8c,0xbf,0x00,0x00,0xfd,0xbb,
    0x00,0x80,0x49,0xdd,0x12,0x06,0x7d,0x16,0x70,0x3f,0x8c,0xbf,0x00,0x00,0xc8,0xe1,0x00,0x00,0x00,0x00,0x00,0x00,0xc4,0xe1,
    0x00,0x00,0x00,0x00,0x12,0x7e,0x14,0x88,0x15,0x3d,0x95,0xbe,0x11,0x03,0x96,0xbe,0x7e,0x15,0x7e,0x89,0x81,0x30,0xc4,0x7d,
    0x11,0x7e,0x16,0x8a,0x6a,0x7e,0x17,0x87,0x16,0x17,0x16,0x88,0x7e,0x15,0x7e,0x88,0x12,0x7e,0x12,0x8a,0x14,0x7e,0x14,0x87,
    0x11,0x7e,0x15,0x8a,0x16,0x7e,0x16,0x87,0x12,0x14,0x12,0x88,0x15,0x16,0x14,0x88,0x7e,0x13,0x7e,0x88,0x04,0x7e,0x04,0x8a,
    0x12,0x7e,0x12,0x87,0x11,0x7e,0x11,0x8a,0x14,0x7e,0x13,0x87,0x04,0x12,0x04,0x88,0x11,0x13,0x11,0x88,0x7e,0x10,0x7e,0x88,
    0x11,0x3c,0x90,0xbe,0x0a,0x00,0x88,0xbf,0x70,0x3f,0x8c,0xbf,0x00,0x00,0xfd,0xbb,0x00,0x80,0x41,0xdd,0x12,0x06,0x7d,0x16,
    0x70,0x3f,0x8c,0xbf,0x00,0x00,0xc8,0xe1,0x00,0x00,0x00,0x00,0x00,0x00,0xc4,0xe1,0x00,0x00,0x00,0x00,0x04,0x7e,0x04,0x88,
    0x7e,0x10,0x7e,0x88,0x70,0x3f,0x8c,0xbf,0x89,0x02,0x10,0x7e,0x80,0x03,0x91,0xbe,0x04,0x3c,0x90,0xbe,0x04,0x00,0x88,0xbf,
    0x80,0x02,0x10,0x7e,0x7e,0x03,0x91,0xbe,0x00,0x80,0x74,0xdc,0x14,0x16,0x7d,0x00,0x7e,0x10,0x7e,0x88,0xc1,0x03,0x84,0xbe,
    0x11,0x3c,0x90,0xbe,0x3e,0xff,0x88,0xbf,0x0e,0x6a,0x0f,0xd7,0x0e,0x83,0x01,0x00,0x0f,0x7d,0x28,0xd5,0xc1,0x1e,0xaa,0x01,
    0x14,0x6a,0x0f,0xd7,0x14,0x11,0x01,0x00,0x15,0x7d,0x28,0xd5,0x80,0x2a,0xaa,0x01,0x80,0x1c,0xc4,0x7d,0x10,0x04,0x0f,0xd7,
    0x10,0x31,0x01,0x00,0x11,0x7d,0x28,0xd5,0x80,0x22,0x12,0x00,0x8a,0x02,0x10,0x7e,0x6a,0x7e,0x04,0x8b,0x2e,0xff,0x82,0xbf,
    0x7e,0x0f,0x7e,0x88,0x7e,0x03,0x84,0xbe,0x8a,0x10,0xa4,0x7d,0x06,0x00,0x88,0xbf,0x06,0x02,0x0c,0x7e,0x07,0x02,0x0e,0x7e,
    0x80,0x02,0x10,0x7e,0x00,0x00,0xfd,0xbb,0x80,0x80,0x74,0xdc,0x00,0x06,0x7d,0x00,0x7e,0x04,0x7e,0x88,0x7e,0x0e,0x7e,0x88,
    0x7e,0x0d,0x7e,0x88,0x7e,0x0c,0x7e,0x88,0x7e,0x0b,0x7e,0x88,0xc1,0x03,0x8b,0xbe,0x7e,0x03,0x84,0xbe,0x80,0x10,0xa4,0x7d,
    0xaa,0xfe,0x88,0xbf,0x06,0x81,0x06,0x80,0x07,0x80,0x07,0x82,0x82,0x02,0x10,0x7e,0x06,0x80,0x12,0xbf,0xc1,0x80,0x0b,0x85,
    0x0b,0x7e,0x0b,0x8b,0xa3,0xfe,0x82,0xbf,0x7e,0x0a,0x7e,0x88,0x7e,0x03,0x84,0xbe,0x88,0x10,0x22,0x7d,0x7e,0x04,0x04,0x89,
    0x04,0x3d,0x84,0xbe,0x83,0x02,0x04,0x7e,0x80,0x02,0x06,0x7e,0x7e,0x04,0x7e,0x89,0x07,0x00,0x88,0xbf,0x81,0x02,0x04,0x7e,
    0x80,0x02,0x06,0x7e,0x7e,0x03,0x86,0xbe,0x88,0x10,0xa4,0x7d,0x82,0x02,0x04,0x7e,0x80,0x02,0x06,0x7e,0x7e,0x06,0x7e,0x88,
    0x7e,0x04,0x7e,0x88,0x00,0x00,0xfd,0xbb,0x00,0x82,0x74,0xdc,0x00,0x02,0x7d,0x00,0x7e,0x05,0x7e,0x88,0x1e,0x20,0x80,0xbe,
    0x00,0x00,0x9f,0xbf,0x00,0x00,0x9f,0xbf,0x00,0x00,0x9f,0xbf,0x00,0x00,0x9f,0xbf,0x00,0x00,0x9f,0xbf,0x00,0x00,0x9f,0xbf,
    0x00,0x00,0x9f,0xbf,0x00,0x00,0x9f,0xbf,0x00,0x00,0x9f,0xbf,0x00,0x00,0x9f,0xbf,0x00,0x00,0x9f,0xbf,0x00,0x00,0x9f,0xbf,
    0x00,0x00,0x9f,0xbf,0x00,0x00,0x9f,0xbf,0x00,0x00,0x9f,0xbf,0x00,0x00,0x9f,0xbf,0x00,0x00,0x9f,0xbf,0x00,0x00,0x9f,0xbf,
    0x00,0x00,0x9f,0xbf,0x00,0x00,0x9f,0xbf,0x00,0x00,0x9f,0xbf,0x00,0x00,0x9f,0xbf,0x00,0x00,0x9f,0xbf,0x00,0x00,0x9f,0xbf,
    0x00,0x00,0x9f,0xbf,0x00,0x00,0x9f,0xbf,0x00,0x00,0x9f,0xbf,0x00,0x00,0x9f,0xbf,0x00,0x00,0x9f,0xbf,0x00,0x00,0x9f,0xbf,
    0x00,0x00,0x9f,0xbf,0x00,0x00,0x9f,0xbf,0x00,0x00,0x9f,0xbf,0x00,0x00,0x9f,0xbf,0x00,0x00,0x9f,0xbf,0x00,0x00,0x9f,0xbf,
    0x00,0x00,0x9f,0xbf,0x00,0x00,0x9f,0xbf,0x00,0x00,0x9f,0xbf,0x00,0x00,0x9f,0xbf,0x00,0x00,0x9f,0xbf,0x00,0x00,0x9f,0xbf,
    0x00,0x00,0x9f,0xbf,0x00,0x00,0x9f,0xbf,0x00,0x00,0x9f,0xbf,0x00,0x00,0x9f,0xbf,0x00,0x00,0x9f,0xbf,0x00,0x00,0x9f,0xbf,
    0x00,0x00,0x9f,0xbf,0x00,0x00,0x9f,0xbf,0x00,0x00,0x9f,0xbf,0x00,0x00,0x9f,0xbf,0x06,0x00,0x00,0x00,0x00,0x00,0x00,0x00,
    0x10,0x05,0x00,0x00,0x00,0x00,0x00,0x00,0x0b,0x00,0x00,0x00,0x00,0x00,0x00,0x00,0x18,0x00,0x00,0x00,0x00,0x00,0x00,0x00,
    0x05,0x00,0x00,0x00,0x00,0x00,0x00,0x00,0xc0,0x05,0x00,0x00,0x00,0x00,0x00,0x00,0x0a,0x00,0x00,0x00,0x00,0x00,0x00,0x00,
    0x5e,0x00,0x00,0x00,0x00,0x00,0x00,0x00,0xf5,0xfe,0xff,0x6f,0x00,0x00,0x00,0x00,0x70,0x05,0x00,0x00,0x00,0x00,0x00,0x00,
    0x04,0x00,0x00,0x00,0x00,0x00,0x00,0x00,0x98,0x05,0x00,0x00,0x00,0x00,0x00,0x00,0x00,0x00,0x00,0x00,0x00,0x00,0x00,0x00,
    0x00,0x00,0x00,0x00,0x00,0x00,0x00,0x00,0x48,0x6f,0x6d,0x65,0x62,0x72,0x65,0x77,0x20,0x63,0x6c,0x61,0x6e,0x67,0x20,0x76,
    0x65,0x72,0x73,0x69,0x6f,0x6e,0x20,0x32,0x31,0x2e,0x31,0x2e,0x38,0x00,0x00,0x4c,0x69,0x6e,0x6b,0x65,0x72,0x3a,0x20,0x48,
    0x6f,0x6d,0x65,0x62,0x72,0x65,0x77,0x20,0x4c,0x4c,0x44,0x20,0x32,0x31,0x2e,0x31,0x2e,0x38,0x00,0x00,0x00,0x00,0x00,0x00,
    0x00,0x00,0x00,0x00,0x00,0x00,0x00,0x00,0x00,0x00,0x00,0x00,0x00,0x00,0x00,0x00,0x00,0x00,0x00,0x00,0x00,0x00,0x00,0x00,
    0x01,0x00,0x00,0x00,0x00,0x00,0xf1,0xff,0x00,0x00,0x00,0x00,0x00,0x00,0x00,0x00,0x00,0x00,0x00,0x00,0x00,0x00,0x00,0x00,
    0x29,0x00,0x00,0x00,0x00,0x00,0xf1,0xff,0x00,0x00,0x00,0x00,0x00,0x00,0x00,0x00,0x00,0x00,0x00,0x00,0x00,0x00,0x00,0x00,
    0x49,0x00,0x00,0x00,0x00,0x00,0xf1,0xff,0x10,0x00,0x00,0x00,0x00,0x00,0x00,0x00,0x00,0x00,0x00,0x00,0x00,0x00,0x00,0x00,
    0x69,0x00,0x00,0x00,0x00,0x00,0xf1,0xff,0x18,0x00,0x00,0x00,0x00,0x00,0x00,0x00,0x00,0x00,0x00,0x00,0x00,0x00,0x00,0x00,
    0x8e,0x00,0x00,0x00,0x00,0x00,0xf1,0xff,0x01,0x00,0x00,0x00,0x00,0x00,0x00,0x00,0x00,0x00,0x00,0x00,0x00,0x00,0x00,0x00,
    0xae,0x00,0x00,0x00,0x00,0x00,0xf1,0xff,0x00,0x00,0x00,0x00,0x00,0x00,0x00,0x00,0x00,0x00,0x00,0x00,0x00,0x00,0x00,0x00,
    0xd7,0x00,0x00,0x00,0x00,0x00,0xf1,0xff,0x00,0x00,0x00,0x00,0x00,0x00,0x00,0x00,0x00,0x00,0x00,0x00,0x00,0x00,0x00,0x00,
    0x02,0x01,0x00,0x00,0x00,0x00,0xf1,0xff,0x00,0x00,0x00,0x00,0x00,0x00,0x00,0x00,0x00,0x00,0x00,0x00,0x00,0x00,0x00,0x00,
    0x84,0x01,0x00,0x00,0x00,0x02,0x08,0x00,0x80,0x34,0x00,0x00,0x00,0x00,0x00,0x00,0x00,0x00,0x00,0x00,0x00,0x00,0x00,0x00,
    0x27,0x01,0x00,0x00,0x12,0x03,0x07,0x00,0x00,0x17,0x00,0x00,0x00,0x00,0x00,0x00,0x60,0x06,0x00,0x00,0x00,0x00,0x00,0x00,
    0x3e,0x01,0x00,0x00,0x11,0x03,0x06,0x00,0x40,0x06,0x00,0x00,0x00,0x00,0x00,0x00,0x40,0x00,0x00,0x00,0x00,0x00,0x00,0x00,
    0x58,0x01,0x00,0x00,0x12,0x03,0x07,0x00,0x60,0x1d,0x00,0x00,0x00,0x00,0x00,0x00,0x50,0x06,0x00,0x00,0x00,0x00,0x00,0x00,
    0x00,0x2e,0x6e,0x6f,0x74,0x65,0x00,0x2e,0x64,0x79,0x6e,0x73,0x79,0x6d,0x00,0x2e,0x67,0x6e,0x75,0x2e,0x68,0x61,0x73,0x68,
    0x00,0x2e,0x68,0x61,0x73,0x68,0x00,0x2e,0x64,0x79,0x6e,0x73,0x74,0x72,0x00,0x2e,0x72,0x6f,0x64,0x61,0x74,0x61,0x00,0x2e,
    0x74,0x65,0x78,0x74,0x00,0x2e,0x64,0x79,0x6e,0x61,0x6d,0x69,0x63,0x00,0x2e,0x72,0x65,0x6c,0x72,0x6f,0x5f,0x70,0x61,0x64,
    0x64,0x69,0x6e,0x67,0x00,0x2e,0x41,0x4d,0x44,0x47,0x50,0x55,0x2e,0x67,0x70,0x72,0x5f,0x6d,0x61,0x78,0x69,0x6d,0x75,0x6d,
    0x73,0x00,0x2e,0x63,0x6f,0x6d,0x6d,0x65,0x6e,0x74,0x00,0x2e,0x73,0x79,0x6d,0x74,0x61,0x62,0x00,0x2e,0x73,0x68,0x73,0x74,
    0x72,0x74,0x61,0x62,0x00,0x2e,0x73,0x74,0x72,0x74,0x61,0x62,0x00,0x00,0x73,0x69,0x67,0x6e,0x61,0x6c,0x5f,0x6d,0x61,0x69,
    0x6c,0x62,0x6f,0x78,0x5f,0x73,0x65,0x72,0x76,0x69,0x63,0x65,0x2e,0x70,0x72,0x69,0x76,0x61,0x74,0x65,0x5f,0x73,0x65,0x67,
    0x5f,0x73,0x69,0x7a,0x65,0x00,0x73,0x69,0x67,0x6e,0x61,0x6c,0x5f,0x6d,0x61,0x69,0x6c,0x62,0x6f,0x78,0x5f,0x73,0x65,0x72,
    0x76,0x69,0x63,0x65,0x2e,0x6e,0x75,0x6d,0x5f,0x61,0x67,0x70,0x72,0x00,0x73,0x69,0x67,0x6e,0x61,0x6c,0x5f,0x6d,0x61,0x69,
    0x6c,0x62,0x6f,0x78,0x5f,0x73,0x65,0x72,0x76,0x69,0x63,0x65,0x2e,0x6e,0x75,0x6d,0x5f,0x76,0x67,0x70,0x72,0x00,0x73,0x69,
    0x67,0x6e,0x61,0x6c,0x5f,0x6d,0x61,0x69,0x6c,0x62,0x6f,0x78,0x5f,0x73,0x65,0x72,0x76,0x69,0x63,0x65,0x2e,0x6e,0x75,0x6d,
    0x62,0x65,0x72,0x65,0x64,0x5f,0x73,0x67,0x70,0x72,0x00,0x73,0x69,0x67,0x6e,0x61,0x6c,0x5f,0x6d,0x61,0x69,0x6c,0x62,0x6f,
    0x78,0x5f,0x73,0x65,0x72,0x76,0x69,0x63,0x65,0x2e,0x75,0x73,0x65,0x73,0x5f,0x76,0x63,0x63,0x00,0x73,0x69,0x67,0x6e,0x61,
    0x6c,0x5f,0x6d,0x61,0x69,0x6c,0x62,0x6f,0x78,0x5f,0x73,0x65,0x72,0x76,0x69,0x63,0x65,0x2e,0x75,0x73,0x65,0x73,0x5f,0x66,
    0x6c,0x61,0x74,0x5f,0x73,0x63,0x72,0x61,0x74,0x63,0x68,0x00,0x73,0x69,0x67,0x6e,0x61,0x6c,0x5f,0x6d,0x61,0x69,0x6c,0x62,
    0x6f,0x78,0x5f,0x73,0x65,0x72,0x76,0x69,0x63,0x65,0x2e,0x68,0x61,0x73,0x5f,0x64,0x79,0x6e,0x5f,0x73,0x69,0x7a,0x65,0x64,
    0x5f,0x73,0x74,0x61,0x63,0x6b,0x00,0x73,0x69,0x67,0x6e,0x61,0x6c,0x5f,0x6d,0x61,0x69,0x6c,0x62,0x6f,0x78,0x5f,0x73,0x65,
    0x72,0x76,0x69,0x63,0x65,0x2e,0x68,0x61,0x73,0x5f,0x72,0x65,0x63,0x75,0x72,0x73,0x69,0x6f,0x6e,0x00,0x73,0x69,0x67,0x6e,
    0x61,0x6c,0x5f,0x6d,0x61,0x69,0x6c,0x62,0x6f,0x78,0x5f,0x73,0x65,0x72,0x76,0x69,0x63,0x65,0x00,0x73,0x69,0x67,0x6e,0x61,
    0x6c,0x5f,0x6d,0x61,0x69,0x6c,0x62,0x6f,0x78,0x5f,0x73,0x65,0x72,0x76,0x69,0x63,0x65,0x2e,0x6b,0x64,0x00,0x5f,0x5f,0x63,
    0x6c,0x61,0x6e,0x67,0x5f,0x6f,0x63,0x6c,0x5f,0x6b,0x65,0x72,0x6e,0x5f,0x69,0x6d,0x70,0x5f,0x73,0x69,0x67,0x6e,0x61,0x6c,
    0x5f,0x6d,0x61,0x69,0x6c,0x62,0x6f,0x78,0x5f,0x73,0x65,0x72,0x76,0x69,0x63,0x65,0x00,0x5f,0x44,0x59,0x4e,0x41,0x4d,0x49,
    0x43,0x00,0x00,0x00,0x00,0x00,0x00,0x00,0x00,0x00,0x00,0x00,0x00,0x00,0x00,0x00,0x00,0x00,0x00,0x00,0x00,0x00,0x00,0x00,
    0x00,0x00,0x00,0x00,0x00,0x00,0x00,0x00,0x00,0x00,0x00,0x00,0x00,0x00,0x00,0x00,0x00,0x00,0x00,0x00,0x00,0x00,0x00,0x00,
    0x00,0x00,0x00,0x00,0x00,0x00,0x00,0x00,0x00,0x00,0x00,0x00,0x00,0x00,0x00,0x00,0x00,0x00,0x00,0x00,0x00,0x00,0x00,0x00,
    0x01,0x00,0x00,0x00,0x07,0x00,0x00,0x00,0x02,0x00,0x00,0x00,0x00,0x00,0x00,0x00,0x00,0x02,0x00,0x00,0x00,0x00,0x00,0x00,
    0x00,0x02,0x00,0x00,0x00,0x00,0x00,0x00,0x0c,0x03,0x00,0x00,0x00,0x00,0x00,0x00,0x00,0x00,0x00,0x00,0x00,0x00,0x00,0x00,
    0x04,0x00,0x00,0x00,0x00,0x00,0x00,0x00,0x00,0x00,0x00,0x00,0x00,0x00,0x00,0x00,0x07,0x00,0x00,0x00,0x0b,0x00,0x00,0x00,
    0x02,0x00,0x00,0x00,0x00,0x00,0x00,0x00,0x10,0x05,0x00,0x00,0x00,0x00,0x00,0x00,0x10,0x05,0x00,0x00,0x00,0x00,0x00,0x00,
    0x60,0x00,0x00,0x00,0x00,0x00,0x00,0x00,0x05,0x00,0x00,0x00,0x01,0x00,0x00,0x00,0x08,0x00,0x00,0x00,0x00,0x00,0x00,0x00,
    0x18,0x00,0x00,0x00,0x00,0x00,0x00,0x00,0x0f,0x00,0x00,0x00,0xf6,0xff,0xff,0x6f,0x02,0x00,0x00,0x00,0x00,0x00,0x00,0x00,
    0x70,0x05,0x00,0x00,0x00,0x00,0x00,0x00,0x70,0x05,0x00,0x00,0x00,0x00,0x00,0x00,0x28,0x00,0x00,0x00,0x00,0x00,0x00,0x00,
    0x02,0x00,0x00,0x00,0x00,0x00,0x00,0x00,0x08,0x00,0x00,0x00,0x00,0x00,0x00,0x00,0x00,0x00,0x00,0x00,0x00,0x00,0x00,0x00,
    0x19,0x00,0x00,0x00,0x05,0x00,0x00,0x00,0x02,0x00,0x00,0x00,0x00,0x00,0x00,0x00,0x98,0x05,0x00,0x00,0x00,0x00,0x00,0x00,
    0x98,0x05,0x00,0x00,0x00,0x00,0x00,0x00,0x28,0x00,0x00,0x00,0x00,0x00,0x00,0x00,0x02,0x00,0x00,0x00,0x00,0x00,0x00,0x00,
    0x04,0x00,0x00,0x00,0x00,0x00,0x00,0x00,0x04,0x00,0x00,0x00,0x00,0x00,0x00,0x00,0x1f,0x00,0x00,0x00,0x03,0x00,0x00,0x00,
    0x02,0x00,0x00,0x00,0x00,0x00,0x00,0x00,0xc0,0x05,0x00,0x00,0x00,0x00,0x00,0x00,0xc0,0x05,0x00,0x00,0x00,0x00,0x00,0x00,
    0x5e,0x00,0x00,0x00,0x00,0x00,0x00,0x00,0x00,0x00,0x00,0x00,0x00,0x00,0x00,0x00,0x01,0x00,0x00,0x00,0x00,0x00,0x00,0x00,
    0x00,0x00,0x00,0x00,0x00,0x00,0x00,0x00,0x27,0x00,0x00,0x00,0x01,0x00,0x00,0x00,0x02,0x00,0x00,0x00,0x00,0x00,0x00,0x00,
    0x40,0x06,0x00,0x00,0x00,0x00,0x00,0x00,0x40,0x06,0x00,0x00,0x00,0x00,0x00,0x00,0x40,0x00,0x00,0x00,0x00,0x00,0x00,0x00,
    0x00,0x00,0x00,0x00,0x00,0x00,0x00,0x00,0x40,0x00,0x00,0x00,0x00,0x00,0x00,0x00,0x00,0x00,0x00,0x00,0x00,0x00,0x00,0x00,
    0x2f,0x00,0x00,0x00,0x01,0x00,0x00,0x00,0x06,0x00,0x00,0x00,0x00,0x00,0x00,0x00,0x00,0x17,0x00,0x00,0x00,0x00,0x00,0x00,
    0x00,0x07,0x00,0x00,0x00,0x00,0x00,0x00,0x80,0x0d,0x00,0x00,0x00,0x00,0x00,0x00,0x00,0x00,0x00,0x00,0x00,0x00,0x00,0x00,
    0x00,0x01,0x00,0x00,0x00,0x00,0x00,0x00,0x00,0x00,0x00,0x00,0x00,0x00,0x00,0x00,0x35,0x00,0x00,0x00,0x06,0x00,0x00,0x00,
    0x03,0x00,0x00,0x00,0x00,0x00,0x00,0x00,0x80,0x34,0x00,0x00,0x00,0x00,0x00,0x00,0x80,0x14,0x00,0x00,0x00,0x00,0x00,0x00,
    0x70,0x00,0x00,0x00,0x00,0x00,0x00,0x00,0x05,0x00,0x00,0x00,0x00,0x00,0x00,0x00,0x08,0x00,0x00,0x00,0x00,0x00,0x00,0x00,
    0x10,0x00,0x00,0x00,0x00,0x00,0x00,0x00,0x3e,0x00,0x00,0x00,0x08,0x00,0x00,0x00,0x03,0x00,0x00,0x00,0x00,0x00,0x00,0x00,
    0xf0,0x34,0x00,0x00,0x00,0x00,0x00,0x00,0xf0,0x14,0x00,0x00,0x00,0x00,0x00,0x00,0x10,0x0b,0x00,0x00,0x00,0x00,0x00,0x00,
    0x00,0x00,0x00,0x00,0x00,0x00,0x00,0x00,0x01,0x00,0x00,0x00,0x00,0x00,0x00,0x00,0x00,0x00,0x00,0x00,0x00,0x00,0x00,0x00,
    0x4d,0x00,0x00,0x00,0x01,0x00,0x00,0x00,0x00,0x00,0x00,0x00,0x00,0x00,0x00,0x00,0x00,0x00,0x00,0x00,0x00,0x00,0x00,0x00,
    0xf0,0x14,0x00,0x00,0x00,0x00,0x00,0x00,0x00,0x00,0x00,0x00,0x00,0x00,0x00,0x00,0x00,0x00,0x00,0x00,0x00,0x00,0x00,0x00,
    0x01,0x00,0x00,0x00,0x00,0x00,0x00,0x00,0x00,0x00,0x00,0x00,0x00,0x00,0x00,0x00,0x62,0x00,0x00,0x00,0x01,0x00,0x00,0x00,
    0x30,0x00,0x00,0x00,0x00,0x00,0x00,0x00,0x00,0x00,0x00,0x00,0x00,0x00,0x00,0x00,0xf0,0x14,0x00,0x00,0x00,0x00,0x00,0x00,
    0x3b,0x00,0x00,0x00,0x00,0x00,0x00,0x00,0x00,0x00,0x00,0x00,0x00,0x00,0x00,0x00,0x01,0x00,0x00,0x00,0x00,0x00,0x00,0x00,
    0x01,0x00,0x00,0x00,0x00,0x00,0x00,0x00,0x6b,0x00,0x00,0x00,0x02,0x00,0x00,0x00,0x00,0x00,0x00,0x00,0x00,0x00,0x00,0x00,
    0x00,0x00,0x00,0x00,0x00,0x00,0x00,0x00,0x30,0x15,0x00,0x00,0x00,0x00,0x00,0x00,0x38,0x01,0x00,0x00,0x00,0x00,0x00,0x00,
    0x0e,0x00,0x00,0x00,0x0a,0x00,0x00,0x00,0x08,0x00,0x00,0x00,0x00,0x00,0x00,0x00,0x18,0x00,0x00,0x00,0x00,0x00,0x00,0x00,
    0x73,0x00,0x00,0x00,0x03,0x00,0x00,0x00,0x00,0x00,0x00,0x00,0x00,0x00,0x00,0x00,0x00,0x00,0x00,0x00,0x00,0x00,0x00,0x00,
    0x68,0x16,0x00,0x00,0x00,0x00,0x00,0x00,0x85,0x00,0x00,0x00,0x00,0x00,0x00,0x00,0x00,0x00,0x00,0x00,0x00,0x00,0x00,0x00,
    0x01,0x00,0x00,0x00,0x00,0x00,0x00,0x00,0x00,0x00,0x00,0x00,0x00,0x00,0x00,0x00,0x7d,0x00,0x00,0x00,0x03,0x00,0x00,0x00,
    0x00,0x00,0x00,0x00,0x00,0x00,0x00,0x00,0x00,0x00,0x00,0x00,0x00,0x00,0x00,0x00,0xed,0x16,0x00,0x00,0x00,0x00,0x00,0x00,
    0x8d,0x01,0x00,0x00,0x00,0x00,0x00,0x00,0x00,0x00,0x00,0x00,0x00,0x00,0x00,0x00,0x01,0x00,0x00,0x00,0x00,0x00,0x00,0x00,
    0x00,0x00,0x00,0x00,0x00,0x00,0x00,0x00,
};
}
namespace gfx11_generic {
// gfx11-generic signal_operations: e_flags=0x01000054, 5752 bytes
inline constexpr uint8_t signal_operations[] = {
    0x7f,0x45,0x4c,0x46,0x02,0x01,0x01,0x40,0x04,0x00,0x00,0x00,0x00,0x00,0x00,0x00,0x03,0x00,0xe0,0x00,0x01,0x00,0x00,0x00,
    0x00,0x00,0x00,0x00,0x00,0x00,0x00,0x00,0x40,0x00,0x00,0x00,0x00,0x00,0x00,0x00,0xb8,0x12,0x00,0x00,0x00,0x00,0x00,0x00,
    0x54,0x00,0x00,0x01,0x40,0x00,0x38,0x00,0x08,0x00,0x40,0x00,0x0f,0x00,0x0d,0x00,0x06,0x00,0x00,0x00,0x04,0x00,0x00,0x00,
    0x40,0x00,0x00,0x00,0x00,0x00,0x00,0x00,0x40,0x00,0x00,0x00,0x00,0x00,0x00,0x00,0x40,0x00,0x00,0x00,0x00,0x00,0x00,0x00,
    0xc0,0x01,0x00,0x00,0x00,0x00,0x00,0x00,0xc0,0x01,0x00,0x00,0x00,0x00,0x00,0x00,0x08,0x00,0x00,0x00,0x00,0x00,0x00,0x00,
    0x01,0x00,0x00,0x00,0x04,0x00,0x00,0x00,0x00,0x00,0x00,0x00,0x00,0x00,0x00,0x00,0x00,0x00,0x00,0x00,0x00,0x00,0x00,0x00,
    0x00,0x00,0x00,0x00,0x00,0x00,0x00,0x00,0x80,0x06,0x00,0x00,0x00,0x00,0x00,0x00,0x80,0x06,0x00,0x00,0x00,0x00,0x00,0x00,
    0x00,0x10,0x00,0x00,0x00,0x00,0x00,0x00,0x01,0x00,0x00,0x00,0x05,0x00,0x00,0x00,0x00,0x07,0x00,0x00,0x00,0x00,0x00,0x00,
    0x00,0x17,0x00,0x00,0x00,0x00,0x00,0x00,0x00,0x17,0x00,0x00,0x00,0x00,0x00,0x00,0x00,0x08,0x00,0x00,0x00,0x00,0x00,0x00,
    0x00,0x08,0x00,0x00,0x00,0x00,0x00,0x00,0x00,0x10,0x00,0x00,0x00,0x00,0x00,0x00,0x01,0x00,0x00,0x00,0x06,0x00,0x00,0x00,
    0x00,0x0f,0x00,0x00,0x00,0x00,0x00,0x00,0x00,0x2f,0x00,0x00,0x00,0x00,0x00,0x00,0x00,0x2f,0x00,0x00,0x00,0x00,0x00,0x00,
    0x70,0x00,0x00,0x00,0x00,0x00,0x00,0x00,0x00,0x01,0x00,0x00,0x00,0x00,0x00,0x00,0x00,0x10,0x00,0x00,0x00,0x00,0x00,0x00,
    0x02,0x00,0x00,0x00,0x06,0x00,0x00,0x00,0x00,0x0f,0x00,0x00,0x00,0x00,0x00,0x00,0x00,0x2f,0x00,0x00,0x00,0x00,0x00,0x00,
    0x00,0x2f,0x00,0x00,0x00,0x00,0x00,0x00,0x70,0x00,0x00,0x00,0x00,0x00,0x00,0x00,0x70,0x00,0x00,0x00,0x00,0x00,0x00,0x00,
    0x08,0x00,0x00,0x00,0x00,0x00,0x00,0x00,0x52,0xe5,0x74,0x64,0x04,0x00,0x00,0x00,0x00,0x0f,0x00,0x00,0x00,0x00,0x00,0x00,
    0x00,0x2f,0x00,0x00,0x00,0x00,0x00,0x00,0x00,0x2f,0x00,0x00,0x00,0x00,0x00,0x00,0x70,0x00,0x00,0x00,0x00,0x00,0x00,0x00,
    0x00,0x01,0x00,0x00,0x00,0x00,0x00,0x00,0x01,0x00,0x00,0x00,0x00,0x00,0x00,0x00,0x51,0xe5,0x74,0x64,0x06,0x00,0x00,0x00,
    0x00,0x00,0x00,0x00,0x00,0x00,0x00,0x00,0x00,0x00,0x00,0x00,0x00,0x00,0x00,0x00,0x00,0x00,0x00,0x00,0x00,0x00,0x00,0x00,
    0x00,0x00,0x00,0x00,0x00,0x00,0x00,0x00,0x00,0x00,0x00,0x00,0x00,0x00,0x00,0x00,0x00,0x00,0x00,0x00,0x00,0x00,0x00,0x00,
    0x04,0x00,0x00,0x00,0x04,0x00,0x00,0x00,0x00,0x02,0x00,0x00,0x00,0x00,0x00,0x00,0x00,0x02,0x00,0x00,0x00,0x00,0x00,0x00,
    0x00,0x02,0x00,0x00,0x00,0x00,0x00,0x00,0x30,0x03,0x00,0x00,0x00,0x00,0x00,0x00,0x30,0x03,0x00,0x00,0x00,0x00,0x00,0x00,
    0x04,0x00,0x00,0x00,0x00,0x00,0x00,0x00,0x07,0x00,0x00,0x00,0x19,0x03,0x00,0x00,0x20,0x00,0x00,0x00,0x41,0x4d,0x44,0x47,
    0x50,0x55,0x00,0x00,0x83,0xae,0x61,0x6d,0x64,0x68,0x73,0x61,0x2e,0x6b,0x65,0x72,0x6e,0x65,0x6c,0x73,0x91,0xde,0x00,0x12,
    0xa5,0x2e,0x61,0x72,0x67,0x73,0x95,0x85,0xae,0x2e,0x61,0x64,0x64,0x72,0x65,0x73,0x73,0x5f,0x73,0x70,0x61,0x63,0x65,0xa6,
    0x67,0x6c,0x6f,0x62,0x61,0x6c,0xa7,0x2e,0x6f,0x66,0x66,0x73,0x65,0x74,0x00,0xa5,0x2e,0x73,0x69,0x7a,0x65,0x08,0xaa,0x2e,
    0x74,0x79,0x70,0x65,0x5f,0x6e,0x61,0x6d,0x65,0xa5,0x6c,0x6f,0x6e,0x67,0x2a,0xab,0x2e,0x76,0x61,0x6c,0x75,0x65,0x5f,0x6b,
    0x69,0x6e,0x64,0xad,0x67,0x6c,0x6f,0x62,0x61,0x6c,0x5f,0x62,0x75,0x66,0x66,0x65,0x72,0x85,0xae,0x2e,0x61,0x64,0x64,0x72,
    0x65,0x73,0x73,0x5f,0x73,0x70,0x61,0x63,0x65,0xa6,0x67,0x6c,0x6f,0x62,0x61,0x6c,0xa7,0x2e,0x6f,0x66,0x66,0x73,0x65,0x74,
    0x08,0xa5,0x2e,0x73,0x69,0x7a,0x65,0x08,0xaa,0x2e,0x74,0x79,0x70,0x65,0x5f,0x6e,0x61,0x6d,0x65,0xa5,0x6c,0x6f,0x6e,0x67,
    0x2a,0xab,0x2e,0x76,0x61,0x6c,0x75,0x65,0x5f,0x6b,0x69,0x6e,0x64,0xad,0x67,0x6c,0x6f,0x62,0x61,0x6c,0x5f,0x62,0x75,0x66,
    0x66,0x65,0x72,0x84,0xa7,0x2e,0x6f,0x66,0x66,0x73,0x65,0x74,0x10,0xa5,0x2e,0x73,0x69,0x7a,0x65,0x08,0xaa,0x2e,0x74,0x79,
    0x70,0x65,0x5f,0x6e,0x61,0x6d,0x65,0xa4,0x6c,0x6f,0x6e,0x67,0xab,0x2e,0x76,0x61,0x6c,0x75,0x65,0x5f,0x6b,0x69,0x6e,0x64,
    0xa8,0x62,0x79,0x5f,0x76,0x61,0x6c,0x75,0x65,0x84,0xa7,0x2e,0x6f,0x66,0x66,0x73,0x65,0x74,0x18,0xa5,0x2e,0x73,0x69,0x7a,
    0x65,0x08,0xaa,0x2e,0x74,0x79,0x70,0x65,0x5f,0x6e,0x61,0x6d,0x65,0xa4,0x6c,0x6f,0x6e,0x67,0xab,0x2e,0x76,0x61,0x6c,0x75,
    0x65,0x5f,0x6b,0x69,0x6e,0x64,0xa8,0x62,0x79,0x5f,0x76,0x61,0x6c,0x75,0x65,0x84,0xa7,0x2e,0x6f,0x66,0x66,0x73,0x65,0x74,
    0x20,0xa5,0x2e,0x73,0x69,0x7a,0x65,0x04,0xaa,0x2e,0x74,0x79,0x70,0x65,0x5f,0x6e,0x61,0x6d,0x65,0xa4,0x75,0x69,0x6e,0x74,
    0xab,0x2e,0x76,0x61,0x6c,0x75,0x65,0x5f,0x6b,0x69,0x6e,0x64,0xa8,0x62,0x79,0x5f,0x76,0x61,0x6c,0x75,0x65,0xb9,0x2e,0x67,
    0x72,0x6f,0x75,0x70,0x5f,0x73,0x65,0x67,0x6d,0x65,0x6e,0x74,0x5f,0x66,0x69,0x78,0x65,0x64,0x5f,0x73,0x69,0x7a,0x65,0x00,
    0xb6,0x2e,0x6b,0x65,0x72,0x6e,0x61,0x72,0x67,0x5f,0x73,0x65,0x67,0x6d,0x65,0x6e,0x74,0x5f,0x61,0x6c,0x69,0x67,0x6e,0x08,
    0xb5,0x2e,0x6b,0x65,0x72,0x6e,0x61,0x72,0x67,0x5f,0x73,0x65,0x67,0x6d,0x65,0x6e,0x74,0x5f,0x73,0x69,0x7a,0x65,0x24,0xa9,
    0x2e,0x6c,0x61,0x6e,0x67,0x75,0x61,0x67,0x65,0xa8,0x4f,0x70,0x65,0x6e,0x43,0x4c,0x20,0x43,0xb1,0x2e,0x6c,0x61,0x6e,0x67,
    0x75,0x61,0x67,0x65,0x5f,0x76,0x65,0x72,0x73,0x69,0x6f,0x6e,0x92,0x02,0x00,0xb8,0x2e,0x6d,0x61,0x78,0x5f,0x66,0x6c,0x61,
    0x74,0x5f,0x77,0x6f,0x72,0x6b,0x67,0x72,0x6f,0x75,0x70,0x5f,0x73,0x69,0x7a,0x65,0x20,0xa5,0x2e,0x6e,0x61,0x6d,0x65,0xb0,
    0x73,0x69,0x67,0x6e,0x61,0x6c,0x5f,0x6f,0x70,0x65,0x72,0x61,0x74,0x69,0x6f,0x6e,0xbb,0x2e,0x70,0x72,0x69,0x76,0x61,0x74,
    0x65,0x5f,0x73,0x65,0x67,0x6d,0x65,0x6e,0x74,0x5f,0x66,0x69,0x78,0x65,0x64,0x5f,0x73,0x69,0x7a,0x65,0x00,0xb4,0x2e,0x72,
    0x65,0x71,0x64,0x5f,0x77,0x6f,0x72,0x6b,0x67,0x72,0x6f,0x75,0x70,0x5f,0x73,0x69,0x7a,0x65,0x93,0x20,0x01,0x01,0xab,0x2e,
    0x73,0x67,0x70,0x72,0x5f,0x63,0x6f,0x75,0x6e,0x74,0x0f,0xb1,0x2e,0x73,0x67,0x70,0x72,0x5f,0x73,0x70,0x69,0x6c,0x6c,0x5f,
    0x63,0x6f,0x75,0x6e,0x74,0x00,0xa7,0x2e,0x73,0x79,0x6d,0x62,0x6f,0x6c,0xb3,0x73,0x69,0x67,0x6e,0x61,0x6c,0x5f,0x6f,0x70,
    0x65,0x72,0x61,0x74,0x69,0x6f,0x6e,0x2e,0x6b,0x64,0xb3,0x2e,0x75,0x73,0x65,0x73,0x5f,0x64,0x79,0x6e,0x61,0x6d,0x69,0x63,
    0x5f,0x73,0x74,0x61,0x63,0x6b,0xc2,0xab,0x2e,0x76,0x67,0x70,0x72,0x5f,0x63,0x6f,0x75,0x6e,0x74,0x07,0xb1,0x2e,0x76,0x67,
    0x70,0x72,0x5f,0x73,0x70,0x69,0x6c,0x6c,0x5f,0x63,0x6f,0x75,0x6e,0x74,0x00,0xaf,0x2e,0x77,0x61,0x76,0x65,0x66,0x72,0x6f,
    0x6e,0x74,0x5f,0x73,0x69,0x7a,0x65,0x20,0xb9,0x2e,0x77,0x6f,0x72,0x6b,0x67,0x72,0x6f,0x75,0x70,0x5f,0x70,0x72,0x6f,0x63,
    0x65,0x73,0x73,0x6f,0x72,0x5f,0x6d,0x6f,0x64,0x65,0x01,0xad,0x61,0x6d,0x64,0x68,0x73,0x61,0x2e,0x74,0x61,0x72,0x67,0x65,
    0x74,0xd9,0x20,0x61,0x6d,0x64,0x67,0x63,0x6e,0x2d,0x61,0x6d,0x64,0x2d,0x61,0x6d,0x64,0x68,0x73,0x61,0x2d,0x2d,0x67,0x66,
    0x78,0x31,0x31,0x2d,0x67,0x65,0x6e,0x65,0x72,0x69,0x63,0xae,0x61,0x6d,0x64,0x68,0x73,0x61,0x2e,0x76,0x65,0x72,0x73,0x69,
    0x6f,0x6e,0x92,0x01,0x02,0x00,0x00,0x00,0x00,0x00,0x00,0x00,0x00,0x00,0x00,0x00,0x00,0x00,0x00,0x00,0x00,0x00,0x00,0x00,
    0x00,0x00,0x00,0x00,0x00,0x00,0x00,0x00,0x01,0x00,0x00,0x00,0x12,0x03,0x07,0x00,0x00,0x17,0x00,0x00,0x00,0x00,0x00,0x00,
    0xd8,0x03,0x00,0x00,0x00,0x00,0x00,0x00,0x12,0x00,0x00,0x00,0x11,0x03,0x06,0x00,0x40,0x06,0x00,0x00,0x00,0x00,0x00,0x00,
    0x40,0x00,0x00,0x00,0x00,0x00,0x00,0x00,0x26,0x00,0x00,0x00,0x12,0x03,0x07,0x00,0xd8,0x1a,0x00,0x00,0x00,0x00,0x00,0x00,
    0x50,0x02,0x00,0x00,0x00,0x00,0x00,0x00,0x01,0x00,0x00,0x00,0x01,0x00,0x00,0x00,0x01,0x00,0x00,0x00,0x1a,0x00,0x00,0x00,
    0x00,0x00,0x89,0x00,0x40,0x00,0x01,0x10,0x01,0x00,0x00,0x00,0xd2,0x64,0x68,0xc1,0xd0,0x69,0xb2,0x5f,0xe7,0x24,0x33,0xf0,
    0x04,0x00,0x00,0x00,0x04,0x00,0x00,0x00,0x02,0x00,0x00,0x00,0x00,0x00,0x00,0x00,0x03,0x00,0x00,0x00,0x00,0x00,0x00,0x00,
    0x00,0x00,0x00,0x00,0x00,0x00,0x00,0x00,0x00,0x00,0x00,0x00,0x01,0x00,0x00,0x00,0x00,0x73,0x69,0x67,0x6e,0x61,0x6c,0x5f,
    0x6f,0x70,0x65,0x72,0x61,0x74,0x69,0x6f,0x6e,0x00,0x73,0x69,0x67,0x6e,0x61,0x6c,0x5f,0x6f,0x70,0x65,0x72,0x61,0x74,0x69,
    0x6f,0x6e,0x2e,0x6b,0x64,0x00,0x5f,0x5f,0x63,0x6c,0x61,0x6e,0x67,0x5f,0x6f,0x63,0x6c,0x5f,0x6b,0x65,0x72,0x6e,0x5f,0x69,
    0x6d,0x70,0x5f,0x73,0x69,0x67,0x6e,0x61,0x6c,0x5f,0x6f,0x70,0x65,0x72,0x61,0x74,0x69,0x6f,0x6e,0x00,0x00,0x00,0x00,0x00,
    0x00,0x00,0x00,0x00,0x00,0x00,0x00,0x00,0x00,0x00,0x00,0x00,0x00,0x00,0x00,0x00,0x00,0x00,0x00,0x00,0x00,0x00,0x00,0x00,
    0x24,0x00,0x00,0x00,0x00,0x00,0x00,0x00,0xc0,0x10,0x00,0x00,0x00,0x00,0x00,0x00,0x00,0x00,0x00,0x00,0x00,0x00,0x00,0x00,
    0x00,0x00,0x00,0x00,0x00,0x00,0x00,0x00,0x00,0x00,0x00,0x00,0x80,0x00,0x00,0x00,0x40,0x00,0xaf,0xe0,0x9e,0x00,0x00,0x00,
    0x08,0x04,0x00,0x00,0x00,0x00,0x00,0x00,0x00,0x00,0x00,0x00,0x00,0x00,0x00,0x00,0x00,0x00,0x00,0x00,0x00,0x00,0x00,0x00,
    0x00,0x00,0x00,0x00,0x00,0x00,0x00,0x00,0x00,0x00,0x00,0x00,0x00,0x00,0x00,0x00,0x00,0x00,0x00,0x00,0x00,0x00,0x00,0x00,
    0x00,0x00,0x00,0x00,0x00,0x00,0x00,0x00,0x00,0x00,0x00,0x00,0x00,0x00,0x00,0x00,0x00,0x00,0x00,0x00,0x00,0x00,0x00,0x00,
    0x00,0x00,0x00,0x00,0x00,0x00,0x00,0x00,0x00,0x00,0x00,0x00,0x00,0x00,0x00,0x00,0x00,0x00,0x00,0x00,0x00,0x00,0x00,0x00,
    0x00,0x00,0x00,0x00,0x00,0x00,0x00,0x00,0x00,0x00,0x00,0x00,0x00,0x00,0x00,0x00,0x00,0x00,0x00,0x00,0x00,0x00,0x00,0x00,
    0x00,0x00,0x00,0x00,0x00,0x00,0x00,0x00,0x00,0x00,0x00,0x00,0x00,0x00,0x00,0x00,0x7e,0x00,0x82,0xbe,0x80,0x00,0x94,0x7d,
    0xf2,0x00,0xa5,0xbf,0x01,0x00,0x85,0xbf,0x00,0x02,0x00,0xf4,0x20,0x00,0x00,0xf8,0x00,0x00,0x0c,0xf4,0x00,0x00,0x00,0xf8,
    0x07,0xfc,0x89,0xbf,0x08,0x85,0x04,0xbf,0x16,0x00,0xa2,0xbf,0x08,0x86,0x02,0xbf,0x17,0x00,0xa1,0xbf,0x08,0x87,0x02,0xbf,
    0x18,0x00,0xa1,0xbf,0x80,0x02,0x00,0x7e,0x80,0x02,0x02,0x7e,0x08,0x88,0x06,0xbf,0x0c,0x00,0xa1,0xbf,0x04,0x00,0x10,0xca,
    0x05,0x00,0x00,0x00,0x06,0x00,0x10,0xca,0x07,0x00,0x02,0x02,0x80,0x02,0x08,0x7e,0x00,0x40,0x0a,0xdd,0x04,0x00,0x00,0x00,
    0xf7,0x03,0x89,0xbf,0x00,0x00,0xb0,0xe0,0x00,0x00,0x00,0x00,0x00,0x00,0xac,0xe0,0x00,0x00,0x00,0x00,0x80,0x00,0x86,0xbe,
    0x07,0x00,0xa0,0xbf,0x80,0x00,0x86,0xbe,0x4b,0x00,0xa6,0xbf,0xc1,0x00,0xa0,0xbf,0x80,0x00,0x86,0xbe,0x03,0x00,0xa6,0xbf,
    0x46,0x00,0xa0,0xbf,0xc1,0x00,0x86,0xbe,0x44,0x00,0xa0,0xbf,0x08,0x85,0x02,0xbf,0x24,0x00,0xa1,0xbf,0x7e,0x00,0x8a,0xbe,
    0x80,0x00,0x87,0xbe,0x02,0x00,0x1f,0xd7,0x0a,0x00,0x01,0x00,0x7e,0x00,0x89,0xbe,0x01,0x00,0x87,0xbf,0x80,0x04,0x94,0x7d,
    0x0f,0x00,0xa5,0xbf,0x0a,0x18,0x8a,0xbe,0x80,0x02,0x06,0x7e,0x0a,0x81,0x0a,0x8b,0xa9,0x04,0x87,0xbf,0x04,0x0a,0x0b,0x96,
    0x05,0x0a,0x0a,0x96,0x0b,0x00,0x10,0xca,0x0a,0x00,0x00,0x00,0x00,0x40,0x2e,0xdd,0x03,0x00,0x00,0x00,0xf7,0x03,0x89,0xbf,
    0x00,0x00,0xb0,0xe0,0x00,0x00,0x00,0x00,0x00,0x00,0xac,0xe0,0x00,0x00,0x00,0x00,0x7e,0x09,0x7e,0x8c,0x81,0x04,0x04,0x36,
    0x01,0x05,0x12,0x7e,0x00,0x05,0x14,0x7e,0x23,0x01,0x87,0xbf,0x03,0x00,0x2c,0xd7,0x05,0x04,0x02,0x00,0x02,0x00,0x2c,0xd7,
    0x04,0x04,0x02,0x00,0x09,0x06,0x02,0x3a,0x02,0x00,0x87,0xbf,0x0a,0x04,0x00,0x3a,0x01,0x00,0xa0,0xbf,0xc1,0x00,0x87,0xbe,
    0x09,0x00,0x87,0xbf,0x7e,0x07,0x6a,0x8b,0x1a,0x00,0xa3,0xbf,0x00,0x00,0x1f,0xd7,0x7e,0x00,0x01,0x00,0x01,0x00,0x87,0xbf,
    0x80,0x00,0x94,0x7c,0x6a,0x20,0x87,0xbe,0x0a,0x00,0xa5,0xbf,0x04,0x02,0x00,0x7e,0x80,0x00,0x10,0xca,0x05,0x00,0x00,0x02,
    0x00,0x40,0x2a,0xdd,0x02,0x00,0x00,0x00,0xf7,0x03,0x89,0xbf,0x00,0x00,0xb0,0xe0,0x00,0x00,0x00,0x00,0x00,0x00,0xac,0xe0,
    0x00,0x00,0x00,0x00,0x7e,0x07,0x7e,0x8c,0x01,0x05,0x0e,0x7e,0x00,0x05,0x12,0x7e,0x00,0x00,0x01,0xd5,0x05,0x00,0xa9,0x01,
    0x02,0x00,0x01,0xd5,0x04,0x00,0xa9,0x01,0x12,0x01,0x87,0xbf,0x07,0x00,0x02,0x38,0x09,0x04,0x00,0x38,0x77,0x00,0xa0,0xbf,
    0x08,0x82,0x02,0xbf,0x21,0x00,0xa1,0xbf,0x08,0x83,0x02,0xbf,0x20,0x00,0xa1,0xbf,0x00,0x00,0x1f,0xd7,0x7e,0x00,0x01,0x00,
    0x80,0x00,0x87,0xbe,0x01,0x00,0x87,0xbf,0x80,0x00,0x94,0x7c,0x6a,0x20,0x89,0xbe,0x0a,0x00,0xa5,0xbf,0x04,0x02,0x00,0x7e,
    0x80,0x00,0x10,0xca,0x05,0x00,0x00,0x02,0x00,0x40,0x26,0xdd,0x02,0x00,0x00,0x00,0xf7,0x03,0x89,0xbf,0x00,0x00,0xb0,0xe0,
    0x00,0x00,0x00,0x00,0x00,0x00,0xac,0xe0,0x00,0x00,0x00,0x00,0x7e,0x09,0x7e,0x8c,0x01,0x05,0x12,0x7e,0x00,0x05,0x14,0x7e,
    0x00,0x00,0x01,0xd5,0x05,0x82,0xa9,0x01,0x02,0x00,0x01,0xd5,0x04,0x82,0xa9,0x01,0x12,0x01,0x87,0xbf,0x09,0x00,0x02,0x36,
    0x0a,0x04,0x00,0x36,0x7e,0x07,0x6a,0x8b,0x04,0x00,0xa4,0xbf,0x28,0x00,0xa5,0xbf,0x54,0x00,0xa0,0xbf,0x26,0x00,0xa0,0xbf,
    0xfc,0xff,0xa5,0xbf,0x7e,0x00,0x89,0xbe,0x7e,0x00,0x87,0xbe,0x02,0x00,0x1f,0xd7,0x09,0x00,0x01,0x00,0x01,0x00,0x87,0xbf,
    0x80,0x04,0x94,0x7d,0x10,0x00,0xa5,0xbf,0x09,0x18,0x89,0xbe,0x80,0x02,0x06,0x7e,0x05,0x09,0x0a,0x96,0x04,0x09,0x8b,0x96,
    0x04,0x09,0x09,0x96,0x0b,0x0a,0x0b,0x81,0x09,0x00,0x87,0xbf,0x09,0x00,0x10,0xca,0x0b,0x00,0x00,0x00,0x00,0x40,0x12,0xdd,
    0x03,0x00,0x00,0x00,0xf7,0x03,0x89,0xbf,0x00,0x00,0xb0,0xe0,0x00,0x00,0x00,0x00,0x00,0x00,0xac,0xe0,0x00,0x00,0x00,0x00,
    0x7e,0x07,0x7e,0x8c,0x03,0x7c,0xfe,0xd6,0x04,0x04,0x02,0x02,0x00,0x05,0x0e,0x7e,0x01,0x05,0x12,0x7e,0x93,0x01,0x87,0xbf,
    0x05,0x7c,0xfe,0xd6,0x05,0x04,0x12,0x04,0x00,0x6a,0x01,0xd7,0x07,0x06,0x02,0x00,0x01,0x00,0x87,0xbf,0x01,0x7c,0x21,0xd5,
    0x09,0x0a,0xaa,0x01,0x2d,0x00,0xa6,0xbf,0x08,0x81,0x02,0xbf,0x23,0x00,0xa1,0xbf,0x7e,0x00,0x8a,0xbe,0x80,0x00,0x87,0xbe,
    0x02,0x00,0x1f,0xd7,0x0a,0x00,0x01,0x00,0x7e,0x00,0x89,0xbe,0x01,0x00,0x87,0xbf,0x80,0x04,0x94,0x7d,0x10,0x00,0xa5,0xbf,
    0x0a,0x18,0x8a,0xbe,0x80,0x02,0x06,0x7e,0x05,0x0a,0x0b,0x96,0x04,0x0a,0x8c,0x96,0x04,0x0a,0x0a,0x96,0x0c,0x0b,0x0c,0x81,
    0x09,0x00,0x87,0xbf,0x0a,0x00,0x10,0xca,0x0c,0x00,0x00,0x00,0x00,0x40,0x0e,0xdd,0x03,0x00,0x00,0x00,0xf7,0x03,0x89,0xbf,
    0x00,0x00,0xb0,0xe0,0x00,0x00,0x00,0x00,0x00,0x00,0xac,0xe0,0x00,0x00,0x00,0x00,0x7e,0x09,0x7e,0x8c,0x01,0x05,0x16,0x7e,
    0x00,0x05,0x14,0x7e,0x91,0x00,0x87,0xbf,0x00,0x7c,0xfe,0xd6,0x04,0x04,0x2a,0x00,0x03,0x7c,0xfe,0xd6,0x05,0x04,0x06,0x04,
    0x01,0x00,0x87,0xbf,0x03,0x03,0x02,0x7e,0x01,0x00,0xa0,0xbf,0xc1,0x00,0x87,0xbe,0x09,0x00,0x87,0xbf,0x7e,0x07,0x6a,0x8b,
    0x04,0x00,0xa3,0xbf,0x80,0x02,0x00,0x7e,0x80,0x02,0x02,0x7e,0x08,0x81,0x06,0xbf,0xc1,0x80,0x06,0x98,0x09,0x00,0x87,0xbf,
    0x7e,0x06,0x6a,0x8b,0x0a,0x00,0xa3,0xbf,0x04,0x02,0x00,0x7e,0x80,0x00,0x10,0xca,0x05,0x00,0x00,0x02,0x00,0x40,0x06,0xdd,
    0x02,0x00,0x00,0x00,0xf7,0x03,0x89,0xbf,0x00,0x00,0xb0,0xe0,0x00,0x00,0x00,0x00,0x00,0x00,0xac,0xe0,0x00,0x00,0x00,0x00,
    0x80,0x02,0x04,0x7e,0x00,0x00,0x6e,0xdc,0x02,0x00,0x02,0x00,0x00,0x00,0xb0,0xbf,0x00,0x00,0x89,0xbf,0xff,0x3e,0x12,0x36,
    0xff,0x03,0x00,0x00,0x7e,0x00,0x80,0xbe,0x01,0x00,0x87,0xbf,0x80,0x12,0x94,0x7d,0x8b,0x00,0xa5,0xbf,0x80,0x00,0x81,0xbe,
    0x7e,0x00,0x82,0xbe,0x84,0x10,0x82,0x7d,0x7e,0x02,0x02,0x8d,0x37,0x00,0xa5,0xbf,0x7e,0x00,0x83,0xbe,0x86,0x10,0x82,0x7d,
    0x7e,0x03,0x03,0x8d,0x17,0x00,0xa5,0xbf,0xc1,0x00,0x84,0xbe,0x7e,0x00,0x81,0xbe,0x87,0x10,0x82,0x7d,0x10,0x00,0xa5,0xbf,
    0x80,0x02,0x12,0x7e,0x80,0x02,0x14,0x7e,0x7e,0x00,0x84,0xbe,0x88,0x10,0x94,0x7d,0x08,0x00,0xa5,0xbf,0x00,0x00,0x7c,0xbc,
    0x00,0x40,0x0a,0xdd,0x00,0x04,0x7c,0x09,0xf7,0x03,0x89,0xbf,0x00,0x00,0xb0,0xe0,0x00,0x00,0x00,0x00,0x00,0x00,0xac,0xe0,
    0x00,0x00,0x00,0x00,0x7e,0x04,0x7e,0x8c,0x09,0x00,0x87,0xbf,0x7e,0xc1,0x04,0x8d,0x7e,0x01,0x7e,0x8c,0x09,0x00,0x87,0xbf,
    0x04,0x7e,0x01,0x8b,0x03,0x30,0x83,0xbe,0x17,0x00,0xa5,0xbf,0x7e,0x00,0x84,0xbe,0x85,0x10,0x82,0x7d,0x7e,0x04,0x04,0x8d,
    0x08,0x00,0xa5,0xbf,0x00,0x00,0x7c,0xbc,0x00,0x40,0x2e,0xdd,0x00,0x04,0x7c,0x09,0xf7,0x03,0x89,0xbf,0x00,0x00,0xb0,0xe0,
    0x00,0x00,0x00,0x00,0x00,0x00,0xac,0xe0,0x00,0x00,0x00,0x00,0x04,0x30,0x84,0xbe,0x08,0x00,0xa5,0xbf,0x00,0x00,0x7c,0xbc,
    0x00,0x40,0x2a,0xdd,0x00,0x04,0x7c,0x09,0xf7,0x03,0x89,0xbf,0x00,0x00,0xb0,0xe0,0x00,0x00,0x00,0x00,0x00,0x00,0xac,0xe0,
    0x00,0x00,0x00,0x00,0x7e,0x04,0x7e,0x8c,0x99,0x04,0x87,0xbf,0x7e,0x03,0x7e,0x8c,0x01,0x7e,0x01,0x8b,0x02,0x30,0x82,0xbe,
    0x3f,0x00,0xa5,0xbf,0x7e,0x00,0x83,0xbe,0x82,0x10,0x82,0x7d,0x7e,0x03,0x03,0x8d,0x17,0x00,0xa5,0xbf,0x7e,0x00,0x84,0xbe,
    0x83,0x10,0x82,0x7d,0x7e,0x04,0x04,0x8d,0x08,0x00,0xa5,0xbf,0x00,0x00,0x7c,0xbc,0x00,0x40,0x26,0xdd,0x00,0x04,0x7c,0x09,
    0xf7,0x03,0x89,0xbf,0x00,0x00,0xb0,0xe0,0x00,0x00,0x00,0x00,0x00,0x00,0xac,0xe0,0x00,0x00,0x00,0x00,0x04,0x30,0x84,0xbe,
    0x08,0x00,0xa5,0xbf,0x00,0x00,0x7c,0xbc,0x00,0x40,0x12,0xdd,0x00,0x04,0x7c,0x09,0xf7,0x03,0x89,0xbf,0x00,0x00,0xb0,0xe0,
    0x00,0x00,0x00,0x00,0x00,0x00,0xac,0xe0,0x00,0x00,0x00,0x00,0x7e,0x04,0x7e,0x8c,0x03,0x22,0x83,0xbe,0x01,0x00,0x84,0xbe,
    0x7e,0x03,0x7e,0x8d,0x1b,0x00,0xa5,0xbf,0x7e,0x00,0x84,0xbe,0x81,0x10,0x82,0x7d,0x7e,0x04,0x04,0x8d,0x08,0x00,0xa5,0xbf,
    0x00,0x00,0x7c,0xbc,0x00,0x40,0x0e,0xdd,0x00,0x04,0x7c,0x09,0xf7,0x03,0x89,0xbf,0x00,0x00,0xb0,0xe0,0x00,0x00,0x00,0x00,
    0x00,0x00,0xac,0xe0,0x00,0x00,0x00,0x00,0x04,0x22,0x84,0xbe,0x01,0x00,0x85,0xbe,0x7e,0x04,0x7e,0x8d,0x81,0x10,0x94,0x7c,
    0x80,0x02,0x12,0x7e,0x80,0x02,0x14,0x7e,0x01,0x7e,0x05,0x91,0x6a,0x7e,0x06,0x8b,0x09,0x00,0x87,0xbf,0x05,0x06,0x05,0x8c,
    0x7e,0x04,0x7e,0x8c,0xa9,0x04,0x87,0xbf,0x01,0x7e,0x04,0x91,0x05,0x7e,0x05,0x8b,0x04,0x05,0x04,0x8c,0x7e,0x03,0x7e,0x8c,
    0xa9,0x04,0x87,0xbf,0x01,0x7e,0x01,0x91,0x04,0x7e,0x03,0x8b,0x01,0x03,0x01,0x8c,0x7e,0x02,0x7e,0x8c,0x01,0x20,0x82,0xbe,
    0x08,0x00,0xa5,0xbf,0x00,0x00,0x7c,0xbc,0x00,0x40,0x06,0xdd,0x00,0x04,0x7c,0x09,0xf7,0x03,0x89,0xbf,0x00,0x00,0xb0,0xe0,
    0x00,0x00,0x00,0x00,0x00,0x00,0xac,0xe0,0x00,0x00,0x00,0x00,0x7e,0x02,0x7e,0x8c,0x00,0x00,0x6e,0xdc,0x02,0x09,0x7c,0x00,
    0x7e,0x00,0x7e,0x8c,0x1e,0x48,0x80,0xbe,0x00,0x00,0x9f,0xbf,0x00,0x00,0x9f,0xbf,0x00,0x00,0x9f,0xbf,0x00,0x00,0x9f,0xbf,
    0x00,0x00,0x9f,0xbf,0x00,0x00,0x9f,0xbf,0x00,0x00,0x9f,0xbf,0x00,0x00,0x9f,0xbf,0x00,0x00,0x9f,0xbf,0x00,0x00,0x9f,0xbf,
    0x00,0x00,0x9f,0xbf,0x00,0x00,0x9f,0xbf,0x00,0x00,0x9f,0xbf,0x00,0x00,0x9f,0xbf,0x00,0x00,0x9f,0xbf,0x00,0x00,0x9f,0xbf,
    0x00,0x00,0x9f,0xbf,0x00,0x00,0x9f,0xbf,0x00,0x00,0x9f,0xbf,0x00,0x00,0x9f,0xbf,0x00,0x00,0x9f,0xbf,0x00,0x00,0x9f,0xbf,
    0x00,0x00,0x9f,0xbf,0x00,0x00,0x9f,0xbf,0x00,0x00,0x9f,0xbf,0x00,0x00,0x9f,0xbf,0x00,0x00,0x9f,0xbf,0x00,0x00,0x9f,0xbf,
    0x00,0x00,0x9f,0xbf,0x00,0x00,0x9f,0xbf,0x00,0x00,0x9f,0xbf,0x00,0x00,0x9f,0xbf,0x00,0x00,0x9f,0xbf,0x00,0x00,0x9f,0xbf,
    0x00,0x00,0x9f,0xbf,0x00,0x00,0x9f,0xbf,0x00,0x00,0x9f,0xbf,0x00,0x00,0x9f,0xbf,0x00,0x00,0x9f,0xbf,0x00,0x00,0x9f,0xbf,
    0x00,0x00,0x9f,0xbf,0x00,0x00,0x9f,0xbf,0x00,0x00,0x9f,0xbf,0x00,0x00,0x9f,0xbf,0x00,0x00,0x9f,0xbf,0x00,0x00,0x9f,0xbf,
    0x00,0x00,0x9f,0xbf,0x00,0x00,0x9f,0xbf,0x00,0x00,0x9f,0xbf,0x00,0x00,0x9f,0xbf,0x00,0x00,0x9f,0xbf,0x00,0x00,0x9f,0xbf,
    0x00,0x00,0x9f,0xbf,0x00,0x00,0x9f,0xbf,0x00,0x00,0x9f,0xbf,0x00,0x00,0x9f,0xbf,0x00,0x00,0x9f,0xbf,0x00,0x00,0x9f,0xbf,
    0x00,0x00,0x9f,0xbf,0x00,0x00,0x9f,0xbf,0x00,0x00,0x9f,0xbf,0x00,0x00,0x9f,0xbf,0x00,0x00,0x9f,0xbf,0x00,0x00,0x9f,0xbf,
    0x00,0x00,0x9f,0xbf,0x00,0x00,0x9f,0xbf,0x00,0x00,0x9f,0xbf,0x00,0x00,0x9f,0xbf,0x00,0x00,0x9f,0xbf,0x00,0x00,0x9f,0xbf,
    0x00,0x00,0x9f,0xbf,0x00,0x00,0x9f,0xbf,0x00,0x00,0x9f,0xbf,0x00,0x00,0x9f,0xbf,0x00,0x00,0x9f,0xbf,0x00,0x00,0x9f,0xbf,
    0x00,0x00,0x9f,0xbf,0x00,0x00,0x9f,0xbf,0x00,0x00,0x9f,0xbf,0x00,0x00,0x9f,0xbf,0x00,0x00,0x9f,0xbf,0x00,0x00,0x9f,0xbf,
    0x00,0x00,0x9f,0xbf,0x00,0x00,0x9f,0xbf,0x00,0x00,0x9f,0xbf,0x00,0x00,0x9f,0xbf,0x00,0x00,0x9f,0xbf,0x00,0x00,0x9f,0xbf,
    0x00,0x00,0x9f,0xbf,0x00,0x00,0x9f,0xbf,0x00,0x00,0x9f,0xbf,0x00,0x00,0x9f,0xbf,0x00,0x00,0x9f,0xbf,0x00,0x00,0x9f,0xbf,
    0x00,0x00,0x9f,0xbf,0x00,0x00,0x9f,0xbf,0x00,0x00,0x9f,0xbf,0x00,0x00,0x9f,0xbf,0x00,0x00,0x9f,0xbf,0x00,0x00,0x9f,0xbf,
    0x00,0x00,0x9f,0xbf,0x00,0x00,0x9f,0xbf,0x00,0x00,0x9f,0xbf,0x00,0x00,0x9f,0xbf,0x00,0x00,0x9f,0xbf,0x00,0x00,0x9f,0xbf,
    0x00,0x00,0x9f,0xbf,0x00,0x00,0x9f,0xbf,0x00,0x00,0x9f,0xbf,0x00,0x00,0x9f,0xbf,0x00,0x00,0x9f,0xbf,0x00,0x00,0x9f,0xbf,
    0x00,0x00,0x9f,0xbf,0x00,0x00,0x9f,0xbf,0x00,0x00,0x9f,0xbf,0x00,0x00,0x9f,0xbf,0x00,0x00,0x9f,0xbf,0x00,0x00,0x9f,0xbf,
    0x06,0x00,0x00,0x00,0x00,0x00,0x00,0x00,0x30,0x05,0x00,0x00,0x00,0x00,0x00,0x00,0x0b,0x00,0x00,0x00,0x00,0x00,0x00,0x00,
    0x18,0x00,0x00,0x00,0x00,0x00,0x00,0x00,0x05,0x00,0x00,0x00,0x00,0x00,0x00,0x00,0xe0,0x05,0x00,0x00,0x00,0x00,0x00,0x00,
    0x0a,0x00,0x00,0x00,0x00,0x00,0x00,0x00,0x4c,0x00,0x00,0x00,0x00,0x00,0x00,0x00,0xf5,0xfe,0xff,0x6f,0x00,0x00,0x00,0x00,
    0x90,0x05,0x00,0x00,0x00,0x00,0x00,0x00,0x04,0x00,0x00,0x00,0x00,0x00,0x00,0x00,0xb8,0x05,0x00,0x00,0x00,0x00,0x00,0x00,
    0x00,0x00,0x00,0x00,0x00,0x00,0x00,0x00,0x00,0x00,0x00,0x00,0x00,0x00,0x00,0x00,0x48,0x6f,0x6d,0x65,0x62,0x72,0x65,0x77,
    0x20,0x63,0x6c,0x61,0x6e,0x67,0x20,0x76,0x65,0x72,0x73,0x69,0x6f,0x6e,0x20,0x32,0x31,0x2e,0x31,0x2e,0x38,0x00,0x00,0x4c,
    0x69,0x6e,0x6b,0x65,0x72,0x3a,0x20,0x48,0x6f,0x6d,0x65,0x62,0x72,0x65,0x77,0x20,0x4c,0x4c,0x44,0x20,0x32,0x31,0x2e,0x31,
    0x2e,0x38,0x00,0x00,0x00,0x00,0x00,0x00,0x00,0x00,0x00,0x00,0x00,0x00,0x00,0x00,0x00,0x00,0x00,0x00,0x00,0x00,0x00,0x00,
    0x00,0x00,0x00,0x00,0x00,0x00,0x00,0x00,0x01,0x00,0x00,0x00,0x00,0x00,0xf1,0xff,0x00,0x00,0x00,0x00,0x00,0x00,0x00,0x00,
    0x00,0x00,0x00,0x00,0x00,0x00,0x00,0x00,0x23,0x00,0x00,0x00,0x00,0x00,0xf1,0xff,0x00,0x00,0x00,0x00,0x00,0x00,0x00,0x00,
    0x00,0x00,0x00,0x00,0x00,0x00,0x00,0x00,0x3d,0x00,0x00,0x00,0x00,0x00,0xf1,0xff,0x07,0x00,0x00,0x00,0x00,0x00,0x00,0x00,
    0x00,0x00,0x00,0x00,0x00,0x00,0x00,0x00,0x57,0x00,0x00,0x00,0x00,0x00,0xf1,0xff,0x0d,0x00,0x00,0x00,0x00,0x00,0x00,0x00,
    0x00,0x00,0x00,0x00,0x00,0x00,0x00,0x00,0x76,0x00,0x00,0x00,0x00,0x00,0xf1,0xff,0x01,0x00,0x00,0x00,0x00,0x00,0x00,0x00,
    0x00,0x00,0x00,0x00,0x00,0x00,0x00,0x00,0x90,0x00,0x00,0x00,0x00,0x00,0xf1,0xff,0x00,0x00,0x00,0x00,0x00,0x00,0x00,0x00,
    0x00,0x00,0x00,0x00,0x00,0x00,0x00,0x00,0xb3,0x00,0x00,0x00,0x00,0x00,0xf1,0xff,0x00,0x00,0x00,0x00,0x00,0x00,0x00,0x00,
    0x00,0x00,0x00,0x00,0x00,0x00,0x00,0x00,0xd8,0x00,0x00,0x00,0x00,0x00,0xf1,0xff,0x00,0x00,0x00,0x00,0x00,0x00,0x00,0x00,
    0x00,0x00,0x00,0x00,0x00,0x00,0x00,0x00,0x42,0x01,0x00,0x00,0x00,0x02,0x08,0x00,0x00,0x2f,0x00,0x00,0x00,0x00,0x00,0x00,
    0x00,0x00,0x00,0x00,0x00,0x00,0x00,0x00,0xf7,0x00,0x00,0x00,0x12,0x03,0x07,0x00,0x00,0x17,0x00,0x00,0x00,0x00,0x00,0x00,
    0xd8,0x03,0x00,0x00,0x00,0x00,0x00,0x00,0x08,0x01,0x00,0x00,0x11,0x03,0x06,0x00,0x40,0x06,0x00,0x00,0x00,0x00,0x00,0x00,
    0x40,0x00,0x00,0x00,0x00,0x00,0x00,0x00,0x1c,0x01,0x00,0x00,0x12,0x03,0x07,0x00,0xd8,0x1a,0x00,0x00,0x00,0x00,0x00,0x00,
    0x50,0x02,0x00,0x00,0x00,0x00,0x00,0x00,0x00,0x2e,0x6e,0x6f,0x74,0x65,0x00,0x2e,0x64,0x79,0x6e,0x73,0x79,0x6d,0x00,0x2e,
    0x67,0x6e,0x75,0x2e,0x68,0x61,0x73,0x68,0x00,0x2e,0x68,0x61,0x73,0x68,0x00,0x2e,0x64,0x79,0x6e,0x73,0x74,0x72,0x00,0x2e,
    0x72,0x6f,0x64,0x61,0x74,0x61,0x00,0x2e,0x74,0x65,0x78,0x74,0x00,0x2e,0x64,0x79,0x6e,0x61,0x6d,0x69,0x63,0x00,0x2e,0x72,
    0x65,0x6c,0x72,0x6f,0x5f,0x70,0x61,0x64,0x64,0x69,0x6e,0x67,0x00,0x2e,0x41,0x4d,0x44,0x47,0x50,0x55,0x2e,0x67,0x70,0x72,
    0x5f,0x6d,0x61,0x78,0x69,0x6d,0x75,0x6d,0x73,0x00,0x2e,0x63,0x6f,0x6d,0x6d,0x65,0x6e,0x74,0x00,0x2e,0x73,0x79,0x6d,0x74,
    0x61,0x62,0x00,0x2e,0x73,0x68,0x73,0x74,0x72,0x74,0x61,0x62,0x00,0x2e,0x73,0x74,0x72,0x74,0x61,0x62,0x00,0x00,0x73,0x69,
    0x67,0x6e,0x61,0x6c,0x5f,0x6f,0x70,0x65,0x72,0x61,0x74,0x69,0x6f,0x6e,0x2e,0x70,0x72,0x69,0x76,0x61,0x74,0x65,0x5f,0x73,
    0x65,0x67,0x5f,0x73,0x69,0x7a,0x65,0x00,0x73,0x69,0x67,0x6e,0x61,0x6c,0x5f,0x6f,0x70,0x65,0x72,0x61,0x74,0x69,0x6f,0x6e,
    0x2e,0x6e,0x75,0x6d,0x5f,0x61,0x67,0x70,0x72,0x00,0x73,0x69,0x67,0x6e,0x61,0x6c,0x5f,0x6f,0x70,0x65,0x72,0x61,0x74,0x69,
    0x6f,0x6e,0x2e,0x6e,0x75,0x6d,0x5f,0x76,0x67,0x70,0x72,0x00,0x73,0x69,0x67,0x6e,0x61,0x6c,0x5f,0x6f,0x70,0x65,0x72,0x61,
    0x74,0x69,0x6f,0x6e,0x2e,0x6e,0x75,0x6d,0x62,0x65,0x72,0x65,0x64,0x5f,0x73,0x67,0x70,0x72,0x00,0x73,0x69,0x67,0x6e,0x61,
    0x6c,0x5f,0x6f,0x70,0x65,0x72,0x61,0x74,0x69,0x6f,0x6e,0x2e,0x75,0x73,0x65,0x73,0x5f,0x76,0x63,0x63,0x00,0x73,0x69,0x67,
    0x6e,0x61,0x6c,0x5f,0x6f,0x70,0x65,0x72,0x61,0x74,0x69,0x6f,0x6e,0x2e,0x75,0x73,0x65,0x73,0x5f,0x66,0x6c,0x61,0x74,0x5f,
    0x73,0x63,0x72,0x61,0x74,0x63,0x68,0x00,0x73,0x69,0x67,0x6e,0x61,0x6c,0x5f,0x6f,0x70,0x65,0x72,0x61,0x74,0x69,0x6f,0x6e,
    0x2e,0x68,0x61,0x73,0x5f,0x64,0x79,0x6e,0x5f,0x73,0x69,0x7a,0x65,0x64,0x5f,0x73,0x74,0x61,0x63,0x6b,0x00,0x73,0x69,0x67,
    0x6e,0x61,0x6c,0x5f,0x6f,0x70,0x65,0x72,0x61,0x74,0x69,0x6f,0x6e,0x2e,0x68,0x61,0x73,0x5f,0x72,0x65,0x63,0x75,0x72,0x73,
    0x69,0x6f,0x6e,0x00,0x73,0x69,0x67,0x6e,0x61,0x6c,0x5f,0x6f,0x70,0x65,0x72,0x61,0x74,0x69,0x6f,0x6e,0x00,0x73,0x69,0x67,
    0x6e,0x61,0x6c,0x5f,0x6f,0x70,0x65,0x72,0x61,0x74,0x69,0x6f,0x6e,0x2e,0x6b,0x64,0x00,0x5f,0x5f,0x63,0x6c,0x61,0x6e,0x67,
    0x5f,0x6f,0x63,0x6c,0x5f,0x6b,0x65,0x72,0x6e,0x5f,0x69,0x6d,0x70,0x5f,0x73,0x69,0x67,0x6e,0x61,0x6c,0x5f,0x6f,0x70,0x65,
    0x72,0x61,0x74,0x69,0x6f,0x6e,0x00,0x5f,0x44,0x59,0x4e,0x41,0x4d,0x49,0x43,0x00,0x00,0x00,0x00,0x00,0x00,0x00,0x00,0x00,
    0x00,0x00,0x00,0x00,0x00,0x00,0x00,0x00,0x00,0x00,0x00,0x00,0x00,0x00,0x00,0x00,0x00,0x00,0x00,0x00,0x00,0x00,0x00,0x00,
    0x00,0x00,0x00,0x00,0x00,0x00,0x00,0x00,0x00,0x00,0x00,0x00,0x00,0x00,0x00,0x00,0x00,0x00,0x00,0x00,0x00,0x00,0x00,0x00,
    0x00,0x00,0x00,0x00,0x00,0x00,0x00,0x00,0x01,0x00,0x00,0x00,0x07,0x00,0x00,0x00,0x02,0x00,0x00,0x00,0x00,0x00,0x00,0x00,
    0x00,0x02,0x00,0x00,0x00,0x00,0x00,0x00,0x00,0x02,0x00,0x00,0x00,0x00,0x00,0x00,0x30,0x03,0x00,0x00,0x00,0x00,0x00,0x00,
    0x00,0x00,0x00,0x00,0x00,0x00,0x00,0x00,0x04,0x00,0x00,0x00,0x00,0x00,0x00,0x00,0x00,0x00,0x00,0x00,0x00,0x00,0x00,0x00,
    0x07,0x00,0x00,0x00,0x0b,0x00,0x00,0x00,0x02,0x00,0x00,0x00,0x00,0x00,0x00,0x00,0x30,0x05,0x00,0x00,0x00,0x00,0x00,0x00,
    0x30,0x05,0x00,0x00,0x00,0x00,0x00,0x00,0x60,0x00,0x00,0x00,0x00,0x00,0x00,0x00,0x05,0x00,0x00,0x00,0x01,0x00,0x00,0x00,
    0x08,0x00,0x00,0x00,0x00,0x00,0x00,0x00,0x18,0x00,0x00,0x00,0x00,0x00,0x00,0x00,0x0f,0x00,0x00,0x00,0xf6,0xff,0xff,0x6f,
    0x02,0x00,0x00,0x00,0x00,0x00,0x00,0x00,0x90,0x05,0x00,0x00,0x00,0x00,0x00,0x00,0x90,0x05,0x00,0x00,0x00,0x00,0x00,0x00,
    0x28,0x00,0x00,0x00,0x00,0x00,0x00,0x00,0x02,0x00,0x00,0x00,0x00,0x00,0x00,0x00,0x08,0x00,0x00,0x00,0x00,0x00,0x00,0x00,
    0x00,0x00,0x00,0x00,0x00,0x00,0x00,0x00,0x19,0x00,0x00,0x00,0x05,0x00,0x00,0x00,0x02,0x00,0x00,0x00,0x00,0x00,0x00,0x00,
    0xb8,0x05,0x00,0x00,0x00,0x00,0x00,0x00,0xb8,0x05,0x00,0x00,0x00,0x00,0x00,0x00,0x28,0x00,0x00,0x00,0x00,0x00,0x00,0x00,
    0x02,0x00,0x00,0x00,0x00,0x00,0x00,0x00,0x04,0x00,0x00,0x00,0x00,0x00,0x00,0x00,0x04,0x00,0x00,0x00,0x00,0x00,0x00,0x00,
    0x1f,0x00,0x00,0x00,0x03,0x00,0x00,0x00,0x02,0x00,0x00,0x00,0x00,0x00,0x00,0x00,0xe0,0x05,0x00,0x00,0x00,0x00,0x00,0x00,
    0xe0,0x05,0x00,0x00,0x00,0x00,0x00,0x00,0x4c,0x00,0x00,0x00,0x00,0x00,0x00,0x00,0x00,0x00,0x00,0x00,0x00,0x00,0x00,0x00,
    0x01,0x00,0x00,0x00,0x00,0x00,0x00,0x00,0x00,0x00,0x00,0x00,0x00,0x00,0x00,0x00,0x27,0x00,0x00,0x00,0x01,0x00,0x00,0x00,
    0x02,0x00,0x00,0x00,0x00,0x00,0x00,0x00,0x40,0x06,0x00,0x00,0x00,0x00,0x00,0x00,0x40,0x06,0x00,0x00,0x00,0x00,0x00,0x00,
    0x40,0x00,0x00,0x00,0x00,0x00,0x00,0x00,0x00,0x00,0x00,0x00,0x00,0x00,0x00,0x00,0x40,0x00,0x00,0x00,0x00,0x00,0x00,0x00,
    0x00,0x00,0x00,0x00,0x00,0x00,0x00,0x00,0x2f,0x00,0x00,0x00,0x01,0x00,0x00,0x00,0x06,0x00,0x00,0x00,0x00,0x00,0x00,0x00,
    0x00,0x17,0x00,0x00,0x00,0x00,0x00,0x00,0x00,0x07,0x00,0x00,0x00,0x00,0x00,0x00,0x00,0x08,0x00,0x00,0x00,0x00,0x00,0x00,
    0x00,0x00,0x00,0x00,0x00,0x00,0x00,0x00,0x00,0x01,0x00,0x00,0x00,0x00,0x00,0x00,0x00,0x00,0x00,0x00,0x00,0x00,0x00,0x00,
    0x35,0x00,0x00,0x00,0x06,0x00,0x00,0x00,0x03,0x00,0x00,0x00,0x00,0x00,0x00,0x00,0x00,0x2f,0x00,0x00,0x00,0x00,0x00,0x00,
    0x00,0x0f,0x00,0x00,0x00,0x00,0x00,0x00,0x70,0x00,0x00,0x00,0x00,0x00,0x00,0x00,0x05,0x00,0x00,0x00,0x00,0x00,0x00,0x00,
    0x08,0x00,0x00,0x00,0x00,0x00,0x00,0x00,0x10,0x00,0x00,0x00,0x00,0x00,0x00,0x00,0x3e,0x00,0x00,0x00,0x08,0x00,0x00,0x00,
    0x03,0x00,0x00,0x00,0x00,0x00,0x00,0x00,0x70,0x2f,0x00,0x00,0x00,0x00,0x00,0x00,0x70,0x0f,0x00,0x00,0x00,0x00,0x00,0x00,
    0x90,0x00,0x00,0x00,0x00,0x00,0x00,0x00,0x00,0x00,0x00,0x00,0x00,0x00,0x00,0x00,0x01,0x00,0x00,0x00,0x00,0x00,0x00,0x00,
    0x00,0x00,0x00,0x00,0x00,0x00,0x00,0x00,0x4d,0x00,0x00,0x00,0x01,0x00,0x00,0x00,0x00,0x00,0x00,0x00,0x00,0x00,0x00,0x00,
    0x00,0x00,0x00,0x00,0x00,0x00,0x00,0x00,0x70,0x0f,0x00,0x00,0x00,0x00,0x00,0x00,0x00,0x00,0x00,0x00,0x00,0x00,0x00,0x00,
    0x00,0x00,0x00,0x00,0x00,0x00,0x00,0x00,0x01,0x00,0x00,0x00,0x00,0x00,0x00,0x00,0x00,0x00,0x00,0x00,0x00,0x00,0x00,0x00,
    0x62,0x00,0x00,0x00,0x01,0x00,0x00,0x00,0x30,0x00,0x00,0x00,0x00,0x00,0x00,0x00,0x00,0x00,0x00,0x00,0x00,0x00,0x00,0x00,
    0x70,0x0f,0x00,0x00,0x00,0x00,0x00,0x00,0x3b,0x00,0x00,0x00,0x00,0x00,0x00,0x00,0x00,0x00,0x00,0x00,0x00,0x00,0x00,0x00,
    0x01,0x00,0x00,0x00,0x00,0x00,0x00,0x00,0x01,0x00,0x00,0x00,0x00,0x00,0x00,0x00,0x6b,0x00,0x00,0x00,0x02,0x00,0x00,0x00,
    0x00,0x00,0x00,0x00,0x00,0x00,0x00,0x00,0x00,0x00,0x00,0x00,0x00,0x00,0x00,0x00,0xb0,0x0f,0x00,0x00,0x00,0x00,0x00,0x00,
    0x38,0x01,0x00,0x00,0x00,0x00,0x00,0x00,0x0e,0x00,0x00,0x00,0x0a,0x00,0x00,0x00,0x08,0x00,0x00,0x00,0x00,0x00,0x00,0x00,
    0x18,0x00,0x00,0x00,0x00,0x00,0x00,0x00,0x73,0x00,0x00,0x00,0x03,0x00,0x00,0x00,0x00,0x00,0x00,0x00,0x00,0x00,0x00,0x00,
    0x00,0x00,0x00,0x00,0x00,0x00,0x00,0x00,0xe8,0x10,0x00,0x00,0x00,0x00,0x00,0x00,0x85,0x00,0x00,0x00,0x00,0x00,0x00,0x00,
    0x00,0x00,0x00,0x00,0x00,0x00,0x00,0x00,0x01,0x00,0x00,0x00,0x00,0x00,0x00,0x00,0x00,0x00,0x00,0x00,0x00,0x00,0x00,0x00,
    0x7d,0x00,0x00,0x00,0x03,0x00,0x00,0x00,0x00,0x00,0x00,0x00,0x00,0x00,0x00,0x00,0x00,0x00,0x00,0x00,0x00,0x00,0x00,0x00,
    0x6d,0x11,0x00,0x00,0x00,0x00,0x00,0x00,0x4b,0x01,0x00,0x00,0x00,0x00,0x00,0x00,0x00,0x00,0x00,0x00,0x00,0x00,0x00,0x00,
    0x01,0x00,0x00,0x00,0x00,0x00,0x00,0x00,0x00,0x00,0x00,0x00,0x00,0x00,0x00,0x00,
};
// gfx11-generic signal_mailbox_service: e_flags=0x01000054, 7616 bytes
inline constexpr uint8_t signal_mailbox_service[] = {
    0x7f,0x45,0x4c,0x46,0x02,0x01,0x01,0x40,0x04,0x00,0x00,0x00,0x00,0x00,0x00,0x00,0x03,0x00,0xe0,0x00,0x01,0x00,0x00,0x00,
    0x00,0x00,0x00,0x00,0x00,0x00,0x00,0x00,0x40,0x00,0x00,0x00,0x00,0x00,0x00,0x00,0x00,0x1a,0x00,0x00,0x00,0x00,0x00,0x00,
    0x54,0x00,0x00,0x01,0x40,0x00,0x38,0x00,0x08,0x00,0x40,0x00,0x0f,0x00,0x0d,0x00,0x06,0x00,0x00,0x00,0x04,0x00,0x00,0x00,
    0x40,0x00,0x00,0x00,0x00,0x00,0x00,0x00,0x40,0x00,0x00,0x00,0x00,0x00,0x00,0x00,0x40,0x00,0x00,0x00,0x00,0x00,0x00,0x00,
    0xc0,0x01,0x00,0x00,0x00,0x00,0x00,0x00,0xc0,0x01,0x00,0x00,0x00,0x00,0x00,0x00,0x08,0x00,0x00,0x00,0x00,0x00,0x00,0x00,
    0x01,0x00,0x00,0x00,0x04,0x00,0x00,0x00,0x00,0x00,0x00,0x00,0x00,0x00,0x00,0x00,0x00,0x00,0x00,0x00,0x00,0x00,0x00,0x00,
    0x00,0x00,0x00,0x00,0x00,0x00,0x00,0x00,0x80,0x06,0x00,0x00,0x00,0x00,0x00,0x00,0x80,0x06,0x00,0x00,0x00,0x00,0x00,0x00,
    0x00,0x10,0x00,0x00,0x00,0x00,0x00,0x00,0x01,0x00,0x00,0x00,0x05,0x00,0x00,0x00,0x00,0x07,0x00,0x00,0x00,0x00,0x00,0x00,
    0x00,0x17,0x00,0x00,0x00,0x00,0x00,0x00,0x00,0x17,0x00,0x00,0x00,0x00,0x00,0x00,0x00,0x0f,0x00,0x00,0x00,0x00,0x00,0x00,
    0x00,0x0f,0x00,0x00,0x00,0x00,0x00,0x00,0x00,0x10,0x00,0x00,0x00,0x00,0x00,0x00,0x01,0x00,0x00,0x00,0x06,0x00,0x00,0x00,
    0x00,0x16,0x00,0x00,0x00,0x00,0x00,0x00,0x00,0x36,0x00,0x00,0x00,0x00,0x00,0x00,0x00,0x36,0x00,0x00,0x00,0x00,0x00,0x00,
    0x70,0x00,0x00,0x00,0x00,0x00,0x00,0x00,0x00,0x0a,0x00,0x00,0x00,0x00,0x00,0x00,0x00,0x10,0x00,0x00,0x00,0x00,0x00,0x00,
    0x02,0x00,0x00,0x00,0x06,0x00,0x00,0x00,0x00,0x16,0x00,0x00,0x00,0x00,0x00,0x00,0x00,0x36,0x00,0x00,0x00,0x00,0x00,0x00,
    0x00,0x36,0x00,0x00,0x00,0x00,0x00,0x00,0x70,0x00,0x00,0x00,0x00,0x00,0x00,0x00,0x70,0x00,0x00,0x00,0x00,0x00,0x00,0x00,
    0x08,0x00,0x00,0x00,0x00,0x00,0x00,0x00,0x52,0xe5,0x74,0x64,0x04,0x00,0x00,0x00,0x00,0x16,0x00,0x00,0x00,0x00,0x00,0x00,
    0x00,0x36,0x00,0x00,0x00,0x00,0x00,0x00,0x00,0x36,0x00,0x00,0x00,0x00,0x00,0x00,0x70,0x00,0x00,0x00,0x00,0x00,0x00,0x00,
    0x00,0x0a,0x00,0x00,0x00,0x00,0x00,0x00,0x01,0x00,0x00,0x00,0x00,0x00,0x00,0x00,0x51,0xe5,0x74,0x64,0x06,0x00,0x00,0x00,
    0x00,0x00,0x00,0x00,0x00,0x00,0x00,0x00,0x00,0x00,0x00,0x00,0x00,0x00,0x00,0x00,0x00,0x00,0x00,0x00,0x00,0x00,0x00,0x00,
    0x00,0x00,0x00,0x00,0x00,0x00,0x00,0x00,0x00,0x00,0x00,0x00,0x00,0x00,0x00,0x00,0x00,0x00,0x00,0x00,0x00,0x00,0x00,0x00,
    0x04,0x00,0x00,0x00,0x04,0x00,0x00,0x00,0x00,0x02,0x00,0x00,0x00,0x00,0x00,0x00,0x00,0x02,0x00,0x00,0x00,0x00,0x00,0x00,
    0x00,0x02,0x00,0x00,0x00,0x00,0x00,0x00,0x08,0x03,0x00,0x00,0x00,0x00,0x00,0x00,0x08,0x03,0x00,0x00,0x00,0x00,0x00,0x00,
    0x04,0x00,0x00,0x00,0x00,0x00,0x00,0x00,0x07,0x00,0x00,0x00,0xf3,0x02,0x00,0x00,0x20,0x00,0x00,0x00,0x41,0x4d,0x44,0x47,
    0x50,0x55,0x00,0x00,0x83,0xae,0x61,0x6d,0x64,0x68,0x73,0x61,0x2e,0x6b,0x65,0x72,0x6e,0x65,0x6c,0x73,0x91,0xde,0x00,0x12,
    0xa5,0x2e,0x61,0x72,0x67,0x73,0x94,0x85,0xae,0x2e,0x61,0x64,0x64,0x72,0x65,0x73,0x73,0x5f,0x73,0x70,0x61,0x63,0x65,0xa6,
    0x67,0x6c,0x6f,0x62,0x61,0x6c,0xa7,0x2e,0x6f,0x66,0x66,0x73,0x65,0x74,0x00,0xa5,0x2e,0x73,0x69,0x7a,0x65,0x08,0xaa,0x2e,
    0x74,0x79,0x70,0x65,0x5f,0x6e,0x61,0x6d,0x65,0xa6,0x75,0x6c,0x6f,0x6e,0x67,0x2a,0xab,0x2e,0x76,0x61,0x6c,0x75,0x65,0x5f,
    0x6b,0x69,0x6e,0x64,0xad,0x67,0x6c,0x6f,0x62,0x61,0x6c,0x5f,0x62,0x75,0x66,0x66,0x65,0x72,0x85,0xae,0x2e,0x61,0x64,0x64,
    0x72,0x65,0x73,0x73,0x5f,0x73,0x70,0x61,0x63,0x65,0xa6,0x67,0x6c,0x6f,0x62,0x61,0x6c,0xa7,0x2e,0x6f,0x66,0x66,0x73,0x65,
    0x74,0x08,0xa5,0x2e,0x73,0x69,0x7a,0x65,0x08,0xaa,0x2e,0x74,0x79,0x70,0x65,0x5f,0x6e,0x61,0x6d,0x65,0xa6,0x75,0x6c,0x6f,
    0x6e,0x67,0x2a,0xab,0x2e,0x76,0x61,0x6c,0x75,0x65,0x5f,0x6b,0x69,0x6e,0x64,0xad,0x67,0x6c,0x6f,0x62,0x61,0x6c,0x5f,0x62,
    0x75,0x66,0x66,0x65,0x72,0x84,0xa7,0x2e,0x6f,0x66,0x66,0x73,0x65,0x74,0x10,0xa5,0x2e,0x73,0x69,0x7a,0x65,0x08,0xaa,0x2e,
    0x74,0x79,0x70,0x65,0x5f,0x6e,0x61,0x6d,0x65,0xa5,0x75,0x6c,0x6f,0x6e,0x67,0xab,0x2e,0x76,0x61,0x6c,0x75,0x65,0x5f,0x6b,
    0x69,0x6e,0x64,0xa8,0x62,0x79,0x5f,0x76,0x61,0x6c,0x75,0x65,0x84,0xa7,0x2e,0x6f,0x66,0x66,0x73,0x65,0x74,0x18,0xa5,0x2e,
    0x73,0x69,0x7a,0x65,0x08,0xaa,0x2e,0x74,0x79,0x70,0x65,0x5f,0x6e,0x61,0x6d,0x65,0xa5,0x75,0x6c,0x6f,0x6e,0x67,0xab,0x2e,
    0x76,0x61,0x6c,0x75,0x65,0x5f,0x6b,0x69,0x6e,0x64,0xa8,0x62,0x79,0x5f,0x76,0x61,0x6c,0x75,0x65,0xb9,0x2e,0x67,0x72,0x6f,
    0x75,0x70,0x5f,0x73,0x65,0x67,0x6d,0x65,0x6e,0x74,0x5f,0x66,0x69,0x78,0x65,0x64,0x5f,0x73,0x69,0x7a,0x65,0x00,0xb6,0x2e,
    0x6b,0x65,0x72,0x6e,0x61,0x72,0x67,0x5f,0x73,0x65,0x67,0x6d,0x65,0x6e,0x74,0x5f,0x61,0x6c,0x69,0x67,0x6e,0x08,0xb5,0x2e,
    0x6b,0x65,0x72,0x6e,0x61,0x72,0x67,0x5f,0x73,0x65,0x67,0x6d,0x65,0x6e,0x74,0x5f,0x73,0x69,0x7a,0x65,0x20,0xa9,0x2e,0x6c,
    0x61,0x6e,0x67,0x75,0x61,0x67,0x65,0xa8,0x4f,0x70,0x65,0x6e,0x43,0x4c,0x20,0x43,0xb1,0x2e,0x6c,0x61,0x6e,0x67,0x75,0x61,
    0x67,0x65,0x5f,0x76,0x65,0x72,0x73,0x69,0x6f,0x6e,0x92,0x02,0x00,0xb8,0x2e,0x6d,0x61,0x78,0x5f,0x66,0x6c,0x61,0x74,0x5f,
    0x77,0x6f,0x72,0x6b,0x67,0x72,0x6f,0x75,0x70,0x5f,0x73,0x69,0x7a,0x65,0x20,0xa5,0x2e,0x6e,0x61,0x6d,0x65,0xb6,0x73,0x69,
    0x67,0x6e,0x61,0x6c,0x5f,0x6d,0x61,0x69,0x6c,0x62,0x6f,0x78,0x5f,0x73,0x65,0x72,0x76,0x69,0x63,0x65,0xbb,0x2e,0x70,0x72,
    0x69,0x76,0x61,0x74,0x65,0x5f,0x73,0x65,0x67,0x6d,0x65,0x6e,0x74,0x5f,0x66,0x69,0x78,0x65,0x64,0x5f,0x73,0x69,0x7a,0x65,
    0x00,0xb4,0x2e,0x72,0x65,0x71,0x64,0x5f,0x77,0x6f,0x72,0x6b,0x67,0x72,0x6f,0x75,0x70,0x5f,0x73,0x69,0x7a,0x65,0x93,0x20,
    0x01,0x01,0xab,0x2e,0x73,0x67,0x70,0x72,0x5f,0x63,0x6f,0x75,0x6e,0x74,0x1a,0xb1,0x2e,0x73,0x67,0x70,0x72,0x5f,0x73,0x70,
    0x69,0x6c,0x6c,0x5f,0x63,0x6f,0x75,0x6e,0x74,0x00,0xa7,0x2e,0x73,0x79,0x6d,0x62,0x6f,0x6c,0xb9,0x73,0x69,0x67,0x6e,0x61,
    0x6c,0x5f,0x6d,0x61,0x69,0x6c,0x62,0x6f,0x78,0x5f,0x73,0x65,0x72,0x76,0x69,0x63,0x65,0x2e,0x6b,0x64,0xb3,0x2e,0x75,0x73,
    0x65,0x73,0x5f,0x64,0x79,0x6e,0x61,0x6d,0x69,0x63,0x5f,0x73,0x74,0x61,0x63,0x6b,0xc2,0xab,0x2e,0x76,0x67,0x70,0x72,0x5f,
    0x63,0x6f,0x75,0x6e,0x74,0x10,0xb1,0x2e,0x76,0x67,0x70,0x72,0x5f,0x73,0x70,0x69,0x6c,0x6c,0x5f,0x63,0x6f,0x75,0x6e,0x74,
    0x00,0xaf,0x2e,0x77,0x61,0x76,0x65,0x66,0x72,0x6f,0x6e,0x74,0x5f,0x73,0x69,0x7a,0x65,0x20,0xb9,0x2e,0x77,0x6f,0x72,0x6b,
    0x67,0x72,0x6f,0x75,0x70,0x5f,0x70,0x72,0x6f,0x63,0x65,0x73,0x73,0x6f,0x72,0x5f,0x6d,0x6f,0x64,0x65,0x01,0xad,0x61,0x6d,
    0x64,0x68,0x73,0x61,0x2e,0x74,0x61,0x72,0x67,0x65,0x74,0xd9,0x20,0x61,0x6d,0x64,0x67,0x63,0x6e,0x2d,0x61,0x6d,0x64,0x2d,
    0x61,0x6d,0x64,0x68,0x73,0x61,0x2d,0x2d,0x67,0x66,0x78,0x31,0x31,0x2d,0x67,0x65,0x6e,0x65,0x72,0x69,0x63,0xae,0x61,0x6d,
    0x64,0x68,0x73,0x61,0x2e,0x76,0x65,0x72,0x73,0x69,0x6f,0x6e,0x92,0x01,0x02,0x00,0x00,0x00,0x00,0x00,0x00,0x00,0x00,0x00,
    0x00,0x00,0x00,0x00,0x00,0x00,0x00,0x00,0x00,0x00,0x00,0x00,0x00,0x00,0x00,0x00,0x01,0x00,0x00,0x00,0x12,0x03,0x07,0x00,
    0x00,0x17,0x00,0x00,0x00,0x00,0x00,0x00,0xc0,0x06,0x00,0x00,0x00,0x00,0x00,0x00,0x18,0x00,0x00,0x00,0x11,0x03,0x06,0x00,
    0x40,0x06,0x00,0x00,0x00,0x00,0x00,0x00,0x40,0x00,0x00,0x00,0x00,0x00,0x00,0x00,0x32,0x00,0x00,0x00,0x12,0x03,0x07,0x00,
    0xc0,0x1d,0x00,0x00,0x00,0x00,0x00,0x00,0x9c,0x06,0x00,0x00,0x00,0x00,0x00,0x00,0x01,0x00,0x00,0x00,0x01,0x00,0x00,0x00,
    0x01,0x00,0x00,0x00,0x1a,0x00,0x00,0x00,0x80,0x00,0x02,0x08,0x00,0x18,0x00,0x40,0x01,0x00,0x00,0x00,0xbe,0x02,0xfc,0xae,
    0xda,0xc3,0xfd,0x1e,0x11,0x45,0x69,0xb1,0x04,0x00,0x00,0x00,0x04,0x00,0x00,0x00,0x02,0x00,0x00,0x00,0x03,0x00,0x00,0x00,
    0x00,0x00,0x00,0x00,0x00,0x00,0x00,0x00,0x00,0x00,0x00,0x00,0x00,0x00,0x00,0x00,0x00,0x00,0x00,0x00,0x01,0x00,0x00,0x00,
    0x00,0x73,0x69,0x67,0x6e,0x61,0x6c,0x5f,0x6d,0x61,0x69,0x6c,0x62,0x6f,0x78,0x5f,0x73,0x65,0x72,0x76,0x69,0x63,0x65,0x00,
    0x73,0x69,0x67,0x6e,0x61,0x6c,0x5f,0x6d,0x61,0x69,0x6c,0x62,0x6f,0x78,0x5f,0x73,0x65,0x72,0x76,0x69,0x63,0x65,0x2e,0x6b,
    0x64,0x00,0x5f,0x5f,0x63,0x6c,0x61,0x6e,0x67,0x5f,0x6f,0x63,0x6c,0x5f,0x6b,0x65,0x72,0x6e,0x5f,0x69,0x6d,0x70,0x5f,0x73,
    0x69,0x67,0x6e,0x61,0x6c,0x5f,0x6d,0x61,0x69,0x6c,0x62,0x6f,0x78,0x5f,0x73,0x65,0x72,0x76,0x69,0x63,0x65,0x00,0x00,0x00,
    0x00,0x00,0x00,0x00,0x00,0x00,0x00,0x00,0x00,0x00,0x00,0x00,0x00,0x00,0x00,0x00,0x00,0x00,0x00,0x00,0x00,0x00,0x00,0x00,
    0x00,0x00,0x00,0x00,0x00,0x00,0x00,0x00,0x00,0x00,0x00,0x00,0x00,0x00,0x00,0x00,0x00,0x00,0x00,0x00,0x00,0x00,0x00,0x00,
    0x20,0x00,0x00,0x00,0x00,0x00,0x00,0x00,0xc0,0x10,0x00,0x00,0x00,0x00,0x00,0x00,0x00,0x00,0x00,0x00,0x00,0x00,0x00,0x00,
    0x00,0x00,0x00,0x00,0x00,0x00,0x00,0x00,0x00,0x00,0x00,0x00,0xe0,0x00,0x00,0x00,0xc1,0x00,0xaf,0xe0,0x9e,0x00,0x00,0x00,
    0x08,0x04,0x00,0x00,0x00,0x00,0x00,0x00,0x00,0x00,0x00,0x00,0x00,0x00,0x00,0x00,0x00,0x00,0x00,0x00,0x00,0x00,0x00,0x00,
    0x00,0x00,0x00,0x00,0x00,0x00,0x00,0x00,0x00,0x00,0x00,0x00,0x00,0x00,0x00,0x00,0x00,0x00,0x00,0x00,0x00,0x00,0x00,0x00,
    0x00,0x00,0x00,0x00,0x00,0x00,0x00,0x00,0x00,0x00,0x00,0x00,0x00,0x00,0x00,0x00,0x00,0x00,0x00,0x00,0x00,0x00,0x00,0x00,
    0x00,0x00,0x00,0x00,0x00,0x00,0x00,0x00,0x00,0x00,0x00,0x00,0x00,0x00,0x00,0x00,0x00,0x00,0x00,0x00,0x00,0x00,0x00,0x00,
    0x00,0x00,0x00,0x00,0x00,0x00,0x00,0x00,0x00,0x00,0x00,0x00,0x00,0x00,0x00,0x00,0x00,0x00,0x00,0x00,0x00,0x00,0x00,0x00,
    0x00,0x00,0x00,0x00,0x00,0x00,0x00,0x00,0x00,0x00,0x00,0x00,0x00,0x00,0x00,0x00,0x7e,0x00,0x82,0xbe,0x80,0x00,0x94,0x7d,
    0xac,0x01,0xa5,0xbf,0x00,0x01,0x0c,0xf4,0x00,0x00,0x00,0xf8,0x81,0x02,0x00,0x7e,0x80,0x00,0x10,0xca,0x80,0x00,0x00,0x0c,
    0xc0,0xff,0x0c,0xb0,0x81,0x01,0x82,0xbe,0xc1,0x00,0x8d,0xbe,0x07,0xfc,0x89,0xbf,0x00,0x00,0x5c,0xd4,0x0a,0x02,0x01,0x00,
    0x04,0xff,0x0e,0x80,0x00,0x10,0x00,0x00,0x05,0x80,0x0f,0x82,0x00,0x01,0x6e,0xdc,0x0c,0x00,0x04,0x00,0x00,0x7e,0x00,0x8b,
    0x0b,0x80,0x0b,0x98,0x0a,0x81,0x0a,0x98,0x06,0x88,0x12,0x80,0x07,0x80,0x13,0x82,0x04,0xff,0x06,0x80,0x00,0x04,0x00,0x00,
    0x05,0x80,0x07,0x82,0x05,0x00,0xa0,0xbf,0x14,0x80,0x06,0xbf,0xc1,0x00,0x80,0xbe,0x68,0x01,0xa2,0xbf,0x7e,0x00,0x6a,0x91,
    0x7a,0x01,0xa3,0xbf,0x0a,0x01,0x90,0xbe,0x08,0x00,0xa0,0xbf,0x10,0xc1,0x10,0x80,0x11,0xc1,0x11,0x82,0x88,0x00,0x94,0xbe,
    0x10,0x80,0x10,0xbf,0xc1,0x80,0x01,0x98,0x80,0x00,0x95,0xbe,0x7e,0x01,0x6a,0x8b,0x18,0x00,0xa4,0xbf,0x00,0x40,0x56,0xdc,
    0x0c,0x00,0x04,0x00,0xf7,0x03,0x89,0xbf,0x00,0x00,0xb0,0xe0,0x00,0x00,0x00,0x00,0x00,0x00,0xac,0xe0,0x00,0x00,0x00,0x00,
    0x80,0x41,0x56,0xdc,0x0c,0x00,0x04,0x02,0xf7,0x03,0x89,0xbf,0x00,0x00,0xb0,0xe0,0x00,0x00,0x00,0x00,0x00,0x00,0xac,0xe0,
    0x00,0x00,0x00,0x00,0xc1,0x00,0x95,0xbe,0xc1,0x00,0x81,0xbe,0x02,0x00,0xb4,0x7c,0x00,0x00,0x5a,0xd4,0x80,0x04,0x02,0x00,
    0xea,0xff,0xa4,0xbf,0x7e,0x00,0x6a,0x8b,0xe2,0xff,0xa4,0xbf,0x87,0x00,0x94,0xbe,0xe5,0xff,0xa0,0xbf,0x7e,0x15,0x6a,0x8b,
    0xd7,0xff,0xa3,0xbf,0x7e,0x00,0x6a,0x91,0x87,0x00,0x94,0xbe,0xd4,0xff,0xa4,0xbf,0x00,0x43,0x56,0xdc,0x0c,0x00,0x04,0x00,
    0x89,0x00,0x94,0xbe,0xf7,0x03,0x89,0xbf,0x08,0x00,0xb6,0x7c,0xce,0xff,0xa4,0xbf,0x80,0x42,0x56,0xdc,0x0c,0x00,0x04,0x04,
    0xf7,0x03,0x89,0xbf,0x02,0x6a,0x00,0xd7,0xff,0x08,0x02,0x00,0xbf,0xff,0xff,0xff,0x91,0x00,0x87,0xbf,0x03,0x7c,0x20,0xd5,
    0xc1,0x0a,0xaa,0x01,0x0c,0x04,0xb8,0x7c,0xc3,0xff,0xa4,0xbf,0x00,0x00,0x3c,0xd7,0x86,0x00,0x02,0x00,0x0e,0x01,0x80,0xbe,
    0x06,0x01,0x90,0xbe,0x91,0x00,0x87,0xbf,0x06,0x6a,0x00,0xd7,0x12,0x00,0x02,0x00,0x07,0x7c,0x20,0xd5,0x13,0x02,0xaa,0x01,
    0x01,0x00,0xa0,0xbf,0x2c,0x01,0xa0,0xbf,0x02,0x00,0x85,0xbf,0x00,0x40,0x56,0xdc,0x0c,0x00,0x10,0x08,0x08,0x40,0x56,0xdc,
    0x0c,0x00,0x10,0x00,0x10,0x40,0x56,0xdc,0x0c,0x00,0x10,0x02,0xf7,0x0b,0x89,0xbf,0x85,0x10,0xa8,0x7c,0x24,0x00,0xa4,0xbf,
    0x86,0x10,0xa2,0x7c,0x26,0x00,0xa3,0xbf,0x87,0x10,0xa2,0x7c,0xc1,0x00,0x94,0xbe,0x80,0x00,0x96,0xbe,0x80,0x00,0x95,0xbe,
    0x24,0x00,0xa3,0xbf,0x88,0x10,0xa2,0x7c,0x0d,0x01,0xa3,0xbf,0x89,0x10,0xb4,0x7c,0x80,0x00,0x94,0xbe,0x08,0x00,0xa3,0xbf,
    0x00,0x40,0x56,0xdc,0x06,0x00,0x7c,0x0a,0xf7,0x03,0x89,0xbf,0x00,0x00,0xb0,0xe0,0x00,0x00,0x00,0x00,0x00,0x00,0xac,0xe0,
    0x00,0x00,0x00,0x00,0xc1,0x00,0x95,0xbe,0x7e,0x14,0x6a,0x8b,0x0a,0x00,0xa3,0xbf,0xf7,0x03,0x89,0xbf,0x00,0x00,0x7c,0xbc,
    0x00,0x40,0x0a,0xdd,0x06,0x00,0x7c,0x0a,0xf7,0x03,0x89,0xbf,0x00,0x00,0xb0,0xe0,0x00,0x00,0x00,0x00,0x00,0x00,0xac,0xe0,
    0x00,0x00,0x00,0x00,0xc1,0x00,0x95,0xbe,0x80,0x00,0x94,0xbe,0x7e,0x16,0x6a,0x8b,0x0a,0x00,0xa4,0xbf,0x4e,0x00,0xa0,0xbf,
    0x80,0x00,0x95,0xbe,0x80,0x00,0x94,0xbe,0x4c,0x00,0xa6,0xbf,0xc8,0x00,0xa0,0xbf,0xc1,0x00,0x96,0xbe,0x80,0x00,0x95,0xbe,
    0x80,0x00,0x94,0xbe,0x7e,0x16,0x6a,0x8b,0x45,0x00,0xa3,0xbf,0x85,0x10,0xa2,0x7c,0xc1,0x00,0x95,0xbe,0x25,0x00,0xa3,0xbf,
    0x7e,0x00,0x96,0xbe,0x7e,0x00,0x95,0xbe,0x0a,0x00,0x1f,0xd7,0x16,0x00,0x01,0x00,0x01,0x00,0x87,0xbf,0x80,0x14,0x94,0x7d,
    0x10,0x00,0xa5,0xbf,0x16,0x18,0x96,0xbe,0x09,0x00,0x87,0xbf,0x16,0x81,0x16,0x8b,0xf7,0x03,0x89,0xbf,0x03,0x00,0x2c,0xd7,
    0x01,0x2d,0x00,0x00,0x02,0x00,0x2c,0xd7,0x00,0x2d,0x00,0x00,0x00,0x00,0x7c,0xbc,0x00,0x40,0x2e,0xdd,0x06,0x02,0x7c,0x02,
    0xf7,0x03,0x89,0xbf,0x00,0x00,0xb0,0xe0,0x00,0x00,0x00,0x00,0x00,0x00,0xac,0xe0,0x00,0x00,0x00,0x00,0x7e,0x15,0x7e,0x8c,
    0x81,0x14,0x14,0x36,0xf7,0x03,0x89,0xbf,0x03,0x05,0x2a,0x7e,0x02,0x05,0x2c,0x7e,0x23,0x01,0x87,0xbf,0x0b,0x00,0x2c,0xd7,
    0x01,0x15,0x02,0x00,0x0a,0x00,0x2c,0xd7,0x00,0x15,0x02,0x00,0x15,0x16,0x16,0x3a,0x02,0x00,0x87,0xbf,0x16,0x14,0x14,0x3a,
    0x80,0x00,0x95,0xbe,0x09,0x00,0x87,0xbf,0x7e,0x15,0x6a,0x8b,0x19,0x00,0xa3,0xbf,0xf7,0x03,0x89,0xbf,0x02,0x00,0x1f,0xd7,
    0x7e,0x00,0x01,0x00,0x01,0x00,0x87,0xbf,0x80,0x04,0x94,0x7c,0x6a,0x20,0x95,0xbe,0x08,0x00,0xa5,0xbf,0x00,0x00,0x7c,0xbc,
    0x00,0x40,0x2a,0xdd,0x06,0x00,0x7c,0x02,0xf7,0x03,0x89,0xbf,0x00,0x00,0xb0,0xe0,0x00,0x00,0x00,0x00,0x00,0x00,0xac,0xe0,
    0x00,0x00,0x00,0x00,0x7e,0x15,0x7e,0x8c,0x03,0x05,0x2a,0x7e,0x02,0x05,0x2c,0x7e,0x02,0x00,0x01,0xd5,0x01,0x01,0xa9,0x01,
    0x03,0x00,0x01,0xd5,0x00,0x01,0xa9,0x01,0x12,0x01,0x87,0xbf,0x15,0x04,0x16,0x38,0x16,0x06,0x14,0x38,0xc1,0x00,0x95,0xbe,
    0x7d,0x00,0xa0,0xbf,0x82,0x10,0xa2,0x7c,0xc1,0x00,0x96,0xbe,0x4b,0x00,0xa3,0xbf,0x83,0x10,0xa2,0x7c,0xc1,0x00,0x95,0xbe,
    0x1a,0x00,0xa3,0xbf,0xf7,0x03,0x89,0xbf,0x02,0x00,0x1f,0xd7,0x7e,0x00,0x01,0x00,0x01,0x00,0x87,0xbf,0x80,0x04,0x94,0x7c,
    0x6a,0x20,0x95,0xbe,0x08,0x00,0xa5,0xbf,0x00,0x00,0x7c,0xbc,0x00,0x40,0x26,0xdd,0x06,0x00,0x7c,0x02,0xf7,0x03,0x89,0xbf,
    0x00,0x00,0xb0,0xe0,0x00,0x00,0x00,0x00,0x00,0x00,0xac,0xe0,0x00,0x00,0x00,0x00,0x7e,0x15,0x7e,0x8c,0x03,0x05,0x2a,0x7e,
    0x02,0x05,0x2c,0x7e,0x02,0x00,0x01,0xd5,0x01,0x83,0xa9,0x01,0x03,0x00,0x01,0xd5,0x00,0x83,0xa9,0x01,0x12,0x01,0x87,0xbf,
    0x15,0x04,0x16,0x36,0x16,0x06,0x14,0x36,0x80,0x00,0x95,0xbe,0x09,0x00,0x87,0xbf,0x7e,0x15,0x6a,0x8b,0x29,0x00,0xa3,0xbf,
    0x7e,0x00,0x96,0xbe,0x7e,0x00,0x95,0xbe,0x0a,0x00,0x1f,0xd7,0x16,0x00,0x01,0x00,0x01,0x00,0x87,0xbf,0x80,0x14,0x94,0x7d,
    0x12,0x00,0xa5,0xbf,0x16,0x18,0x96,0xbe,0xf7,0x03,0x89,0xbf,0x03,0x00,0x2c,0xd7,0x01,0x2d,0x00,0x00,0x0b,0x00,0x2d,0xd7,
    0x00,0x2d,0x00,0x00,0x02,0x00,0x2c,0xd7,0x00,0x2d,0x00,0x00,0x02,0x00,0x87,0xbf,0x0b,0x07,0x06,0x4a,0x00,0x00,0x7c,0xbc,
    0x00,0x40,0x12,0xdd,0x06,0x02,0x7c,0x02,0xf7,0x03,0x89,0xbf,0x00,0x00,0xb0,0xe0,0x00,0x00,0x00,0x00,0x00,0x00,0xac,0xe0,
    0x00,0x00,0x00,0x00,0x7e,0x15,0x7e,0x8c,0xf7,0x07,0x89,0xbf,0x0d,0x7c,0xfe,0xd6,0x00,0x15,0x02,0x02,0xf7,0x03,0x89,0xbf,
    0x02,0x05,0x2a,0x7e,0x03,0x05,0x2c,0x7e,0x93,0x00,0x87,0xbf,0x0e,0x03,0x16,0x7e,0x0e,0x7c,0xfe,0xd6,0x01,0x15,0x2e,0x04,
    0x94,0x00,0x87,0xbf,0x0a,0x6a,0x01,0xd7,0x15,0x1a,0x02,0x00,0x0b,0x7c,0x21,0xd5,0x16,0x1c,0xaa,0x01,0x80,0x00,0x96,0xbe,
    0xc1,0x00,0x95,0xbe,0x7e,0x16,0x6a,0x91,0x2d,0x00,0xa4,0xbf,0x81,0x10,0xa2,0x7c,0xc1,0x00,0x96,0xbe,0x26,0x00,0xa3,0xbf,
    0x7e,0x00,0x96,0xbe,0x7e,0x00,0x95,0xbe,0x0d,0x00,0x1f,0xd7,0x16,0x00,0x01,0x00,0x01,0x00,0x87,0xbf,0x80,0x1a,0x94,0x7d,
    0x12,0x00,0xa5,0xbf,0x16,0x18,0x96,0xbe,0xf7,0x03,0x89,0xbf,0x03,0x00,0x2c,0xd7,0x01,0x2d,0x00,0x00,0x0a,0x00,0x2d,0xd7,
    0x00,0x2d,0x00,0x00,0x02,0x00,0x2c,0xd7,0x00,0x2d,0x00,0x00,0x02,0x00,0x87,0xbf,0x0a,0x07,0x06,0x4a,0x00,0x00,0x7c,0xbc,
    0x00,0x40,0x0e,0xdd,0x06,0x02,0x7c,0x02,0xf7,0x03,0x89,0xbf,0x00,0x00,0xb0,0xe0,0x00,0x00,0x00,0x00,0x00,0x00,0xac,0xe0,
    0x00,0x00,0x00,0x00,0x7e,0x15,0x7e,0x8c,0xf7,0x03,0x89,0xbf,0x03,0x05,0x2e,0x7e,0x02,0x05,0x2c,0x7e,0xc1,0x00,0x95,0xbe,
    0x0a,0x7c,0xfe,0xd6,0x00,0x1b,0x5a,0x00,0x80,0x00,0x96,0xbe,0x0b,0x03,0x04,0x7e,0x91,0x00,0x87,0xbf,0x0e,0x7c,0xfe,0xd6,
    0x01,0x1b,0x0a,0x04,0x0e,0x03,0x16,0x7e,0x7e,0x16,0x6a,0x8b,0x02,0x00,0xa3,0xbf,0x14,0x00,0x5a,0xd4,0x81,0x10,0x02,0x00,
    0x01,0x00,0x87,0xbf,0x7e,0x14,0x6a,0x8b,0x0a,0x00,0xa3,0xbf,0xf7,0x03,0x89,0xbf,0x00,0x00,0x7c,0xbc,0x00,0x40,0x06,0xdd,
    0x06,0x00,0x7c,0x0a,0xf7,0x03,0x89,0xbf,0x00,0x00,0xb0,0xe0,0x00,0x00,0x00,0x00,0x00,0x00,0xac,0xe0,0x00,0x00,0x00,0x00,
    0xc1,0x00,0x95,0xbe,0x09,0x00,0x87,0xbf,0x7e,0x15,0x6a,0x91,0x05,0x00,0xa4,0xbf,0x80,0x00,0x94,0xbe,0x00,0x00,0x6e,0xdc,
    0x0c,0x0a,0x00,0x00,0xf1,0xfe,0xa5,0xbf,0x02,0x00,0xa0,0xbf,0x89,0x00,0x94,0xbe,0xee,0xfe,0xa0,0xbf,0x04,0x6a,0x00,0xd7,
    0x04,0x83,0x01,0x00,0x01,0x00,0x87,0xbf,0x05,0x7c,0x20,0xd5,0xc1,0x0a,0xaa,0x01,0x10,0x98,0x10,0x80,0x11,0x80,0x11,0x82,
    0x00,0x88,0x00,0x80,0x15,0x00,0x5a,0xd4,0x80,0x08,0x02,0x00,0x01,0x80,0x01,0x82,0x8a,0x00,0x94,0xbe,0x7e,0x15,0x6a,0x91,
    0xe1,0xfe,0xa4,0xbf,0x0c,0x00,0xa0,0xbf,0x7e,0x14,0x6a,0x8b,0xfe,0xfe,0xa4,0xbf,0x07,0xff,0xa0,0xbf,0x02,0x81,0x02,0x80,
    0x03,0x80,0x03,0x82,0x82,0x00,0x94,0xbe,0x02,0x80,0x10,0xbf,0xc1,0x80,0x00,0x98,0x09,0x00,0x87,0xbf,0x7e,0x00,0x6a,0x91,
    0x92,0xfe,0xa4,0xbf,0x0b,0x00,0xa0,0xbf,0x14,0x8a,0x07,0xbf,0x8a,0xfe,0xa2,0xbf,0xf7,0x07,0x89,0xbf,0x02,0x00,0x10,0xca,
    0x03,0x00,0x00,0x00,0x80,0x00,0x94,0xbe,0xf7,0x03,0x89,0xbf,0x00,0x00,0x7c,0xbc,0x80,0x00,0x6e,0xdc,0x0c,0x00,0x04,0x00,
    0x81,0xfe,0xa0,0xbf,0x14,0x88,0x02,0xbf,0xc1,0x00,0x80,0xbe,0x01,0x00,0xa1,0xbf,0x80,0x00,0x80,0xbe,0x09,0x00,0x87,0xbf,
    0x7e,0x00,0x6a,0x91,0x83,0x01,0x80,0xbe,0x04,0x00,0xa4,0xbf,0x14,0x88,0x07,0xbf,0x81,0x01,0x80,0xbe,0x01,0x00,0xa2,0xbf,
    0x82,0x01,0x80,0xbe,0xf7,0x07,0x89,0xbf,0x00,0x02,0x00,0x7e,0xf7,0x03,0x89,0xbf,0x80,0x00,0x10,0xca,0x01,0x00,0x00,0x02,
    0x00,0x00,0x7c,0xbc,0x00,0x02,0x6e,0xdc,0x02,0x00,0x04,0x00,0x00,0x00,0xb0,0xbf,0x00,0x00,0x89,0xbf,0xff,0x3e,0x10,0x36,
    0xff,0x03,0x00,0x00,0x80,0x00,0x86,0xbe,0x7e,0x00,0x81,0xbe,0x01,0x00,0x87,0xbf,0x80,0x10,0x94,0x7d,0x9d,0x01,0xa5,0xbf,
    0x81,0x0c,0xb2,0x7c,0x81,0x02,0x10,0x7e,0x80,0x02,0x12,0x7e,0x0a,0x00,0x00,0xd7,0xff,0x00,0x02,0x00,0x00,0x10,0x00,0x00,
    0xb1,0x00,0x87,0xbf,0x0b,0x7c,0x20,0xd5,0x80,0x02,0x02,0x00,0x80,0x0e,0x52,0xca,0x81,0x0c,0x0c,0x0d,0x1a,0x6a,0x00,0xd7,
    0x02,0x11,0x01,0x00,0x1b,0x7c,0x20,0xd5,0x80,0x06,0xaa,0x01,0x02,0x6a,0x00,0xd7,0xff,0x00,0x02,0x00,0x00,0x04,0x00,0x00,
    0x01,0x00,0x87,0xbf,0x03,0x7c,0x20,0xd5,0x80,0x02,0xaa,0x01,0xbf,0xff,0x04,0xb0,0x81,0x01,0x82,0xbe,0xc1,0x00,0x85,0xbe,
    0x00,0x00,0x7c,0xbc,0x00,0x01,0x6e,0xdc,0x00,0x08,0x7c,0x00,0x07,0x00,0xa0,0xbf,0x7e,0x00,0x7e,0x8c,0x99,0x04,0x87,0xbf,
    0x7e,0x07,0x00,0x8b,0x00,0x06,0x06,0x8c,0x09,0x00,0x87,0xbf,0x7e,0x06,0x7e,0x91,0x64,0x01,0xa5,0xbf,0x0c,0x01,0x10,0xca,
    0x0d,0x01,0x06,0x06,0x80,0x00,0x87,0xbe,0x01,0x00,0x84,0xbf,0x12,0x00,0xa0,0xbf,0x7e,0x0d,0x7e,0x8c,0x09,0x00,0x87,0xbf,
    0x0b,0x7e,0x0b,0x91,0x00,0x7e,0x00,0x8b,0x0a,0x7e,0x0a,0x91,0x0b,0x00,0x0b,0x8c,0x7e,0x0c,0x7e,0x8c,0x99,0x04,0x87,0xbf,
    0x7e,0x0b,0x00,0x8b,0x00,0x07,0x07,0x8c,0x08,0x7e,0x00,0x91,0x0a,0x7e,0x08,0x8b,0x09,0x7e,0x09,0x91,0x6a,0x7e,0x0c,0x8b,
    0x00,0x08,0x08,0x8c,0x09,0x0c,0x09,0x8c,0x7e,0x07,0x7e,0x91,0x23,0x00,0xa5,0xbf,0x00,0x40,0x56,0xdc,0x00,0x00,0x7c,0x08,
    0xf7,0x03,0x89,0xbf,0x00,0x00,0xb0,0xe0,0x00,0x00,0x00,0x00,0x00,0x00,0xac,0xe0,0x00,0x00,0x00,0x00,0x80,0x41,0x56,0xdc,
    0x00,0x00,0x7c,0x0e,0xf7,0x03,0x89,0xbf,0x00,0x00,0xb0,0xe0,0x00,0x00,0x00,0x00,0x00,0x00,0xac,0xe0,0x00,0x00,0x00,0x00,
    0x0a,0x7e,0x0a,0x8c,0x0b,0x7e,0x0b,0x8c,0x00,0x00,0x5d,0xd4,0x02,0x10,0x02,0x00,0x80,0x1c,0xb4,0x7c,0x00,0x20,0x8c,0xbe,
    0xdf,0xff,0xa5,0xbf,0x87,0x02,0x10,0x7e,0xc1,0x00,0x80,0xbe,0x6a,0x20,0x8d,0xbe,0xd5,0xff,0xa5,0xbf,0x06,0x00,0x00,0xd7,
    0x06,0x83,0x01,0x00,0x21,0x01,0x87,0xbf,0x07,0x7c,0x20,0xd5,0xc1,0x0e,0x02,0x00,0x88,0x02,0x10,0x7e,0x00,0x00,0x5a,0xd4,
    0x80,0x0c,0x02,0x00,0x00,0x7e,0x00,0x92,0xcb,0xff,0xa0,0xbf,0x02,0x00,0x84,0xbf,0x7e,0x07,0x7e,0x8c,0x08,0x20,0x80,0xbe,
    0x09,0x00,0x87,0xbf,0x7e,0x00,0x07,0x8d,0x16,0x01,0xa5,0xbf,0x87,0x02,0x10,0x7e,0x09,0x20,0x88,0xbe,0x11,0x01,0xa5,0xbf,
    0x00,0x43,0x56,0xdc,0x00,0x00,0x7c,0x06,0x89,0x02,0x10,0x7e,0x7e,0x00,0x89,0xbe,0xf7,0x03,0x89,0xbf,0x7e,0x00,0xd9,0xd4,
    0x06,0x09,0x02,0x00,0x07,0x01,0xa5,0xbf,0x80,0x42,0x56,0xdc,0x00,0x00,0x7c,0x0e,0xf7,0x03,0x89,0xbf,0x08,0x6a,0x00,0xd7,
    0xff,0x1c,0x02,0x00,0xbf,0xff,0xff,0xff,0x91,0x00,0x87,0xbf,0x09,0x7c,0x20,0xd5,0xc1,0x1e,0xaa,0x01,0x04,0x10,0xb2,0x7c,
    0x89,0x02,0x10,0x7e,0x6a,0x20,0x8a,0xbe,0xf8,0x00,0xa5,0xbf,0x06,0x00,0x3c,0xd7,0x86,0x0c,0x02,0x00,0x03,0x01,0x10,0xca,
    0x02,0x01,0x10,0x11,0x0b,0x01,0x10,0xca,0x0a,0x01,0x14,0x15,0x80,0x00,0x8b,0xbe,0x93,0x00,0x87,0xbf,0x12,0x6a,0x00,0xd7,
    0x1a,0x0d,0x02,0x00,0x13,0x7c,0x20,0xd5,0x1b,0x0f,0xaa,0x01,0x07,0x00,0xa0,0xbf,0x7e,0x0c,0x7e,0x8c,0x99,0x04,0x87,0xbf,
    0x7e,0x00,0x00,0x8b,0x00,0x0b,0x0b,0x8c,0x09,0x00,0x87,0xbf,0x7e,0x0b,0x7e,0x91,0xd8,0x00,0xa5,0xbf,0x02,0x00,0x85,0xbf,
    0x00,0x40,0x56,0xdc,0x10,0x00,0x7c,0x18,0x08,0x40,0x56,0xdc,0x10,0x00,0x7c,0x06,0x10,0x40,0x56,0xdc,0x10,0x00,0x7c,0x08,
    0x80,0x00,0x8d,0xbe,0x80,0x00,0x80,0xbe,0x7e,0x00,0x8c,0xbe,0xf7,0x0b,0x89,0xbf,0x84,0x30,0xa2,0x7d,0x7e,0x0c,0x0c,0x8d,
    0x50,0x00,0xa5,0xbf,0x80,0x00,0x8e,0xbe,0x7e,0x00,0x80,0xbe,0x86,0x30,0xa2,0x7d,0x7e,0x00,0x00,0x8d,0x2a,0x00,0xa5,0xbf,
    0xc1,0x00,0x8f,0xbe,0x7e,0x00,0x8d,0xbe,0x87,0x30,0xa2,0x7d,0x22,0x00,0xa5,0xbf,0x7e,0x00,0x8f,0xbe,0x88,0x30,0xa2,0x7d,
    0x7e,0x0f,0x0f,0x8d,0x0e,0x00,0xa5,0xbf,0x7e,0x00,0x90,0xbe,0x89,0x30,0xb4,0x7d,0x08,0x00,0xa5,0xbf,0x00,0x40,0x56,0xdc,
    0x12,0x00,0x7c,0x16,0xf7,0x03,0x89,0xbf,0x00,0x00,0xb0,0xe0,0x00,0x00,0x00,0x00,0x00,0x00,0xac,0xe0,0x00,0x00,0x00,0x00,
    0x7e,0x00,0x8e,0xbe,0x7e,0x10,0x7e,0x8c,0x09,0x00,0x87,0xbf,0x0e,0x7e,0x0e,0x8b,0x0f,0x30,0x8f,0xbe,0x0a,0x00,0xa5,0xbf,
    0xf7,0x03,0x89,0xbf,0x00,0x00,0x7c,0xbc,0x00,0x40,0x0a,0xdd,0x12,0x06,0x7c,0x16,0xf7,0x03,0x89,0xbf,0x00,0x00,0xb0,0xe0,
    0x00,0x00,0x00,0x00,0x00,0x00,0xac,0xe0,0x00,0x00,0x00,0x00,0x0e,0x7e,0x0e,0x8c,0x7e,0x0f,0x7e,0x8c,0x09,0x00,0x87,0xbf,
    0x0e,0x7e,0x0e,0x8b,0x7e,0xc1,0x0f,0x8d,0x7e,0x0d,0x7e,0x8c,0x09,0x00,0x87,0xbf,0x0e,0x7e,0x0e,0x8b,0x0f,0x7e,0x0d,0x8b,
    0x00,0x30,0x80,0xbe,0x1b,0x00,0xa5,0xbf,0x7e,0x00,0x8f,0xbe,0x85,0x30,0xa2,0x7d,0x7e,0x0f,0x0f,0x8d,0x09,0x00,0xa5,0xbf,
    0xf7,0x03,0x89,0xbf,0x00,0x00,0x7c,0xbc,0x00,0x40,0x2e,0xdd,0x12,0x06,0x7c,0x16,0xf7,0x03,0x89,0xbf,0x00,0x00,0xb0,0xe0,
    0x00,0x00,0x00,0x00,0x00,0x00,0xac,0xe0,0x00,0x00,0x00,0x00,0x0f,0x30,0x8f,0xbe,0x09,0x00,0xa5,0xbf,0xf7,0x03,0x89,0xbf,
    0x00,0x00,0x7c,0xbc,0x00,0x40,0x2a,0xdd,0x12,0x06,0x7c,0x16,0xf7,0x03,0x89,0xbf,0x00,0x00,0xb0,0xe0,0x00,0x00,0x00,0x00,
    0x00,0x00,0xac,0xe0,0x00,0x00,0x00,0x00,0x7e,0x0f,0x7e,0x8c,0x09,0x00,0x87,0xbf,0x0e,0x7e,0x0e,0x8c,0x7e,0x00,0x7e,0x8c,
    0x09,0x00,0x87,0xbf,0x0e,0x7e,0x00,0x8b,0x0d,0x7e,0x0d,0x8b,0x0c,0x30,0x8c,0xbe,0x4b,0x00,0xa5,0xbf,0x00,0x00,0x8e,0xbe,
    0x7e,0x00,0x8f,0xbe,0x82,0x30,0xa2,0x7d,0x7e,0x0f,0x0f,0x8d,0x1b,0x00,0xa5,0xbf,0x7e,0x00,0x8e,0xbe,0x83,0x30,0xa2,0x7d,
    0x7e,0x0e,0x0e,0x8d,0x09,0x00,0xa5,0xbf,0xf7,0x03,0x89,0xbf,0x00,0x00,0x7c,0xbc,0x00,0x40,0x26,0xdd,0x12,0x06,0x7c,0x16,
    0xf7,0x03,0x89,0xbf,0x00,0x00,0xb0,0xe0,0x00,0x00,0x00,0x00,0x00,0x00,0xac,0xe0,0x00,0x00,0x00,0x00,0x0e,0x30,0x8e,0xbe,
    0x09,0x00,0xa5,0xbf,0xf7,0x03,0x89,0xbf,0x00,0x00,0x7c,0xbc,0x00,0x40,0x12,0xdd,0x12,0x06,0x7c,0x16,0xf7,0x03,0x89,0xbf,
    0x00,0x00,0xb0,0xe0,0x00,0x00,0x00,0x00,0x00,0x00,0xac,0xe0,0x00,0x00,0x00,0x00,0x7e,0x0e,0x7e,0x8c,0x09,0x00,0x87,0xbf,
    0x00,0x7e,0x0e,0x8c,0x0f,0x22,0x8f,0xbe,0x0d,0x00,0x90,0xbe,0x7e,0x0f,0x7e,0x8d,0x1f,0x00,0xa5,0xbf,0x0e,0x00,0x90,0xbe,
    0x7e,0x00,0x91,0xbe,0x81,0x30,0xa2,0x7d,0x7e,0x11,0x11,0x8d,0x0a,0x00,0xa5,0xbf,0xf7,0x03,0x89,0xbf,0x00,0x00,0x7c,0xbc,
    0x00,0x40,0x0e,0xdd,0x12,0x06,0x7c,0x16,0xf7,0x03,0x89,0xbf,0x00,0x00,0xb0,0xe0,0x00,0x00,0x00,0x00,0x00,0x00,0xac,0xe0,
    0x00,0x00,0x00,0x00,0x0e,0x7e,0x10,0x8c,0x11,0x22,0x91,0xbe,0x0d,0x00,0x92,0xbe,0x7e,0x11,0x7e,0x8d,0x81,0x30,0xb4,0x7c,
    0x0d,0x7e,0x12,0x91,0x6a,0x7e,0x13,0x8b,0x09,0x00,0x87,0xbf,0x12,0x13,0x12,0x8c,0x7e,0x11,0x7e,0x8c,0x09,0x00,0x87,0xbf,
    0x0e,0x7e,0x0e,0x91,0x10,0x7e,0x10,0x8b,0x0d,0x7e,0x11,0x91,0x12,0x7e,0x12,0x8b,0x0e,0x10,0x0e,0x8c,0x11,0x12,0x10,0x8c,
    0x7e,0x0f,0x7e,0x8c,0x09,0x00,0x87,0xbf,0x00,0x7e,0x00,0x91,0x0e,0x7e,0x0e,0x8b,0x0d,0x7e,0x0d,0x91,0x10,0x7e,0x0f,0x8b,
    0x00,0x0e,0x00,0x8c,0x0d,0x0f,0x0d,0x8c,0x7e,0x0c,0x7e,0x8c,0x0d,0x20,0x8c,0xbe,0x0a,0x00,0xa5,0xbf,0xf7,0x03,0x89,0xbf,
    0x00,0x00,0x7c,0xbc,0x00,0x40,0x06,0xdd,0x12,0x06,0x7c,0x16,0xf7,0x03,0x89,0xbf,0x00,0x00,0xb0,0xe0,0x00,0x00,0x00,0x00,
    0x00,0x00,0xac,0xe0,0x00,0x00,0x00,0x00,0x00,0x7e,0x00,0x8c,0x7e,0x0c,0x7e,0x8c,0xf7,0x03,0x89,0xbf,0x89,0x02,0x10,0x7e,
    0x80,0x00,0x8d,0xbe,0x00,0x20,0x8c,0xbe,0x04,0x00,0xa5,0xbf,0x80,0x02,0x10,0x7e,0x7e,0x00,0x8d,0xbe,0x00,0x00,0x6e,0xdc,
    0x14,0x16,0x7c,0x00,0x7e,0x0c,0x7e,0x8c,0xc1,0x00,0x80,0xbe,0x0d,0x20,0x8c,0xbe,0x33,0xff,0xa5,0xbf,0x0e,0x6a,0x00,0xd7,
    0x0e,0x83,0x01,0x00,0xa1,0x00,0x87,0xbf,0x0f,0x7c,0x20,0xd5,0xc1,0x1e,0xaa,0x01,0x14,0x6a,0x00,0xd7,0x14,0x11,0x01,0x00,
    0x15,0x7c,0x20,0xd5,0x80,0x2a,0xaa,0x01,0xa3,0x00,0x87,0xbf,0x80,0x1c,0xb4,0x7c,0x10,0x00,0x00,0xd7,0x10,0x31,0x01,0x00,
    0x11,0x7c,0x20,0xd5,0x80,0x22,0x02,0x00,0x8a,0x02,0x10,0x7e,0x6a,0x7e,0x00,0x92,0x21,0xff,0xa0,0xbf,0x7e,0x0b,0x7e,0x8c,
    0x09,0x00,0x87,0xbf,0x7e,0x00,0x80,0xbe,0x8a,0x10,0x94,0x7d,0x06,0x00,0xa5,0xbf,0x03,0x00,0x10,0xca,0x02,0x00,0x06,0x07,
    0x80,0x02,0x10,0x7e,0x00,0x00,0x7c,0xbc,0x80,0x00,0x6e,0xdc,0x00,0x06,0x7c,0x00,0x7e,0x00,0x7e,0x8c,0x09,0x00,0x87,0xbf,
    0x7e,0x0a,0x7e,0x8c,0x09,0x00,0x87,0xbf,0x7e,0x09,0x7e,0x8c,0x09,0x00,0x87,0xbf,0x7e,0x08,0x7e,0x8c,0x09,0x00,0x87,0xbf,
    0x7e,0x07,0x7e,0x8c,0xc1,0x00,0x87,0xbe,0x7e,0x00,0x80,0xbe,0x80,0x10,0x94,0x7d,0x9d,0xfe,0xa5,0xbf,0x02,0x81,0x02,0x80,
    0x03,0x80,0x03,0x82,0x82,0x02,0x10,0x7e,0x02,0x80,0x10,0xbf,0xc1,0x80,0x07,0x98,0x09,0x00,0x87,0xbf,0x07,0x7e,0x07,0x92,
    0x95,0xfe,0xa0,0xbf,0x7e,0x06,0x7e,0x8c,0xb9,0x04,0x87,0xbf,0x7e,0x00,0x80,0xbe,0x88,0x10,0x82,0x7d,0x7e,0x00,0x00,0x8d,
    0x00,0x22,0x80,0xbe,0x83,0x02,0x04,0x7e,0x80,0x02,0x06,0x7e,0x7e,0x00,0x7e,0x8d,0x07,0x00,0xa5,0xbf,0x81,0x02,0x04,0x7e,
    0x80,0x02,0x06,0x7e,0x7e,0x00,0x82,0xbe,0x88,0x10,0x94,0x7d,0x82,0x02,0x04,0x7e,0x80,0x02,0x06,0x7e,0x7e,0x02,0x7e,0x8c,
    0x09,0x00,0x87,0xbf,0x7e,0x00,0x7e,0x8c,0x00,0x00,0x7c,0xbc,0x00,0x02,0x6e,0xdc,0x00,0x02,0x7c,0x00,0x7e,0x01,0x7e,0x8c,
    0x1e,0x48,0x80,0xbe,0x00,0x00,0x9f,0xbf,0x00,0x00,0x9f,0xbf,0x00,0x00,0x9f,0xbf,0x00,0x00,0x9f,0xbf,0x00,0x00,0x9f,0xbf,
    0x00,0x00,0x9f,0xbf,0x00,0x00,0x9f,0xbf,0x00,0x00,0x9f,0xbf,0x00,0x00,0x9f,0xbf,0x00,0x00,0x9f,0xbf,0x00,0x00,0x9f,0xbf,
    0x00,0x00,0x9f,0xbf,0x00,0x00,0x9f,0xbf,0x00,0x00,0x9f,0xbf,0x00,0x00,0x9f,0xbf,0x00,0x00,0x9f,0xbf,0x00,0x00,0x9f,0xbf,
    0x00,0x00,0x9f,0xbf,0x00,0x00,0x9f,0xbf,0x00,0x00,0x9f,0xbf,0x00,0x00,0x9f,0xbf,0x00,0x00,0x9f,0xbf,0x00,0x00,0x9f,0xbf,
    0x00,0x00,0x9f,0xbf,0x00,0x00,0x9f,0xbf,0x00,0x00,0x9f,0xbf,0x00,0x00,0x9f,0xbf,0x00,0x00,0x9f,0xbf,0x00,0x00,0x9f,0xbf,
    0x00,0x00,0x9f,0xbf,0x00,0x00,0x9f,0xbf,0x00,0x00,0x9f,0xbf,0x00,0x00,0x9f,0xbf,0x00,0x00,0x9f,0xbf,0x00,0x00,0x9f,0xbf,
    0x00,0x00,0x9f,0xbf,0x00,0x00,0x9f,0xbf,0x00,0x00,0x9f,0xbf,0x00,0x00,0x9f,0xbf,0x00,0x00,0x9f,0xbf,0x00,0x00,0x9f,0xbf,
    0x00,0x00,0x9f,0xbf,0x00,0x00,0x9f,0xbf,0x00,0x00,0x9f,0xbf,0x00,0x00,0x9f,0xbf,0x00,0x00,0x9f,0xbf,0x00,0x00,0x9f,0xbf,
    0x00,0x00,0x9f,0xbf,0x00,0x00,0x9f,0xbf,0x00,0x00,0x9f,0xbf,0x00,0x00,0x9f,0xbf,0x00,0x00,0x9f,0xbf,0x00,0x00,0x9f,0xbf,
    0x00,0x00,0x9f,0xbf,0x00,0x00,0x9f,0xbf,0x00,0x00,0x9f,0xbf,0x00,0x00,0x9f,0xbf,0x00,0x00,0x9f,0xbf,0x00,0x00,0x9f,0xbf,
    0x00,0x00,0x9f,0xbf,0x00,0x00,0x9f,0xbf,0x00,0x00,0x9f,0xbf,0x00,0x00,0x9f,0xbf,0x00,0x00,0x9f,0xbf,0x00,0x00,0x9f,0xbf,
    0x00,0x00,0x9f,0xbf,0x00,0x00,0x9f,0xbf,0x00,0x00,0x9f,0xbf,0x00,0x00,0x9f,0xbf,0x00,0x00,0x9f,0xbf,0x00,0x00,0x9f,0xbf,
    0x00,0x00,0x9f,0xbf,0x00,0x00,0x9f,0xbf,0x00,0x00,0x9f,0xbf,0x00,0x00,0x9f,0xbf,0x00,0x00,0x9f,0xbf,0x00,0x00,0x9f,0xbf,
    0x00,0x00,0x9f,0xbf,0x00,0x00,0x9f,0xbf,0x00,0x00,0x9f,0xbf,0x00,0x00,0x9f,0xbf,0x00,0x00,0x9f,0xbf,0x00,0x00,0x9f,0xbf,
    0x00,0x00,0x9f,0xbf,0x00,0x00,0x9f,0xbf,0x00,0x00,0x9f,0xbf,0x00,0x00,0x9f,0xbf,0x00,0x00,0x9f,0xbf,0x00,0x00,0x9f,0xbf,
    0x00,0x00,0x9f,0xbf,0x00,0x00,0x9f,0xbf,0x00,0x00,0x9f,0xbf,0x00,0x00,0x9f,0xbf,0x00,0x00,0x9f,0xbf,0x00,0x00,0x9f,0xbf,
    0x00,0x00,0x9f,0xbf,0x00,0x00,0x9f,0xbf,0x00,0x00,0x9f,0xbf,0x00,0x00,0x9f,0xbf,0x00,0x00,0x9f,0xbf,0x00,0x00,0x9f,0xbf,
    0x00,0x00,0x9f,0xbf,0x00,0x00,0x9f,0xbf,0x00,0x00,0x9f,0xbf,0x00,0x00,0x9f,0xbf,0x06,0x00,0x00,0x00,0x00,0x00,0x00,0x00,
    0x08,0x05,0x00,0x00,0x00,0x00,0x00,0x00,0x0b,0x00,0x00,0x00,0x00,0x00,0x00,0x00,0x18,0x00,0x00,0x00,0x00,0x00,0x00,0x00,
    0x05,0x00,0x00,0x00,0x00,0x00,0x00,0x00,0xb8,0x05,0x00,0x00,0x00,0x00,0x00,0x00,0x0a,0x00,0x00,0x00,0x00,0x00,0x00,0x00,
    0x5e,0x00,0x00,0x00,0x00,0x00,0x00,0x00,0xf5,0xfe,0xff,0x6f,0x00,0x00,0x00,0x00,0x68,0x05,0x00,0x00,0x00,0x00,0x00,0x00,
    0x04,0x00,0x00,0x00,0x00,0x00,0x00,0x00,0x90,0x05,0x00,0x00,0x00,0x00,0x00,0x00,0x00,0x00,0x00,0x00,0x00,0x00,0x00,0x00,
    0x00,0x00,0x00,0x00,0x00,0x00,0x00,0x00,0x48,0x6f,0x6d,0x65,0x62,0x72,0x65,0x77,0x20,0x63,0x6c,0x61,0x6e,0x67,0x20,0x76,
    0x65,0x72,0x73,0x69,0x6f,0x6e,0x20,0x32,0x31,0x2e,0x31,0x2e,0x38,0x00,0x00,0x4c,0x69,0x6e,0x6b,0x65,0x72,0x3a,0x20,0x48,
    0x6f,0x6d,0x65,0x62,0x72,0x65,0x77,0x20,0x4c,0x4c,0x44,0x20,0x32,0x31,0x2e,0x31,0x2e,0x38,0x00,0x00,0x00,0x00,0x00,0x00,
    0x00,0x00,0x00,0x00,0x00,0x00,0x00,0x00,0x00,0x00,0x00,0x00,0x00,0x00,0x00,0x00,0x00,0x00,0x00,0x00,0x00,0x00,0x00,0x00,
    0x01,0x00,0x00,0x00,0x00,0x00,0xf1,0xff,0x00,0x00,0x00,0x00,0x00,0x00,0x00,0x00,0x00,0x00,0x00,0x00,0x00,0x00,0x00,0x00,
    0x29,0x00,0x00,0x00,0x00,0x00,0xf1,0xff,0x00,0x00,0x00,0x00,0x00,0x00,0x00,0x00,0x00,0x00,0x00,0x00,0x00,0x00,0x00,0x00,
    0x49,0x00,0x00,0x00,0x00,0x00,0xf1,0xff,0x10,0x00,0x00,0x00,0x00,0x00,0x00,0x00,0x00,0x00,0x00,0x00,0x00,0x00,0x00,0x00,
    0x69,0x00,0x00,0x00,0x00,0x00,0xf1,0xff,0x18,0x00,0x00,0x00,0x00,0x00,0x00,0x00,0x00,0x00,0x00,0x00,0x00,0x00,0x00,0x00,
    0x8e,0x00,0x00,0x00,0x00,0x00,0xf1,0xff,0x01,0x00,0x00,0x00,0x00,0x00,0x00,0x00,0x00,0x00,0x00,0x00,0x00,0x00,0x00,0x00,
    0xae,0x00,0x00,0x00,0x00,0x00,0xf1,0xff,0x00,0x00,0x00,0x00,0x00,0x00,0x00,0x00,0x00,0x00,0x00,0x00,0x00,0x00,0x00,0x00,
    0xd7,0x00,0x00,0x00,0x00,0x00,0xf1,0xff,0x00,0x00,0x00,0x00,0x00,0x00,0x00,0x00,0x00,0x00,0x00,0x00,0x00,0x00,0x00,0x00,
    0x02,0x01,0x00,0x00,0x00,0x00,0xf1,0xff,0x00,0x00,0x00,0x00,0x00,0x00,0x00,0x00,0x00,0x00,0x00,0x00,0x00,0x00,0x00,0x00,
    0x84,0x01,0x00,0x00,0x00,0x02,0x08,0x00,0x00,0x36,0x00,0x00,0x00,0x00,0x00,0x00,0x00,0x00,0x00,0x00,0x00,0x00,0x00,0x00,
    0x27,0x01,0x00,0x00,0x12,0x03,0x07,0x00,0x00,0x17,0x00,0x00,0x00,0x00,0x00,0x00,0xc0,0x06,0x00,0x00,0x00,0x00,0x00,0x00,
    0x3e,0x01,0x00,0x00,0x11,0x03,0x06,0x00,0x40,0x06,0x00,0x00,0x00,0x00,0x00,0x00,0x40,0x00,0x00,0x00,0x00,0x00,0x00,0x00,
    0x58,0x01,0x00,0x00,0x12,0x03,0x07,0x00,0xc0,0x1d,0x00,0x00,0x00,0x00,0x00,0x00,0x9c,0x06,0x00,0x00,0x00,0x00,0x00,0x00,
    0x00,0x2e,0x6e,0x6f,0x74,0x65,0x00,0x2e,0x64,0x79,0x6e,0x73,0x79,0x6d,0x00,0x2e,0x67,0x6e,0x75,0x2e,0x68,0x61,0x73,0x68,
    0x00,0x2e,0x68,0x61,0x73,0x68,0x00,0x2e,0x64,0x79,0x6e,0x73,0x74,0x72,0x00,0x2e,0x72,0x6f,0x64,0x61,0x74,0x61,0x00,0x2e,
    0x74,0x65,0x78,0x74,0x00,0x2e,0x64,0x79,0x6e,0x61,0x6d,0x69,0x63,0x00,0x2e,0x72,0x65,0x6c,0x72,0x6f,0x5f,0x70,0x61,0x64,
    0x64,0x69,0x6e,0x67,0x00,0x2e,0x41,0x4d,0x44,0x47,0x50,0x55,0x2e,0x67,0x70,0x72,0x5f,0x6d,0x61,0x78,0x69,0x6d,0x75,0x6d,
    0x73,0x00,0x2e,0x63,0x6f,0x6d,0x6d,0x65,0x6e,0x74,0x00,0x2e,0x73,0x79,0x6d,0x74,0x61,0x62,0x00,0x2e,0x73,0x68,0x73,0x74,
    0x72,0x74,0x61,0x62,0x00,0x2e,0x73,0x74,0x72,0x74,0x61,0x62,0x00,0x00,0x73,0x69,0x67,0x6e,0x61,0x6c,0x5f,0x6d,0x61,0x69,
    0x6c,0x62,0x6f,0x78,0x5f,0x73,0x65,0x72,0x76,0x69,0x63,0x65,0x2e,0x70,0x72,0x69,0x76,0x61,0x74,0x65,0x5f,0x73,0x65,0x67,
    0x5f,0x73,0x69,0x7a,0x65,0x00,0x73,0x69,0x67,0x6e,0x61,0x6c,0x5f,0x6d,0x61,0x69,0x6c,0x62,0x6f,0x78,0x5f,0x73,0x65,0x72,
    0x76,0x69,0x63,0x65,0x2e,0x6e,0x75,0x6d,0x5f,0x61,0x67,0x70,0x72,0x00,0x73,0x69,0x67,0x6e,0x61,0x6c,0x5f,0x6d,0x61,0x69,
    0x6c,0x62,0x6f,0x78,0x5f,0x73,0x65,0x72,0x76,0x69,0x63,0x65,0x2e,0x6e,0x75,0x6d,0x5f,0x76,0x67,0x70,0x72,0x00,0x73,0x69,
    0x67,0x6e,0x61,0x6c,0x5f,0x6d,0x61,0x69,0x6c,0x62,0x6f,0x78,0x5f,0x73,0x65,0x72,0x76,0x69,0x63,0x65,0x2e,0x6e,0x75,0x6d,
    0x62,0x65,0x72,0x65,0x64,0x5f,0x73,0x67,0x70,0x72,0x00,0x73,0x69,0x67,0x6e,0x61,0x6c,0x5f,0x6d,0x61,0x69,0x6c,0x62,0x6f,
    0x78,0x5f,0x73,0x65,0x72,0x76,0x69,0x63,0x65,0x2e,0x75,0x73,0x65,0x73,0x5f,0x76,0x63,0x63,0x00,0x73,0x69,0x67,0x6e,0x61,
    0x6c,0x5f,0x6d,0x61,0x69,0x6c,0x62,0x6f,0x78,0x5f,0x73,0x65,0x72,0x76,0x69,0x63,0x65,0x2e,0x75,0x73,0x65,0x73,0x5f,0x66,
    0x6c,0x61,0x74,0x5f,0x73,0x63,0x72,0x61,0x74,0x63,0x68,0x00,0x73,0x69,0x67,0x6e,0x61,0x6c,0x5f,0x6d,0x61,0x69,0x6c,0x62,
    0x6f,0x78,0x5f,0x73,0x65,0x72,0x76,0x69,0x63,0x65,0x2e,0x68,0x61,0x73,0x5f,0x64,0x79,0x6e,0x5f,0x73,0x69,0x7a,0x65,0x64,
    0x5f,0x73,0x74,0x61,0x63,0x6b,0x00,0x73,0x69,0x67,0x6e,0x61,0x6c,0x5f,0x6d,0x61,0x69,0x6c,0x62,0x6f,0x78,0x5f,0x73,0x65,
    0x72,0x76,0x69,0x63,0x65,0x2e,0x68,0x61,0x73,0x5f,0x72,0x65,0x63,0x75,0x72,0x73,0x69,0x6f,0x6e,0x00,0x73,0x69,0x67,0x6e,
    0x61,0x6c,0x5f,0x6d,0x61,0x69,0x6c,0x62,0x6f,0x78,0x5f,0x73,0x65,0x72,0x76,0x69,0x63,0x65,0x00,0x73,0x69,0x67,0x6e,0x61,
    0x6c,0x5f,0x6d,0x61,0x69,0x6c,0x62,0x6f,0x78,0x5f,0x73,0x65,0x72,0x76,0x69,0x63,0x65,0x2e,0x6b,0x64,0x00,0x5f,0x5f,0x63,
    0x6c,0x61,0x6e,0x67,0x5f,0x6f,0x63,0x6c,0x5f,0x6b,0x65,0x72,0x6e,0x5f,0x69,0x6d,0x70,0x5f,0x73,0x69,0x67,0x6e,0x61,0x6c,
    0x5f,0x6d,0x61,0x69,0x6c,0x62,0x6f,0x78,0x5f,0x73,0x65,0x72,0x76,0x69,0x63,0x65,0x00,0x5f,0x44,0x59,0x4e,0x41,0x4d,0x49,
    0x43,0x00,0x00,0x00,0x00,0x00,0x00,0x00,0x00,0x00,0x00,0x00,0x00,0x00,0x00,0x00,0x00,0x00,0x00,0x00,0x00,0x00,0x00,0x00,
    0x00,0x00,0x00,0x00,0x00,0x00,0x00,0x00,0x00,0x00,0x00,0x00,0x00,0x00,0x00,0x00,0x00,0x00,0x00,0x00,0x00,0x00,0x00,0x00,
    0x00,0x00,0x00,0x00,0x00,0x00,0x00,0x00,0x00,0x00,0x00,0x00,0x00,0x00,0x00,0x00,0x00,0x00,0x00,0x00,0x00,0x00,0x00,0x00,
    0x01,0x00,0x00,0x00,0x07,0x00,0x00,0x00,0x02,0x00,0x00,0x00,0x00,0x00,0x00,0x00,0x00,0x02,0x00,0x00,0x00,0x00,0x00,0x00,
    0x00,0x02,0x00,0x00,0x00,0x00,0x00,0x00,0x08,0x03,0x00,0x00,0x00,0x00,0x00,0x00,0x00,0x00,0x00,0x00,0x00,0x00,0x00,0x00,
    0x04,0x00,0x00,0x00,0x00,0x00,0x00,0x00,0x00,0x00,0x00,0x00,0x00,0x00,0x00,0x00,0x07,0x00,0x00,0x00,0x0b,0x00,0x00,0x00,
    0x02,0x00,0x00,0x00,0x00,0x00,0x00,0x00,0x08,0x05,0x00,0x00,0x00,0x00,0x00,0x00,0x08,0x05,0x00,0x00,0x00,0x00,0x00,0x00,
    0x60,0x00,0x00,0x00,0x00,0x00,0x00,0x00,0x05,0x00,0x00,0x00,0x01,0x00,0x00,0x00,0x08,0x00,0x00,0x00,0x00,0x00,0x00,0x00,
    0x18,0x00,0x00,0x00,0x00,0x00,0x00,0x00,0x0f,0x00,0x00,0x00,0xf6,0xff,0xff,0x6f,0x02,0x00,0x00,0x00,0x00,0x00,0x00,0x00,
    0x68,0x05,0x00,0x00,0x00,0x00,0x00,0x00,0x68,0x05,0x00,0x00,0x00,0x00,0x00,0x00,0x28,0x00,0x00,0x00,0x00,0x00,0x00,0x00,
    0x02,0x00,0x00,0x00,0x00,0x00,0x00,0x00,0x08,0x00,0x00,0x00,0x00,0x00,0x00,0x00,0x00,0x00,0x00,0x00,0x00,0x00,0x00,0x00,
    0x19,0x00,0x00,0x00,0x05,0x00,0x00,0x00,0x02,0x00,0x00,0x00,0x00,0x00,0x00,0x00,0x90,0x05,0x00,0x00,0x00,0x00,0x00,0x00,
    0x90,0x05,0x00,0x00,0x00,0x00,0x00,0x00,0x28,0x00,0x00,0x00,0x00,0x00,0x00,0x00,0x02,0x00,0x00,0x00,0x00,0x00,0x00,0x00,
    0x04,0x00,0x00,0x00,0x00,0x00,0x00,0x00,0x04,0x00,0x00,0x00,0x00,0x00,0x00,0x00,0x1f,0x00,0x00,0x00,0x03,0x00,0x00,0x00,
    0x02,0x00,0x00,0x00,0x00,0x00,0x00,0x00,0xb8,0x05,0x00,0x00,0x00,0x00,0x00,0x00,0xb8,0x05,0x00,0x00,0x00,0x00,0x00,0x00,
    0x5e,0x00,0x00,0x00,0x00,0x00,0x00,0x00,0x00,0x00,0x00,0x00,0x00,0x00,0x00,0x00,0x01,0x00,0x00,0x00,0x00,0x00,0x00,0x00,
    0x00,0x00,0x00,0x00,0x00,0x00,0x00,0x00,0x27,0x00,0x00,0x00,0x01,0x00,0x00,0x00,0x02,0x00,0x00,0x00,0x00,0x00,0x00,0x00,
    0x40,0x06,0x00,0x00,0x00,0x00,0x00,0x00,0x40,0x06,0x00,0x00,0x00,0x00,0x00,0x00,0x40,0x00,0x00,0x00,0x00,0x00,0x00,0x00,
    0x00,0x00,0x00,0x00,0x00,0x00,0x00,0x00,0x40,0x00,0x00,0x00,0x00,0x00,0x00,0x00,0x00,0x00,0x00,0x00,0x00,0x00,0x00,0x00,
    0x2f,0x00,0x00,0x00,0x01,0x00,0x00,0x00,0x06,0x00,0x00,0x00,0x00,0x00,0x00,0x00,0x00,0x17,0x00,0x00,0x00,0x00,0x00,0x00,
    0x00,0x07,0x00,0x00,0x00,0x00,0x00,0x00,0x00,0x0f,0x00,0x00,0x00,0x00,0x00,0x00,0x00,0x00,0x00,0x00,0x00,0x00,0x00,0x00,
    0x00,0x01,0x00,0x00,0x00,0x00,0x00,0x00,0x00,0x00,0x00,0x00,0x00,0x00,0x00,0x00,0x35,0x00,0x00,0x00,0x06,0x00,0x00,0x00,
    0x03,0x00,0x00,0x00,0x00,0x00,0x00,0x00,0x00,0x36,0x00,0x00,0x00,0x00,0x00,0x00,0x00,0x16,0x00,0x00,0x00,0x00,0x00,0x00,
    0x70,0x00,0x00,0x00,0x00,0x00,0x00,0x00,0x05,0x00,0x00,0x00,0x00,0x00,0x00,0x00,0x08,0x00,0x00,0x00,0x00,0x00,0x00,0x00,
    0x10,0x00,0x00,0x00,0x00,0x00,0x00,0x00,0x3e,0x00,0x00,0x00,0x08,0x00,0x00,0x00,0x03,0x00,0x00,0x00,0x00,0x00,0x00,0x00,
    0x70,0x36,0x00,0x00,0x00,0x00,0x00,0x00,0x70,0x16,0x00,0x00,0x00,0x00,0x00,0x00,0x90,0x09,0x00,0x00,0x00,0x00,0x00,0x00,
    0x00,0x00,0x00,0x00,0x00,0x00,0x00,0x00,0x01,0x00,0x00,0x00,0x00,0x00,0x00,0x00,0x00,0x00,0x00,0x00,0x00,0x00,0x00,0x00,
    0x4d,0x00,0x00,0x00,0x01,0x00,0x00,0x00,0x00,0x00,0x00,0x00,0x00,0x00,0x00,0x00,0x00,0x00,0x00,0x00,0x00,0x00,0x00,0x00,
    0x70,0x16,0x00,0x00,0x00,0x00,0x00,0x00,0x00,0x00,0x00,0x00,0x00,0x00,0x00,0x00,0x00,0x00,0x00,0x00,0x00,0x00,0x00,0x00,
    0x01,0x00,0x00,0x00,0x00,0x00,0x00,0x00,0x00,0x00,0x00,0x00,0x00,0x00,0x00,0x00,0x62,0x00,0x00,0x00,0x01,0x00,0x00,0x00,
    0x30,0x00,0x00,0x00,0x00,0x00,0x00,0x00,0x00,0x00,0x00,0x00,0x00,0x00,0x00,0x00,0x70,0x16,0x00,0x00,0x00,0x00,0x00,0x00,
    0x3b,0x00,0x00,0x00,0x00,0x00,0x00,0x00,0x00,0x00,0x00,0x00,0x00,0x00,0x00,0x00,0x01,0x00,0x00,0x00,0x00,0x00,0x00,0x00,
    0x01,0x00,0x00,0x00,0x00,0x00,0x00,0x00,0x6b,0x00,0x00,0x00,0x02,0x00,0x00,0x00,0x00,0x00,0x00,0x00,0x00,0x00,0x00,0x00,
    0x00,0x00,0x00,0x00,0x00,0x00,0x00,0x00,0xb0,0x16,0x00,0x00,0x00,0x00,0x00,0x00,0x38,0x01,0x00,0x00,0x00,0x00,0x00,0x00,
    0x0e,0x00,0x00,0x00,0x0a,0x00,0x00,0x00,0x08,0x00,0x00,0x00,0x00,0x00,0x00,0x00,0x18,0x00,0x00,0x00,0x00,0x00,0x00,0x00,
    0x73,0x00,0x00,0x00,0x03,0x00,0x00,0x00,0x00,0x00,0x00,0x00,0x00,0x00,0x00,0x00,0x00,0x00,0x00,0x00,0x00,0x00,0x00,0x00,
    0xe8,0x17,0x00,0x00,0x00,0x00,0x00,0x00,0x85,0x00,0x00,0x00,0x00,0x00,0x00,0x00,0x00,0x00,0x00,0x00,0x00,0x00,0x00,0x00,
    0x01,0x00,0x00,0x00,0x00,0x00,0x00,0x00,0x00,0x00,0x00,0x00,0x00,0x00,0x00,0x00,0x7d,0x00,0x00,0x00,0x03,0x00,0x00,0x00,
    0x00,0x00,0x00,0x00,0x00,0x00,0x00,0x00,0x00,0x00,0x00,0x00,0x00,0x00,0x00,0x00,0x6d,0x18,0x00,0x00,0x00,0x00,0x00,0x00,
    0x8d,0x01,0x00,0x00,0x00,0x00,0x00,0x00,0x00,0x00,0x00,0x00,0x00,0x00,0x00,0x00,0x01,0x00,0x00,0x00,0x00,0x00,0x00,0x00,
    0x00,0x00,0x00,0x00,0x00,0x00,0x00,0x00,
};
}
namespace gfx12_generic {
// gfx12-generic signal_operations: e_flags=0x01000059, 6136 bytes
inline constexpr uint8_t signal_operations[] = {
    0x7f,0x45,0x4c,0x46,0x02,0x01,0x01,0x40,0x04,0x00,0x00,0x00,0x00,0x00,0x00,0x00,0x03,0x00,0xe0,0x00,0x01,0x00,0x00,0x00,
    0x00,0x00,0x00,0x00,0x00,0x00,0x00,0x00,0x40,0x00,0x00,0x00,0x00,0x00,0x00,0x00,0x38,0x14,0x00,0x00,0x00,0x00,0x00,0x00,
    0x59,0x00,0x00,0x01,0x40,0x00,0x38,0x00,0x08,0x00,0x40,0x00,0x0f,0x00,0x0d,0x00,0x06,0x00,0x00,0x00,0x04,0x00,0x00,0x00,
    0x40,0x00,0x00,0x00,0x00,0x00,0x00,0x00,0x40,0x00,0x00,0x00,0x00,0x00,0x00,0x00,0x40,0x00,0x00,0x00,0x00,0x00,0x00,0x00,
    0xc0,0x01,0x00,0x00,0x00,0x00,0x00,0x00,0xc0,0x01,0x00,0x00,0x00,0x00,0x00,0x00,0x08,0x00,0x00,0x00,0x00,0x00,0x00,0x00,
    0x01,0x00,0x00,0x00,0x04,0x00,0x00,0x00,0x00,0x00,0x00,0x00,0x00,0x00,0x00,0x00,0x00,0x00,0x00,0x00,0x00,0x00,0x00,0x00,
    0x00,0x00,0x00,0x00,0x00,0x00,0x00,0x00,0x80,0x06,0x00,0x00,0x00,0x00,0x00,0x00,0x80,0x06,0x00,0x00,0x00,0x00,0x00,0x00,
    0x00,0x10,0x00,0x00,0x00,0x00,0x00,0x00,0x01,0x00,0x00,0x00,0x05,0x00,0x00,0x00,0x00,0x07,0x00,0x00,0x00,0x00,0x00,0x00,
    0x00,0x17,0x00,0x00,0x00,0x00,0x00,0x00,0x00,0x17,0x00,0x00,0x00,0x00,0x00,0x00,0x80,0x09,0x00,0x00,0x00,0x00,0x00,0x00,
    0x80,0x09,0x00,0x00,0x00,0x00,0x00,0x00,0x00,0x10,0x00,0x00,0x00,0x00,0x00,0x00,0x01,0x00,0x00,0x00,0x06,0x00,0x00,0x00,
    0x80,0x10,0x00,0x00,0x00,0x00,0x00,0x00,0x80,0x30,0x00,0x00,0x00,0x00,0x00,0x00,0x80,0x30,0x00,0x00,0x00,0x00,0x00,0x00,
    0x70,0x00,0x00,0x00,0x00,0x00,0x00,0x00,0x80,0x0f,0x00,0x00,0x00,0x00,0x00,0x00,0x00,0x10,0x00,0x00,0x00,0x00,0x00,0x00,
    0x02,0x00,0x00,0x00,0x06,0x00,0x00,0x00,0x80,0x10,0x00,0x00,0x00,0x00,0x00,0x00,0x80,0x30,0x00,0x00,0x00,0x00,0x00,0x00,
    0x80,0x30,0x00,0x00,0x00,0x00,0x00,0x00,0x70,0x00,0x00,0x00,0x00,0x00,0x00,0x00,0x70,0x00,0x00,0x00,0x00,0x00,0x00,0x00,
    0x08,0x00,0x00,0x00,0x00,0x00,0x00,0x00,0x52,0xe5,0x74,0x64,0x04,0x00,0x00,0x00,0x80,0x10,0x00,0x00,0x00,0x00,0x00,0x00,
    0x80,0x30,0x00,0x00,0x00,0x00,0x00,0x00,0x80,0x30,0x00,0x00,0x00,0x00,0x00,0x00,0x70,0x00,0x00,0x00,0x00,0x00,0x00,0x00,
    0x80,0x0f,0x00,0x00,0x00,0x00,0x00,0x00,0x01,0x00,0x00,0x00,0x00,0x00,0x00,0x00,0x51,0xe5,0x74,0x64,0x06,0x00,0x00,0x00,
    0x00,0x00,0x00,0x00,0x00,0x00,0x00,0x00,0x00,0x00,0x00,0x00,0x00,0x00,0x00,0x00,0x00,0x00,0x00,0x00,0x00,0x00,0x00,0x00,
    0x00,0x00,0x00,0x00,0x00,0x00,0x00,0x00,0x00,0x00,0x00,0x00,0x00,0x00,0x00,0x00,0x00,0x00,0x00,0x00,0x00,0x00,0x00,0x00,
    0x04,0x00,0x00,0x00,0x04,0x00,0x00,0x00,0x00,0x02,0x00,0x00,0x00,0x00,0x00,0x00,0x00,0x02,0x00,0x00,0x00,0x00,0x00,0x00,
    0x00,0x02,0x00,0x00,0x00,0x00,0x00,0x00,0x30,0x03,0x00,0x00,0x00,0x00,0x00,0x00,0x30,0x03,0x00,0x00,0x00,0x00,0x00,0x00,
    0x04,0x00,0x00,0x00,0x00,0x00,0x00,0x00,0x07,0x00,0x00,0x00,0x19,0x03,0x00,0x00,0x20,0x00,0x00,0x00,0x41,0x4d,0x44,0x47,
    0x50,0x55,0x00,0x00,0x83,0xae,0x61,0x6d,0x64,0x68,0x73,0x61,0x2e,0x6b,0x65,0x72,0x6e,0x65,0x6c,0x73,0x91,0xde,0x00,0x12,
    0xa5,0x2e,0x61,0x72,0x67,0x73,0x95,0x85,0xae,0x2e,0x61,0x64,0x64,0x72,0x65,0x73,0x73,0x5f,0x73,0x70,0x61,0x63,0x65,0xa6,
    0x67,0x6c,0x6f,0x62,0x61,0x6c,0xa7,0x2e,0x6f,0x66,0x66,0x73,0x65,0x74,0x00,0xa5,0x2e,0x73,0x69,0x7a,0x65,0x08,0xaa,0x2e,
    0x74,0x79,0x70,0x65,0x5f,0x6e,0x61,0x6d,0x65,0xa5,0x6c,0x6f,0x6e,0x67,0x2a,0xab,0x2e,0x76,0x61,0x6c,0x75,0x65,0x5f,0x6b,
    0x69,0x6e,0x64,0xad,0x67,0x6c,0x6f,0x62,0x61,0x6c,0x5f,0x62,0x75,0x66,0x66,0x65,0x72,0x85,0xae,0x2e,0x61,0x64,0x64,0x72,
    0x65,0x73,0x73,0x5f,0x73,0x70,0x61,0x63,0x65,0xa6,0x67,0x6c,0x6f,0x62,0x61,0x6c,0xa7,0x2e,0x6f,0x66,0x66,0x73,0x65,0x74,
    0x08,0xa5,0x2e,0x73,0x69,0x7a,0x65,0x08,0xaa,0x2e,0x74,0x79,0x70,0x65,0x5f,0x6e,0x61,0x6d,0x65,0xa5,0x6c,0x6f,0x6e,0x67,
    0x2a,0xab,0x2e,0x76,0x61,0x6c,0x75,0x65,0x5f,0x6b,0x69,0x6e,0x64,0xad,0x67,0x6c,0x6f,0x62,0x61,0x6c,0x5f,0x62,0x75,0x66,
    0x66,0x65,0x72,0x84,0xa7,0x2e,0x6f,0x66,0x66,0x73,0x65,0x74,0x10,0xa5,0x2e,0x73,0x69,0x7a,0x65,0x08,0xaa,0x2e,0x74,0x79,
    0x70,0x65,0x5f,0x6e,0x61,0x6d,0x65,0xa4,0x6c,0x6f,0x6e,0x67,0xab,0x2e,0x76,0x61,0x6c,0x75,0x65,0x5f,0x6b,0x69,0x6e,0x64,
    0xa8,0x62,0x79,0x5f,0x76,0x61,0x6c,0x75,0x65,0x84,0xa7,0x2e,0x6f,0x66,0x66,0x73,0x65,0x74,0x18,0xa5,0x2e,0x73,0x69,0x7a,
    0x65,0x08,0xaa,0x2e,0x74,0x79,0x70,0x65,0x5f,0x6e,0x61,0x6d,0x65,0xa4,0x6c,0x6f,0x6e,0x67,0xab,0x2e,0x76,0x61,0x6c,0x75,
    0x65,0x5f,0x6b,0x69,0x6e,0x64,0xa8,0x62,0x79,0x5f,0x76,0x61,0x6c,0x75,0x65,0x84,0xa7,0x2e,0x6f,0x66,0x66,0x73,0x65,0x74,
    0x20,0xa5,0x2e,0x73,0x69,0x7a,0x65,0x04,0xaa,0x2e,0x74,0x79,0x70,0x65,0x5f,0x6e,0x61,0x6d,0x65,0xa4,0x75,0x69,0x6e,0x74,
    0xab,0x2e,0x76,0x61,0x6c,0x75,0x65,0x5f,0x6b,0x69,0x6e,0x64,0xa8,0x62,0x79,0x5f,0x76,0x61,0x6c,0x75,0x65,0xb9,0x2e,0x67,
    0x72,0x6f,0x75,0x70,0x5f,0x73,0x65,0x67,0x6d,0x65,0x6e,0x74,0x5f,0x66,0x69,0x78,0x65,0x64,0x5f,0x73,0x69,0x7a,0x65,0x00,
    0xb6,0x2e,0x6b,0x65,0x72,0x6e,0x61,0x72,0x67,0x5f,0x73,0x65,0x67,0x6d,0x65,0x6e,0x74,0x5f,0x61,0x6c,0x69,0x67,0x6e,0x08,
    0xb5,0x2e,0x6b,0x65,0x72,0x6e,0x61,0x72,0x67,0x5f,0x73,0x65,0x67,0x6d,0x65,0x6e,0x74,0x5f,0x73,0x69,0x7a,0x65,0x24,0xa9,
    0x2e,0x6c,0x61,0x6e,0x67,0x75,0x61,0x67,0x65,0xa8,0x4f,0x70,0x65,0x6e,0x43,0x4c,0x20,0x43,0xb1,0x2e,0x6c,0x61,0x6e,0x67,
    0x75,0x61,0x67,0x65,0x5f,0x76,0x65,0x72,0x73,0x69,0x6f,0x6e,0x92,0x02,0x00,0xb8,0x2e,0x6d,0x61,0x78,0x5f,0x66,0x6c,0x61,
    0x74,0x5f,0x77,0x6f,0x72,0x6b,0x67,0x72,0x6f,0x75,0x70,0x5f,0x73,0x69,0x7a,0x65,0x20,0xa5,0x2e,0x6e,0x61,0x6d,0x65,0xb0,
    0x73,0x69,0x67,0x6e,0x61,0x6c,0x5f,0x6f,0x70,0x65,0x72,0x61,0x74,0x69,0x6f,0x6e,0xbb,0x2e,0x70,0x72,0x69,0x76,0x61,0x74,
    0x65,0x5f,0x73,0x65,0x67,0x6d,0x65,0x6e,0x74,0x5f,0x66,0x69,0x78,0x65,0x64,0x5f,0x73,0x69,0x7a,0x65,0x00,0xb4,0x2e,0x72,
    0x65,0x71,0x64,0x5f,0x77,0x6f,0x72,0x6b,0x67,0x72,0x6f,0x75,0x70,0x5f,0x73,0x69,0x7a,0x65,0x93,0x20,0x01,0x01,0xab,0x2e,
    0x73,0x67,0x70,0x72,0x5f,0x63,0x6f,0x75,0x6e,0x74,0x0e,0xb1,0x2e,0x73,0x67,0x70,0x72,0x5f,0x73,0x70,0x69,0x6c,0x6c,0x5f,
    0x63,0x6f,0x75,0x6e,0x74,0x00,0xa7,0x2e,0x73,0x79,0x6d,0x62,0x6f,0x6c,0xb3,0x73,0x69,0x67,0x6e,0x61,0x6c,0x5f,0x6f,0x70,
    0x65,0x72,0x61,0x74,0x69,0x6f,0x6e,0x2e,0x6b,0x64,0xb3,0x2e,0x75,0x73,0x65,0x73,0x5f,0x64,0x79,0x6e,0x61,0x6d,0x69,0x63,
    0x5f,0x73,0x74,0x61,0x63,0x6b,0xc2,0xab,0x2e,0x76,0x67,0x70,0x72,0x5f,0x63,0x6f,0x75,0x6e,0x74,0x06,0xb1,0x2e,0x76,0x67,
    0x70,0x72,0x5f,0x73,0x70,0x69,0x6c,0x6c,0x5f,0x63,0x6f,0x75,0x6e,0x74,0x00,0xaf,0x2e,0x77,0x61,0x76,0x65,0x66,0x72,0x6f,
    0x6e,0x74,0x5f,0x73,0x69,0x7a,0x65,0x20,0xb9,0x2e,0x77,0x6f,0x72,0x6b,0x67,0x72,0x6f,0x75,0x70,0x5f,0x70,0x72,0x6f,0x63,
    0x65,0x73,0x73,0x6f,0x72,0x5f,0x6d,0x6f,0x64,0x65,0x01,0xad,0x61,0x6d,0x64,0x68,0x73,0x61,0x2e,0x74,0x61,0x72,0x67,0x65,
    0x74,0xd9,0x20,0x61,0x6d,0x64,0x67,0x63,0x6e,0x2d,0x61,0x6d,0x64,0x2d,0x61,0x6d,0x64,0x68,0x73,0x61,0x2d,0x2d,0x67,0x66,
    0x78,0x31,0x32,0x2d,0x67,0x65,0x6e,0x65,0x72,0x69,0x63,0xae,0x61,0x6d,0x64,0x68,0x73,0x61,0x2e,0x76,0x65,0x72,0x73,0x69,
    0x6f,0x6e,0x92,0x01,0x02,0x00,0x00,0x00,0x00,0x00,0x00,0x00,0x00,0x00,0x00,0x00,0x00,0x00,0x00,0x00,0x00,0x00,0x00,0x00,
    0x00,0x00,0x00,0x00,0x00,0x00,0x00,0x00,0x01,0x00,0x00,0x00,0x12,0x03,0x07,0x00,0x00,0x17,0x00,0x00,0x00,0x00,0x00,0x00,
    0x90,0x04,0x00,0x00,0x00,0x00,0x00,0x00,0x12,0x00,0x00,0x00,0x11,0x03,0x06,0x00,0x40,0x06,0x00,0x00,0x00,0x00,0x00,0x00,
    0x40,0x00,0x00,0x00,0x00,0x00,0x00,0x00,0x26,0x00,0x00,0x00,0x12,0x03,0x07,0x00,0x90,0x1b,0x00,0x00,0x00,0x00,0x00,0x00,
    0x3c,0x03,0x00,0x00,0x00,0x00,0x00,0x00,0x01,0x00,0x00,0x00,0x01,0x00,0x00,0x00,0x01,0x00,0x00,0x00,0x1a,0x00,0x00,0x00,
    0x00,0x00,0x89,0x00,0x40,0x00,0x01,0x10,0x01,0x00,0x00,0x00,0xd2,0x64,0x68,0xc1,0xd0,0x69,0xb2,0x5f,0xe7,0x24,0x33,0xf0,
    0x04,0x00,0x00,0x00,0x04,0x00,0x00,0x00,0x02,0x00,0x00,0x00,0x00,0x00,0x00,0x00,0x03,0x00,0x00,0x00,0x00,0x00,0x00,0x00,
    0x00,0x00,0x00,0x00,0x00,0x00,0x00,0x00,0x00,0x00,0x00,0x00,0x01,0x00,0x00,0x00,0x00,0x73,0x69,0x67,0x6e,0x61,0x6c,0x5f,
    0x6f,0x70,0x65,0x72,0x61,0x74,0x69,0x6f,0x6e,0x00,0x73,0x69,0x67,0x6e,0x61,0x6c,0x5f,0x6f,0x70,0x65,0x72,0x61,0x74,0x69,
    0x6f,0x6e,0x2e,0x6b,0x64,0x00,0x5f,0x5f,0x63,0x6c,0x61,0x6e,0x67,0x5f,0x6f,0x63,0x6c,0x5f,0x6b,0x65,0x72,0x6e,0x5f,0x69,
    0x6d,0x70,0x5f,0x73,0x69,0x67,0x6e,0x61,0x6c,0x5f,0x6f,0x70,0x65,0x72,0x61,0x74,0x69,0x6f,0x6e,0x00,0x00,0x00,0x00,0x00,
    0x00,0x00,0x00,0x00,0x00,0x00,0x00,0x00,0x00,0x00,0x00,0x00,0x00,0x00,0x00,0x00,0x00,0x00,0x00,0x00,0x00,0x00,0x00,0x00,
    0x24,0x00,0x00,0x00,0x00,0x00,0x00,0x00,0xc0,0x10,0x00,0x00,0x00,0x00,0x00,0x00,0x00,0x00,0x00,0x00,0x00,0x00,0x00,0x00,
    0x00,0x00,0x00,0x00,0x00,0x00,0x00,0x00,0x00,0x00,0x00,0x00,0xa0,0x00,0x00,0x00,0x40,0x00,0x0f,0xe0,0x84,0x00,0x00,0x00,
    0x08,0x04,0x00,0x00,0x00,0x00,0x00,0x00,0x00,0x00,0x00,0x00,0x00,0x00,0x00,0x00,0x00,0x00,0x00,0x00,0x00,0x00,0x00,0x00,
    0x00,0x00,0x00,0x00,0x00,0x00,0x00,0x00,0x00,0x00,0x00,0x00,0x00,0x00,0x00,0x00,0x00,0x00,0x00,0x00,0x00,0x00,0x00,0x00,
    0x00,0x00,0x00,0x00,0x00,0x00,0x00,0x00,0x00,0x00,0x00,0x00,0x00,0x00,0x00,0x00,0x00,0x00,0x00,0x00,0x00,0x00,0x00,0x00,
    0x00,0x00,0x00,0x00,0x00,0x00,0x00,0x00,0x00,0x00,0x00,0x00,0x00,0x00,0x00,0x00,0x00,0x00,0x00,0x00,0x00,0x00,0x00,0x00,
    0x00,0x00,0x00,0x00,0x00,0x00,0x00,0x00,0x00,0x00,0x00,0x00,0x00,0x00,0x00,0x00,0x00,0x00,0x00,0x00,0x00,0x00,0x00,0x00,
    0x00,0x00,0x00,0x00,0x00,0x00,0x00,0x00,0x00,0x00,0x00,0x00,0x00,0x00,0x00,0x00,0x7e,0x00,0x82,0xbe,0x80,0x00,0x94,0x7d,
    0x20,0x01,0xa5,0xbf,0x01,0x00,0x85,0xbf,0x00,0x02,0x00,0xf4,0x20,0x00,0x00,0xf8,0x00,0x60,0x00,0xf4,0x00,0x00,0x00,0xf8,
    0x00,0x00,0xc7,0xbf,0x08,0x85,0x04,0xbf,0x1a,0x00,0xa2,0xbf,0x08,0x86,0x02,0xbf,0x1b,0x00,0xa1,0xbf,0x08,0x87,0x02,0xbf,
    0x1c,0x00,0xa1,0xbf,0x80,0x02,0x00,0x7e,0x80,0x02,0x02,0x7e,0x08,0x88,0x06,0xbf,0x10,0x00,0xa1,0xbf,0x04,0x00,0x10,0xca,
    0x05,0x00,0x00,0x00,0x06,0x00,0x10,0xca,0x07,0x00,0x02,0x02,0x80,0x02,0x08,0x7e,0x7c,0x00,0x0b,0xee,0x00,0x00,0x0c,0x00,
    0x00,0x00,0x00,0x00,0x00,0x00,0xc1,0xbf,0x00,0x80,0x10,0xee,0x00,0x00,0x1c,0x00,0x04,0x00,0x00,0x00,0x00,0x00,0xc0,0xbf,
    0x7c,0xc0,0x0a,0xee,0x00,0x00,0x0c,0x00,0x00,0x00,0x00,0x00,0x80,0x00,0x89,0xbe,0x07,0x00,0xa0,0xbf,0x80,0x00,0x89,0xbe,
    0x5a,0x00,0xa6,0xbf,0xe4,0x00,0xa0,0xbf,0x80,0x00,0x89,0xbe,0x03,0x00,0xa6,0xbf,0x55,0x00,0xa0,0xbf,0xc1,0x00,0x89,0xbe,
    0x53,0x00,0xa0,0xbf,0x08,0x85,0x02,0xbf,0x2c,0x00,0xa1,0xbf,0x7e,0x00,0x8a,0xbe,0x80,0x00,0x86,0xbe,0x02,0x00,0x1f,0xd7,
    0x0a,0x00,0x01,0x00,0x7e,0x00,0x87,0xbe,0x01,0x00,0x87,0xbf,0x80,0x04,0x94,0x7d,0x16,0x00,0xa5,0xbf,0x0a,0x18,0x8a,0xbe,
    0x80,0x00,0x8b,0xbe,0xfe,0xff,0x88,0xbf,0x0a,0x81,0x0a,0x8b,0xfe,0xff,0x88,0xbf,0x04,0x0a,0x8a,0xaa,0xfe,0xff,0x88,0xbf,
    0x80,0x00,0x10,0xca,0x0a,0x00,0x00,0x03,0x0b,0x02,0x02,0x7e,0x7c,0x00,0x0b,0xee,0x00,0x00,0x0c,0x00,0x00,0x00,0x00,0x00,
    0x00,0x00,0xc0,0xbf,0x00,0x00,0xc1,0xbf,0x00,0xc0,0x12,0xee,0x00,0x00,0x1c,0x00,0x03,0x00,0x00,0x00,0x00,0x00,0xc0,0xbf,
    0x7c,0xc0,0x0a,0xee,0x00,0x00,0x0c,0x00,0x00,0x00,0x00,0x00,0x7e,0x07,0x7e,0x8c,0x81,0x04,0x04,0x36,0x01,0x05,0x0e,0x7e,
    0x00,0x05,0x14,0x7e,0x23,0x01,0x87,0xbf,0x03,0x00,0x2c,0xd7,0x05,0x04,0x02,0x00,0x02,0x00,0x2c,0xd7,0x04,0x04,0x02,0x00,
    0x07,0x06,0x02,0x3a,0xff,0xf1,0x88,0xbf,0x02,0x00,0x87,0xbf,0x0a,0x04,0x00,0x3a,0x01,0x00,0xa0,0xbf,0xc1,0x00,0x86,0xbe,
    0x09,0x00,0x87,0xbf,0x7e,0x06,0x6a,0x8b,0x21,0x00,0xa3,0xbf,0x00,0x00,0x1f,0xd7,0x7e,0x00,0x01,0x00,0x01,0x00,0x87,0xbf,
    0x80,0x00,0x94,0x7c,0x6a,0x20,0x86,0xbe,0x0f,0x00,0xa5,0xbf,0x04,0x02,0x00,0x7e,0x80,0x00,0x10,0xca,0x05,0x00,0x00,0x02,
    0x7c,0x00,0x0b,0xee,0x00,0x00,0x0c,0x00,0x00,0x00,0x00,0x00,0x00,0x00,0xc0,0xbf,0x00,0x00,0xc1,0xbf,0x00,0x80,0x12,0xee,
    0x00,0x00,0x1c,0x00,0x02,0x00,0x00,0x00,0x00,0x00,0xc0,0xbf,0x7c,0xc0,0x0a,0xee,0x00,0x00,0x0c,0x00,0x00,0x00,0x00,0x00,
    0xfe,0xff,0x88,0xbf,0x7e,0x06,0x7e,0x8c,0x01,0x05,0x0c,0x7e,0x00,0x05,0x0e,0x7e,0x00,0x00,0x01,0xd5,0x05,0x00,0xa9,0x01,
    0x02,0x00,0x01,0xd5,0x04,0x00,0xa9,0x01,0xff,0xf1,0x88,0xbf,0x12,0x01,0x87,0xbf,0x06,0x00,0x02,0x38,0x07,0x04,0x00,0x38,
    0x8b,0x00,0xa0,0xbf,0x08,0x82,0x02,0xbf,0x27,0x00,0xa1,0xbf,0x08,0x83,0x02,0xbf,0x26,0x00,0xa1,0xbf,0x00,0x00,0x1f,0xd7,
    0x7e,0x00,0x01,0x00,0x80,0x00,0x86,0xbe,0x01,0x00,0x87,0xbf,0x80,0x00,0x94,0x7c,0x6a,0x20,0x87,0xbe,0x0f,0x00,0xa5,0xbf,
    0x04,0x02,0x00,0x7e,0x80,0x00,0x10,0xca,0x05,0x00,0x00,0x02,0x7c,0x00,0x0b,0xee,0x00,0x00,0x0c,0x00,0x00,0x00,0x00,0x00,
    0x00,0x00,0xc0,0xbf,0x00,0x00,0xc1,0xbf,0x00,0x40,0x12,0xee,0x00,0x00,0x1c,0x00,0x02,0x00,0x00,0x00,0x00,0x00,0xc0,0xbf,
    0x7c,0xc0,0x0a,0xee,0x00,0x00,0x0c,0x00,0x00,0x00,0x00,0x00,0x7e,0x07,0x7e,0x8c,0x01,0x05,0x0e,0x7e,0x00,0x05,0x14,0x7e,
    0x00,0x00,0x01,0xd5,0x05,0x82,0xa9,0x01,0x02,0x00,0x01,0xd5,0x04,0x82,0xa9,0x01,0x12,0x01,0x87,0xbf,0x07,0x00,0x02,0x36,
    0x0a,0x04,0x00,0x36,0x7e,0x06,0x6a,0x8b,0xfe,0xff,0x88,0xbf,0x04,0x00,0xa4,0xbf,0x30,0x00,0xa5,0xbf,0x62,0x00,0xa0,0xbf,
    0x2e,0x00,0xa0,0xbf,0xfc,0xff,0xa5,0xbf,0x7e,0x00,0x86,0xbe,0x80,0x00,0x87,0xbe,0xfe,0xff,0x88,0xbf,0x02,0x00,0x1f,0xd7,
    0x06,0x00,0x01,0x00,0x7e,0x00,0x8a,0xbe,0x01,0x00,0x87,0xbf,0x80,0x04,0x94,0x7d,0x13,0x00,0xa5,0xbf,0x06,0x18,0x86,0xbe,
    0xfe,0xff,0x88,0xbf,0x04,0x06,0x86,0xaa,0xfe,0xff,0x88,0xbf,0x80,0x00,0x10,0xca,0x06,0x00,0x00,0x03,0x07,0x02,0x02,0x7e,
    0x7c,0x00,0x0b,0xee,0x00,0x00,0x0c,0x00,0x00,0x00,0x00,0x00,0x00,0x00,0xc0,0xbf,0x00,0x00,0xc1,0xbf,0x00,0x00,0x11,0xee,
    0x00,0x00,0x1c,0x00,0x03,0x00,0x00,0x00,0x00,0x00,0xc0,0xbf,0x7c,0xc0,0x0a,0xee,0x00,0x00,0x0c,0x00,0x00,0x00,0x00,0x00,
    0xfe,0xff,0x88,0xbf,0x7e,0x0a,0x7e,0x8c,0x03,0x7c,0xfe,0xd6,0x04,0x04,0x02,0x02,0x00,0x05,0x0c,0x7e,0x01,0x05,0x0e,0x7e,
    0xa3,0x01,0x87,0xbf,0x04,0x7c,0xfe,0xd6,0x05,0x04,0x12,0x04,0xff,0xf1,0x88,0xbf,0x00,0x6a,0x01,0xd7,0x06,0x06,0x02,0x00,
    0xfd,0xff,0x88,0xbf,0x02,0x00,0x87,0xbf,0x01,0x7c,0x21,0xd5,0x07,0x08,0xaa,0x01,0x33,0x00,0xa6,0xbf,0x08,0x81,0x02,0xbf,
    0x28,0x00,0xa1,0xbf,0x7e,0x00,0x8a,0xbe,0x80,0x00,0x86,0xbe,0xfe,0xff,0x88,0xbf,0x02,0x00,0x1f,0xd7,0x0a,0x00,0x01,0x00,
    0x7e,0x00,0x87,0xbe,0x01,0x00,0x87,0xbf,0x80,0x04,0x94,0x7d,0x14,0x00,0xa5,0xbf,0x0a,0x18,0x8a,0xbe,0x80,0x00,0x8b,0xbe,
    0xfe,0xff,0x88,0xbf,0x04,0x0a,0x8a,0xaa,0xfe,0xff,0x88,0xbf,0x80,0x00,0x10,0xca,0x0a,0x00,0x00,0x03,0x0b,0x02,0x02,0x7e,
    0x7c,0x00,0x0b,0xee,0x00,0x00,0x0c,0x00,0x00,0x00,0x00,0x00,0x00,0x00,0xc0,0xbf,0x00,0x00,0xc1,0xbf,0x00,0xc0,0x10,0xee,
    0x00,0x00,0x1c,0x00,0x03,0x00,0x00,0x00,0x00,0x00,0xc0,0xbf,0x7c,0xc0,0x0a,0xee,0x00,0x00,0x0c,0x00,0x00,0x00,0x00,0x00,
    0xfe,0xff,0x88,0xbf,0x7e,0x07,0x7e,0x8c,0x01,0x05,0x16,0x7e,0x00,0x05,0x14,0x7e,0xff,0xf1,0x88,0xbf,0x91,0x00,0x87,0xbf,
    0x00,0x7c,0xfe,0xd6,0x04,0x04,0x2a,0x00,0x01,0x7c,0xfe,0xd6,0x05,0x04,0x06,0x04,0x01,0x00,0xa0,0xbf,0xc1,0x00,0x86,0xbe,
    0xfe,0xff,0x88,0xbf,0x7e,0x06,0x6a,0x8b,0xfe,0xff,0x88,0xbf,0x04,0x00,0xa3,0xbf,0x80,0x02,0x00,0x7e,0x80,0x02,0x02,0x7e,
    0x08,0x81,0x06,0xbf,0xc1,0x80,0x09,0x98,0x09,0x00,0x87,0xbf,0x7e,0x09,0x6a,0x8b,0xfe,0xff,0x88,0xbf,0x0f,0x00,0xa3,0xbf,
    0x04,0x02,0x00,0x7e,0x80,0x00,0x10,0xca,0x05,0x00,0x00,0x02,0x7c,0x00,0x0b,0xee,0x00,0x00,0x0c,0x00,0x00,0x00,0x00,0x00,
    0x00,0x00,0xc0,0xbf,0x00,0x00,0xc1,0xbf,0x00,0x40,0x10,0xee,0x00,0x00,0x1c,0x00,0x02,0x00,0x00,0x00,0x00,0x00,0xc0,0xbf,
    0x7c,0xc0,0x0a,0xee,0x00,0x00,0x0c,0x00,0x00,0x00,0x00,0x00,0x80,0x02,0x04,0x7e,0x02,0xc0,0x06,0xee,0x00,0x00,0x00,0x00,
    0x02,0x00,0x00,0x00,0x00,0x00,0xb0,0xbf,0x00,0x00,0xc8,0xbf,0x00,0x00,0xc4,0xbf,0x00,0x00,0xc2,0xbf,0x00,0x00,0xc3,0xbf,
    0x00,0x00,0xc7,0xbf,0xff,0x3e,0x12,0x36,0xff,0x03,0x00,0x00,0x7e,0x00,0x80,0xbe,0x01,0x00,0x87,0xbf,0x80,0x12,0x94,0x7d,
    0xc0,0x00,0xa5,0xbf,0x80,0x00,0x81,0xbe,0x7e,0x00,0x82,0xbe,0x84,0x10,0x82,0x7d,0xfe,0xff,0x88,0xbf,0x7e,0x02,0x02,0x8d,
    0x4a,0x00,0xa5,0xbf,0x7e,0x00,0x83,0xbe,0x86,0x10,0x82,0x7d,0xfe,0xff,0x88,0xbf,0x7e,0x03,0x03,0x8d,0x1c,0x00,0xa5,0xbf,
    0xc1,0x00,0x84,0xbe,0x7e,0x00,0x81,0xbe,0x87,0x10,0x82,0x7d,0x14,0x00,0xa5,0xbf,0x80,0x02,0x12,0x7e,0x80,0x02,0x14,0x7e,
    0x7e,0x00,0x84,0xbe,0x88,0x10,0x94,0x7d,0x0b,0x00,0xa5,0xbf,0x7c,0x00,0x0b,0xee,0x00,0x00,0x0c,0x00,0x00,0x00,0x00,0x00,
    0x00,0x00,0xc1,0xbf,0x7c,0x80,0x10,0xee,0x09,0x00,0x1c,0x02,0x00,0x00,0x00,0x00,0x00,0x00,0xc0,0xbf,0x7c,0xc0,0x0a,0xee,
    0x00,0x00,0x0c,0x00,0x00,0x00,0x00,0x00,0xfe,0xff,0x88,0xbf,0x7e,0x04,0x7e,0x8c,0x09,0x00,0x87,0xbf,0x7e,0xc1,0x04,0x8d,
    0xfe,0xff,0x88,0xbf,0x7e,0x01,0x7e,0x8c,0x09,0x00,0x87,0xbf,0x04,0x7e,0x01,0x8b,0xfe,0xff,0x88,0xbf,0x03,0x30,0x83,0xbe,
    0x22,0x00,0xa5,0xbf,0x7e,0x00,0x84,0xbe,0x85,0x10,0x82,0x7d,0xfe,0xff,0x88,0xbf,0x7e,0x04,0x04,0x8d,0x0c,0x00,0xa5,0xbf,
    0x7c,0x00,0x0b,0xee,0x00,0x00,0x0c,0x00,0x00,0x00,0x00,0x00,0x00,0x00,0xc0,0xbf,0x00,0x00,0xc1,0xbf,0x7c,0xc0,0x12,0xee,
    0x09,0x00,0x1c,0x02,0x00,0x00,0x00,0x00,0x00,0x00,0xc0,0xbf,0x7c,0xc0,0x0a,0xee,0x00,0x00,0x0c,0x00,0x00,0x00,0x00,0x00,
    0xfe,0xff,0x88,0xbf,0x04,0x30,0x84,0xbe,0x0c,0x00,0xa5,0xbf,0x7c,0x00,0x0b,0xee,0x00,0x00,0x0c,0x00,0x00,0x00,0x00,0x00,
    0x00,0x00,0xc0,0xbf,0x00,0x00,0xc1,0xbf,0x7c,0x80,0x12,0xee,0x09,0x00,0x1c,0x02,0x00,0x00,0x00,0x00,0x00,0x00,0xc0,0xbf,
    0x7c,0xc0,0x0a,0xee,0x00,0x00,0x0c,0x00,0x00,0x00,0x00,0x00,0xfe,0xff,0x88,0xbf,0x7e,0x04,0x7e,0x8c,0xfe,0xff,0x88,0xbf,
    0x7e,0x03,0x7e,0x8c,0x09,0x00,0x87,0xbf,0x01,0x7e,0x01,0x8b,0xfe,0xff,0x88,0xbf,0x02,0x30,0x82,0xbe,0x58,0x00,0xa5,0xbf,
    0x7e,0x00,0x83,0xbe,0x82,0x10,0x82,0x7d,0xfe,0xff,0x88,0xbf,0x7e,0x03,0x03,0x8d,0x22,0x00,0xa5,0xbf,0x7e,0x00,0x84,0xbe,
    0x83,0x10,0x82,0x7d,0xfe,0xff,0x88,0xbf,0x7e,0x04,0x04,0x8d,0x0c,0x00,0xa5,0xbf,0x7c,0x00,0x0b,0xee,0x00,0x00,0x0c,0x00,
    0x00,0x00,0x00,0x00,0x00,0x00,0xc0,0xbf,0x00,0x00,0xc1,0xbf,0x7c,0x40,0x12,0xee,0x09,0x00,0x1c,0x02,0x00,0x00,0x00,0x00,
    0x00,0x00,0xc0,0xbf,0x7c,0xc0,0x0a,0xee,0x00,0x00,0x0c,0x00,0x00,0x00,0x00,0x00,0xfe,0xff,0x88,0xbf,0x04,0x30,0x84,0xbe,
    0x0c,0x00,0xa5,0xbf,0x7c,0x00,0x0b,0xee,0x00,0x00,0x0c,0x00,0x00,0x00,0x00,0x00,0x00,0x00,0xc0,0xbf,0x00,0x00,0xc1,0xbf,
    0x7c,0x00,0x11,0xee,0x09,0x00,0x1c,0x02,0x00,0x00,0x00,0x00,0x00,0x00,0xc0,0xbf,0x7c,0xc0,0x0a,0xee,0x00,0x00,0x0c,0x00,
    0x00,0x00,0x00,0x00,0xfe,0xff,0x88,0xbf,0x7e,0x04,0x7e,0x8c,0xfe,0xff,0x88,0xbf,0x03,0x22,0x83,0xbe,0x01,0x00,0x84,0xbe,
    0xfe,0xff,0x88,0xbf,0x7e,0x03,0x7e,0x8d,0x24,0x00,0xa5,0xbf,0x7e,0x00,0x84,0xbe,0x81,0x10,0x82,0x7d,0xfe,0xff,0x88,0xbf,
    0x7e,0x04,0x04,0x8d,0x0c,0x00,0xa5,0xbf,0x7c,0x00,0x0b,0xee,0x00,0x00,0x0c,0x00,0x00,0x00,0x00,0x00,0x00,0x00,0xc0,0xbf,
    0x00,0x00,0xc1,0xbf,0x7c,0xc0,0x10,0xee,0x09,0x00,0x1c,0x02,0x00,0x00,0x00,0x00,0x00,0x00,0xc0,0xbf,0x7c,0xc0,0x0a,0xee,
    0x00,0x00,0x0c,0x00,0x00,0x00,0x00,0x00,0xfe,0xff,0x88,0xbf,0x04,0x22,0x84,0xbe,0x01,0x00,0x85,0xbe,0xfe,0xff,0x88,0xbf,
    0x7e,0x04,0x7e,0x8d,0x81,0x10,0x94,0x7c,0x80,0x02,0x12,0x7e,0x80,0x02,0x14,0x7e,0x01,0x7e,0x05,0x91,0x6a,0x7e,0x06,0x8b,
    0xfe,0xff,0x88,0xbf,0x05,0x06,0x05,0x8c,0x7e,0x04,0x7e,0x8c,0x09,0x00,0x87,0xbf,0x01,0x7e,0x04,0x91,0xfe,0xff,0x88,0xbf,
    0x05,0x7e,0x05,0x8b,0xfe,0xff,0x88,0xbf,0x04,0x05,0x04,0x8c,0x7e,0x03,0x7e,0x8c,0x09,0x00,0x87,0xbf,0x01,0x7e,0x01,0x91,
    0xfe,0xff,0x88,0xbf,0x04,0x7e,0x03,0x8b,0xfe,0xff,0x88,0xbf,0x01,0x03,0x01,0x8c,0xfe,0xff,0x88,0xbf,0x7e,0x02,0x7e,0x8c,
    0x01,0x20,0x82,0xbe,0x0c,0x00,0xa5,0xbf,0x7c,0x00,0x0b,0xee,0x00,0x00,0x0c,0x00,0x00,0x00,0x00,0x00,0x00,0x00,0xc0,0xbf,
    0x00,0x00,0xc1,0xbf,0x7c,0x40,0x10,0xee,0x09,0x00,0x1c,0x02,0x00,0x00,0x00,0x00,0x00,0x00,0xc0,0xbf,0x7c,0xc0,0x0a,0xee,
    0x00,0x00,0x0c,0x00,0x00,0x00,0x00,0x00,0xfe,0xff,0x88,0xbf,0x7e,0x02,0x7e,0x8c,0x7c,0xc0,0x06,0xee,0x00,0x00,0x80,0x04,
    0x02,0x00,0x00,0x00,0xfe,0xff,0x88,0xbf,0x7e,0x00,0x7e,0x8c,0x00,0x00,0xc0,0xbf,0x1e,0x48,0x80,0xbe,0x00,0x00,0x9f,0xbf,
    0x00,0x00,0x9f,0xbf,0x00,0x00,0x9f,0xbf,0x00,0x00,0x9f,0xbf,0x00,0x00,0x9f,0xbf,0x00,0x00,0x9f,0xbf,0x00,0x00,0x9f,0xbf,
    0x00,0x00,0x9f,0xbf,0x00,0x00,0x9f,0xbf,0x00,0x00,0x9f,0xbf,0x00,0x00,0x9f,0xbf,0x00,0x00,0x9f,0xbf,0x00,0x00,0x9f,0xbf,
    0x00,0x00,0x9f,0xbf,0x00,0x00,0x9f,0xbf,0x00,0x00,0x9f,0xbf,0x00,0x00,0x9f,0xbf,0x00,0x00,0x9f,0xbf,0x00,0x00,0x9f,0xbf,
    0x00,0x00,0x9f,0xbf,0x00,0x00,0x9f,0xbf,0x00,0x00,0x9f,0xbf,0x00,0x00,0x9f,0xbf,0x00,0x00,0x9f,0xbf,0x00,0x00,0x9f,0xbf,
    0x00,0x00,0x9f,0xbf,0x00,0x00,0x9f,0xbf,0x00,0x00,0x9f,0xbf,0x00,0x00,0x9f,0xbf,0x00,0x00,0x9f,0xbf,0x00,0x00,0x9f,0xbf,
    0x00,0x00,0x9f,0xbf,0x00,0x00,0x9f,0xbf,0x00,0x00,0x9f,0xbf,0x00,0x00,0x9f,0xbf,0x00,0x00,0x9f,0xbf,0x00,0x00,0x9f,0xbf,
    0x00,0x00,0x9f,0xbf,0x00,0x00,0x9f,0xbf,0x00,0x00,0x9f,0xbf,0x00,0x00,0x9f,0xbf,0x00,0x00,0x9f,0xbf,0x00,0x00,0x9f,0xbf,
    0x00,0x00,0x9f,0xbf,0x00,0x00,0x9f,0xbf,0x00,0x00,0x9f,0xbf,0x00,0x00,0x9f,0xbf,0x00,0x00,0x9f,0xbf,0x00,0x00,0x9f,0xbf,
    0x00,0x00,0x9f,0xbf,0x00,0x00,0x9f,0xbf,0x00,0x00,0x9f,0xbf,0x00,0x00,0x9f,0xbf,0x00,0x00,0x9f,0xbf,0x00,0x00,0x9f,0xbf,
    0x00,0x00,0x9f,0xbf,0x00,0x00,0x9f,0xbf,0x00,0x00,0x9f,0xbf,0x00,0x00,0x9f,0xbf,0x00,0x00,0x9f,0xbf,0x00,0x00,0x9f,0xbf,
    0x00,0x00,0x9f,0xbf,0x00,0x00,0x9f,0xbf,0x00,0x00,0x9f,0xbf,0x00,0x00,0x9f,0xbf,0x00,0x00,0x9f,0xbf,0x00,0x00,0x9f,0xbf,
    0x00,0x00,0x9f,0xbf,0x00,0x00,0x9f,0xbf,0x00,0x00,0x9f,0xbf,0x00,0x00,0x9f,0xbf,0x00,0x00,0x9f,0xbf,0x00,0x00,0x9f,0xbf,
    0x00,0x00,0x9f,0xbf,0x00,0x00,0x9f,0xbf,0x00,0x00,0x9f,0xbf,0x00,0x00,0x9f,0xbf,0x00,0x00,0x9f,0xbf,0x00,0x00,0x9f,0xbf,
    0x00,0x00,0x9f,0xbf,0x00,0x00,0x9f,0xbf,0x00,0x00,0x9f,0xbf,0x00,0x00,0x9f,0xbf,0x00,0x00,0x9f,0xbf,0x00,0x00,0x9f,0xbf,
    0x00,0x00,0x9f,0xbf,0x00,0x00,0x9f,0xbf,0x00,0x00,0x9f,0xbf,0x00,0x00,0x9f,0xbf,0x00,0x00,0x9f,0xbf,0x00,0x00,0x9f,0xbf,
    0x00,0x00,0x9f,0xbf,0x00,0x00,0x9f,0xbf,0x00,0x00,0x9f,0xbf,0x00,0x00,0x9f,0xbf,0x00,0x00,0x9f,0xbf,0x00,0x00,0x9f,0xbf,
    0x00,0x00,0x9f,0xbf,0x00,0x00,0x9f,0xbf,0x00,0x00,0x9f,0xbf,0x00,0x00,0x9f,0xbf,0x00,0x00,0x9f,0xbf,0x00,0x00,0x9f,0xbf,
    0x00,0x00,0x9f,0xbf,0x00,0x00,0x9f,0xbf,0x00,0x00,0x9f,0xbf,0x00,0x00,0x9f,0xbf,0x00,0x00,0x9f,0xbf,0x00,0x00,0x9f,0xbf,
    0x06,0x00,0x00,0x00,0x00,0x00,0x00,0x00,0x30,0x05,0x00,0x00,0x00,0x00,0x00,0x00,0x0b,0x00,0x00,0x00,0x00,0x00,0x00,0x00,
    0x18,0x00,0x00,0x00,0x00,0x00,0x00,0x00,0x05,0x00,0x00,0x00,0x00,0x00,0x00,0x00,0xe0,0x05,0x00,0x00,0x00,0x00,0x00,0x00,
    0x0a,0x00,0x00,0x00,0x00,0x00,0x00,0x00,0x4c,0x00,0x00,0x00,0x00,0x00,0x00,0x00,0xf5,0xfe,0xff,0x6f,0x00,0x00,0x00,0x00,
    0x90,0x05,0x00,0x00,0x00,0x00,0x00,0x00,0x04,0x00,0x00,0x00,0x00,0x00,0x00,0x00,0xb8,0x05,0x00,0x00,0x00,0x00,0x00,0x00,
    0x00,0x00,0x00,0x00,0x00,0x00,0x00,0x00,0x00,0x00,0x00,0x00,0x00,0x00,0x00,0x00,0x48,0x6f,0x6d,0x65,0x62,0x72,0x65,0x77,
    0x20,0x63,0x6c,0x61,0x6e,0x67,0x20,0x76,0x65,0x72,0x73,0x69,0x6f,0x6e,0x20,0x32,0x31,0x2e,0x31,0x2e,0x38,0x00,0x00,0x4c,
    0x69,0x6e,0x6b,0x65,0x72,0x3a,0x20,0x48,0x6f,0x6d,0x65,0x62,0x72,0x65,0x77,0x20,0x4c,0x4c,0x44,0x20,0x32,0x31,0x2e,0x31,
    0x2e,0x38,0x00,0x00,0x00,0x00,0x00,0x00,0x00,0x00,0x00,0x00,0x00,0x00,0x00,0x00,0x00,0x00,0x00,0x00,0x00,0x00,0x00,0x00,
    0x00,0x00,0x00,0x00,0x00,0x00,0x00,0x00,0x01,0x00,0x00,0x00,0x00,0x00,0xf1,0xff,0x00,0x00,0x00,0x00,0x00,0x00,0x00,0x00,
    0x00,0x00,0x00,0x00,0x00,0x00,0x00,0x00,0x23,0x00,0x00,0x00,0x00,0x00,0xf1,0xff,0x00,0x00,0x00,0x00,0x00,0x00,0x00,0x00,
    0x00,0x00,0x00,0x00,0x00,0x00,0x00,0x00,0x3d,0x00,0x00,0x00,0x00,0x00,0xf1,0xff,0x06,0x00,0x00,0x00,0x00,0x00,0x00,0x00,
    0x00,0x00,0x00,0x00,0x00,0x00,0x00,0x00,0x57,0x00,0x00,0x00,0x00,0x00,0xf1,0xff,0x0c,0x00,0x00,0x00,0x00,0x00,0x00,0x00,
    0x00,0x00,0x00,0x00,0x00,0x00,0x00,0x00,0x76,0x00,0x00,0x00,0x00,0x00,0xf1,0xff,0x01,0x00,0x00,0x00,0x00,0x00,0x00,0x00,
    0x00,0x00,0x00,0x00,0x00,0x00,0x00,0x00,0x90,0x00,0x00,0x00,0x00,0x00,0xf1,0xff,0x00,0x00,0x00,0x00,0x00,0x00,0x00,0x00,
    0x00,0x00,0x00,0x00,0x00,0x00,0x00,0x00,0xb3,0x00,0x00,0x00,0x00,0x00,0xf1,0xff,0x00,0x00,0x00,0x00,0x00,0x00,0x00,0x00,
    0x00,0x00,0x00,0x00,0x00,0x00,0x00,0x00,0xd8,0x00,0x00,0x00,0x00,0x00,0xf1,0xff,0x00,0x00,0x00,0x00,0x00,0x00,0x00,0x00,
    0x00,0x00,0x00,0x00,0x00,0x00,0x00,0x00,0x42,0x01,0x00,0x00,0x00,0x02,0x08,0x00,0x80,0x30,0x00,0x00,0x00,0x00,0x00,0x00,
    0x00,0x00,0x00,0x00,0x00,0x00,0x00,0x00,0xf7,0x00,0x00,0x00,0x12,0x03,0x07,0x00,0x00,0x17,0x00,0x00,0x00,0x00,0x00,0x00,
    0x90,0x04,0x00,0x00,0x00,0x00,0x00,0x00,0x08,0x01,0x00,0x00,0x11,0x03,0x06,0x00,0x40,0x06,0x00,0x00,0x00,0x00,0x00,0x00,
    0x40,0x00,0x00,0x00,0x00,0x00,0x00,0x00,0x1c,0x01,0x00,0x00,0x12,0x03,0x07,0x00,0x90,0x1b,0x00,0x00,0x00,0x00,0x00,0x00,
    0x3c,0x03,0x00,0x00,0x00,0x00,0x00,0x00,0x00,0x2e,0x6e,0x6f,0x74,0x65,0x00,0x2e,0x64,0x79,0x6e,0x73,0x79,0x6d,0x00,0x2e,
    0x67,0x6e,0x75,0x2e,0x68,0x61,0x73,0x68,0x00,0x2e,0x68,0x61,0x73,0x68,0x00,0x2e,0x64,0x79,0x6e,0x73,0x74,0x72,0x00,0x2e,
    0x72,0x6f,0x64,0x61,0x74,0x61,0x00,0x2e,0x74,0x65,0x78,0x74,0x00,0x2e,0x64,0x79,0x6e,0x61,0x6d,0x69,0x63,0x00,0x2e,0x72,
    0x65,0x6c,0x72,0x6f,0x5f,0x70,0x61,0x64,0x64,0x69,0x6e,0x67,0x00,0x2e,0x41,0x4d,0x44,0x47,0x50,0x55,0x2e,0x67,0x70,0x72,
    0x5f,0x6d,0x61,0x78,0x69,0x6d,0x75,0x6d,0x73,0x00,0x2e,0x63,0x6f,0x6d,0x6d,0x65,0x6e,0x74,0x00,0x2e,0x73,0x79,0x6d,0x74,
    0x61,0x62,0x00,0x2e,0x73,0x68,0x73,0x74,0x72,0x74,0x61,0x62,0x00,0x2e,0x73,0x74,0x72,0x74,0x61,0x62,0x00,0x00,0x73,0x69,
    0x67,0x6e,0x61,0x6c,0x5f,0x6f,0x70,0x65,0x72,0x61,0x74,0x69,0x6f,0x6e,0x2e,0x70,0x72,0x69,0x76,0x61,0x74,0x65,0x5f,0x73,
    0x65,0x67,0x5f,0x73,0x69,0x7a,0x65,0x00,0x73,0x69,0x67,0x6e,0x61,0x6c,0x5f,0x6f,0x70,0x65,0x72,0x61,0x74,0x69,0x6f,0x6e,
    0x2e,0x6e,0x75,0x6d,0x5f,0x61,0x67,0x70,0x72,0x00,0x73,0x69,0x67,0x6e,0x61,0x6c,0x5f,0x6f,0x70,0x65,0x72,0x61,0x74,0x69,
    0x6f,0x6e,0x2e,0x6e,0x75,0x6d,0x5f,0x76,0x67,0x70,0x72,0x00,0x73,0x69,0x67,0x6e,0x61,0x6c,0x5f,0x6f,0x70,0x65,0x72,0x61,
    0x74,0x69,0x6f,0x6e,0x2e,0x6e,0x75,0x6d,0x62,0x65,0x72,0x65,0x64,0x5f,0x73,0x67,0x70,0x72,0x00,0x73,0x69,0x67,0x6e,0x61,
    0x6c,0x5f,0x6f,0x70,0x65,0x72,0x61,0x74,0x69,0x6f,0x6e,0x2e,0x75,0x73,0x65,0x73,0x5f,0x76,0x63,0x63,0x00,0x73,0x69,0x67,
    0x6e,0x61,0x6c,0x5f,0x6f,0x70,0x65,0x72,0x61,0x74,0x69,0x6f,0x6e,0x2e,0x75,0x73,0x65,0x73,0x5f,0x66,0x6c,0x61,0x74,0x5f,
    0x73,0x63,0x72,0x61,0x74,0x63,0x68,0x00,0x73,0x69,0x67,0x6e,0x61,0x6c,0x5f,0x6f,0x70,0x65,0x72,0x61,0x74,0x69,0x6f,0x6e,
    0x2e,0x68,0x61,0x73,0x5f,0x64,0x79,0x6e,0x5f,0x73,0x69,0x7a,0x65,0x64,0x5f,0x73,0x74,0x61,0x63,0x6b,0x00,0x73,0x69,0x67,
    0x6e,0x61,0x6c,0x5f,0x6f,0x70,0x65,0x72,0x61,0x74,0x69,0x6f,0x6e,0x2e,0x68,0x61,0x73,0x5f,0x72,0x65,0x63,0x75,0x72,0x73,
    0x69,0x6f,0x6e,0x00,0x73,0x69,0x67,0x6e,0x61,0x6c,0x5f,0x6f,0x70,0x65,0x72,0x61,0x74,0x69,0x6f,0x6e,0x00,0x73,0x69,0x67,
    0x6e,0x61,0x6c,0x5f,0x6f,0x70,0x65,0x72,0x61,0x74,0x69,0x6f,0x6e,0x2e,0x6b,0x64,0x00,0x5f,0x5f,0x63,0x6c,0x61,0x6e,0x67,
    0x5f,0x6f,0x63,0x6c,0x5f,0x6b,0x65,0x72,0x6e,0x5f,0x69,0x6d,0x70,0x5f,0x73,0x69,0x67,0x6e,0x61,0x6c,0x5f,0x6f,0x70,0x65,
    0x72,0x61,0x74,0x69,0x6f,0x6e,0x00,0x5f,0x44,0x59,0x4e,0x41,0x4d,0x49,0x43,0x00,0x00,0x00,0x00,0x00,0x00,0x00,0x00,0x00,
    0x00,0x00,0x00,0x00,0x00,0x00,0x00,0x00,0x00,0x00,0x00,0x00,0x00,0x00,0x00,0x00,0x00,0x00,0x00,0x00,0x00,0x00,0x00,0x00,
    0x00,0x00,0x00,0x00,0x00,0x00,0x00,0x00,0x00,0x00,0x00,0x00,0x00,0x00,0x00,0x00,0x00,0x00,0x00,0x00,0x00,0x00,0x00,0x00,
    0x00,0x00,0x00,0x00,0x00,0x00,0x00,0x00,0x01,0x00,0x00,0x00,0x07,0x00,0x00,0x00,0x02,0x00,0x00,0x00,0x00,0x00,0x00,0x00,
    0x00,0x02,0x00,0x00,0x00,0x00,0x00,0x00,0x00,0x02,0x00,0x00,0x00,0x00,0x00,0x00,0x30,0x03,0x00,0x00,0x00,0x00,0x00,0x00,
    0x00,0x00,0x00,0x00,0x00,0x00,0x00,0x00,0x04,0x00,0x00,0x00,0x00,0x00,0x00,0x00,0x00,0x00,0x00,0x00,0x00,0x00,0x00,0x00,
    0x07,0x00,0x00,0x00,0x0b,0x00,0x00,0x00,0x02,0x00,0x00,0x00,0x00,0x00,0x00,0x00,0x30,0x05,0x00,0x00,0x00,0x00,0x00,0x00,
    0x30,0x05,0x00,0x00,0x00,0x00,0x00,0x00,0x60,0x00,0x00,0x00,0x00,0x00,0x00,0x00,0x05,0x00,0x00,0x00,0x01,0x00,0x00,0x00,
    0x08,0x00,0x00,0x00,0x00,0x00,0x00,0x00,0x18,0x00,0x00,0x00,0x00,0x00,0x00,0x00,0x0f,0x00,0x00,0x00,0xf6,0xff,0xff,0x6f,
    0x02,0x00,0x00,0x00,0x00,0x00,0x00,0x00,0x90,0x05,0x00,0x00,0x00,0x00,0x00,0x00,0x90,0x05,0x00,0x00,0x00,0x00,0x00,0x00,
    0x28,0x00,0x00,0x00,0x00,0x00,0x00,0x00,0x02,0x00,0x00,0x00,0x00,0x00,0x00,0x00,0x08,0x00,0x00,0x00,0x00,0x00,0x00,0x00,
    0x00,0x00,0x00,0x00,0x00,0x00,0x00,0x00,0x19,0x00,0x00,0x00,0x05,0x00,0x00,0x00,0x02,0x00,0x00,0x00,0x00,0x00,0x00,0x00,
    0xb8,0x05,0x00,0x00,0x00,0x00,0x00,0x00,0xb8,0x05,0x00,0x00,0x00,0x00,0x00,0x00,0x28,0x00,0x00,0x00,0x00,0x00,0x00,0x00,
    0x02,0x00,0x00,0x00,0x00,0x00,0x00,0x00,0x04,0x00,0x00,0x00,0x00,0x00,0x00,0x00,0x04,0x00,0x00,0x00,0x00,0x00,0x00,0x00,
    0x1f,0x00,0x00,0x00,0x03,0x00,0x00,0x00,0x02,0x00,0x00,0x00,0x00,0x00,0x00,0x00,0xe0,0x05,0x00,0x00,0x00,0x00,0x00,0x00,
    0xe0,0x05,0x00,0x00,0x00,0x00,0x00,0x00,0x4c,0x00,0x00,0x00,0x00,0x00,0x00,0x00,0x00,0x00,0x00,0x00,0x00,0x00,0x00,0x00,
    0x01,0x00,0x00,0x00,0x00,0x00,0x00,0x00,0x00,0x00,0x00,0x00,0x00,0x00,0x00,0x00,0x27,0x00,0x00,0x00,0x01,0x00,0x00,0x00,
    0x02,0x00,0x00,0x00,0x00,0x00,0x00,0x00,0x40,0x06,0x00,0x00,0x00,0x00,0x00,0x00,0x40,0x06,0x00,0x00,0x00,0x00,0x00,0x00,
    0x40,0x00,0x00,0x00,0x00,0x00,0x00,0x00,0x00,0x00,0x00,0x00,0x00,0x00,0x00,0x00,0x40,0x00,0x00,0x00,0x00,0x00,0x00,0x00,
    0x00,0x00,0x00,0x00,0x00,0x00,0x00,0x00,0x2f,0x00,0x00,0x00,0x01,0x00,0x00,0x00,0x06,0x00,0x00,0x00,0x00,0x00,0x00,0x00,
    0x00,0x17,0x00,0x00,0x00,0x00,0x00,0x00,0x00,0x07,0x00,0x00,0x00,0x00,0x00,0x00,0x80,0x09,0x00,0x00,0x00,0x00,0x00,0x00,
    0x00,0x00,0x00,0x00,0x00,0x00,0x00,0x00,0x00,0x01,0x00,0x00,0x00,0x00,0x00,0x00,0x00,0x00,0x00,0x00,0x00,0x00,0x00,0x00,
    0x35,0x00,0x00,0x00,0x06,0x00,0x00,0x00,0x03,0x00,0x00,0x00,0x00,0x00,0x00,0x00,0x80,0x30,0x00,0x00,0x00,0x00,0x00,0x00,
    0x80,0x10,0x00,0x00,0x00,0x00,0x00,0x00,0x70,0x00,0x00,0x00,0x00,0x00,0x00,0x00,0x05,0x00,0x00,0x00,0x00,0x00,0x00,0x00,
    0x08,0x00,0x00,0x00,0x00,0x00,0x00,0x00,0x10,0x00,0x00,0x00,0x00,0x00,0x00,0x00,0x3e,0x00,0x00,0x00,0x08,0x00,0x00,0x00,
    0x03,0x00,0x00,0x00,0x00,0x00,0x00,0x00,0xf0,0x30,0x00,0x00,0x00,0x00,0x00,0x00,0xf0,0x10,0x00,0x00,0x00,0x00,0x00,0x00,
    0x10,0x0f,0x00,0x00,0x00,0x00,0x00,0x00,0x00,0x00,0x00,0x00,0x00,0x00,0x00,0x00,0x01,0x00,0x00,0x00,0x00,0x00,0x00,0x00,
    0x00,0x00,0x00,0x00,0x00,0x00,0x00,0x00,0x4d,0x00,0x00,0x00,0x01,0x00,0x00,0x00,0x00,0x00,0x00,0x00,0x00,0x00,0x00,0x00,
    0x00,0x00,0x00,0x00,0x00,0x00,0x00,0x00,0xf0,0x10,0x00,0x00,0x00,0x00,0x00,0x00,0x00,0x00,0x00,0x00,0x00,0x00,0x00,0x00,
    0x00,0x00,0x00,0x00,0x00,0x00,0x00,0x00,0x01,0x00,0x00,0x00,0x00,0x00,0x00,0x00,0x00,0x00,0x00,0x00,0x00,0x00,0x00,0x00,
    0x62,0x00,0x00,0x00,0x01,0x00,0x00,0x00,0x30,0x00,0x00,0x00,0x00,0x00,0x00,0x00,0x00,0x00,0x00,0x00,0x00,0x00,0x00,0x00,
    0xf0,0x10,0x00,0x00,0x00,0x00,0x00,0x00,0x3b,0x00,0x00,0x00,0x00,0x00,0x00,0x00,0x00,0x00,0x00,0x00,0x00,0x00,0x00,0x00,
    0x01,0x00,0x00,0x00,0x00,0x00,0x00,0x00,0x01,0x00,0x00,0x00,0x00,0x00,0x00,0x00,0x6b,0x00,0x00,0x00,0x02,0x00,0x00,0x00,
    0x00,0x00,0x00,0x00,0x00,0x00,0x00,0x00,0x00,0x00,0x00,0x00,0x00,0x00,0x00,0x00,0x30,0x11,0x00,0x00,0x00,0x00,0x00,0x00,
    0x38,0x01,0x00,0x00,0x00,0x00,0x00,0x00,0x0e,0x00,0x00,0x00,0x0a,0x00,0x00,0x00,0x08,0x00,0x00,0x00,0x00,0x00,0x00,0x00,
    0x18,0x00,0x00,0x00,0x00,0x00,0x00,0x00,0x73,0x00,0x00,0x00,0x03,0x00,0x00,0x00,0x00,0x00,0x00,0x00,0x00,0x00,0x00,0x00,
    0x00,0x00,0x00,0x00,0x00,0x00,0x00,0x00,0x68,0x12,0x00,0x00,0x00,0x00,0x00,0x00,0x85,0x00,0x00,0x00,0x00,0x00,0x00,0x00,
    0x00,0x00,0x00,0x00,0x00,0x00,0x00,0x00,0x01,0x00,0x00,0x00,0x00,0x00,0x00,0x00,0x00,0x00,0x00,0x00,0x00,0x00,0x00,0x00,
    0x7d,0x00,0x00,0x00,0x03,0x00,0x00,0x00,0x00,0x00,0x00,0x00,0x00,0x00,0x00,0x00,0x00,0x00,0x00,0x00,0x00,0x00,0x00,0x00,
    0xed,0x12,0x00,0x00,0x00,0x00,0x00,0x00,0x4b,0x01,0x00,0x00,0x00,0x00,0x00,0x00,0x00,0x00,0x00,0x00,0x00,0x00,0x00,0x00,
    0x01,0x00,0x00,0x00,0x00,0x00,0x00,0x00,0x00,0x00,0x00,0x00,0x00,0x00,0x00,0x00,
};
// gfx12-generic signal_mailbox_service: e_flags=0x01000059, 8384 bytes
inline constexpr uint8_t signal_mailbox_service[] = {
    0x7f,0x45,0x4c,0x46,0x02,0x01,0x01,0x40,0x04,0x00,0x00,0x00,0x00,0x00,0x00,0x00,0x03,0x00,0xe0,0x00,0x01,0x00,0x00,0x00,
    0x00,0x00,0x00,0x00,0x00,0x00,0x00,0x00,0x40,0x00,0x00,0x00,0x00,0x00,0x00,0x00,0x00,0x1d,0x00,0x00,0x00,0x00,0x00,0x00,
    0x59,0x00,0x00,0x01,0x40,0x00,0x38,0x00,0x08,0x00,0x40,0x00,0x0f,0x00,0x0d,0x00,0x06,0x00,0x00,0x00,0x04,0x00,0x00,0x00,
    0x40,0x00,0x00,0x00,0x00,0x00,0x00,0x00,0x40,0x00,0x00,0x00,0x00,0x00,0x00,0x00,0x40,0x00,0x00,0x00,0x00,0x00,0x00,0x00,
    0xc0,0x01,0x00,0x00,0x00,0x00,0x00,0x00,0xc0,0x01,0x00,0x00,0x00,0x00,0x00,0x00,0x08,0x00,0x00,0x00,0x00,0x00,0x00,0x00,
    0x01,0x00,0x00,0x00,0x04,0x00,0x00,0x00,0x00,0x00,0x00,0x00,0x00,0x00,0x00,0x00,0x00,0x00,0x00,0x00,0x00,0x00,0x00,0x00,
    0x00,0x00,0x00,0x00,0x00,0x00,0x00,0x00,0x80,0x06,0x00,0x00,0x00,0x00,0x00,0x00,0x80,0x06,0x00,0x00,0x00,0x00,0x00,0x00,
    0x00,0x10,0x00,0x00,0x00,0x00,0x00,0x00,0x01,0x00,0x00,0x00,0x05,0x00,0x00,0x00,0x00,0x07,0x00,0x00,0x00,0x00,0x00,0x00,
    0x00,0x17,0x00,0x00,0x00,0x00,0x00,0x00,0x00,0x17,0x00,0x00,0x00,0x00,0x00,0x00,0x00,0x12,0x00,0x00,0x00,0x00,0x00,0x00,
    0x00,0x12,0x00,0x00,0x00,0x00,0x00,0x00,0x00,0x10,0x00,0x00,0x00,0x00,0x00,0x00,0x01,0x00,0x00,0x00,0x06,0x00,0x00,0x00,
    0x00,0x19,0x00,0x00,0x00,0x00,0x00,0x00,0x00,0x39,0x00,0x00,0x00,0x00,0x00,0x00,0x00,0x39,0x00,0x00,0x00,0x00,0x00,0x00,
    0x70,0x00,0x00,0x00,0x00,0x00,0x00,0x00,0x00,0x07,0x00,0x00,0x00,0x00,0x00,0x00,0x00,0x10,0x00,0x00,0x00,0x00,0x00,0x00,
    0x02,0x00,0x00,0x00,0x06,0x00,0x00,0x00,0x00,0x19,0x00,0x00,0x00,0x00,0x00,0x00,0x00,0x39,0x00,0x00,0x00,0x00,0x00,0x00,
    0x00,0x39,0x00,0x00,0x00,0x00,0x00,0x00,0x70,0x00,0x00,0x00,0x00,0x00,0x00,0x00,0x70,0x00,0x00,0x00,0x00,0x00,0x00,0x00,
    0x08,0x00,0x00,0x00,0x00,0x00,0x00,0x00,0x52,0xe5,0x74,0x64,0x04,0x00,0x00,0x00,0x00,0x19,0x00,0x00,0x00,0x00,0x00,0x00,
    0x00,0x39,0x00,0x00,0x00,0x00,0x00,0x00,0x00,0x39,0x00,0x00,0x00,0x00,0x00,0x00,0x70,0x00,0x00,0x00,0x00,0x00,0x00,0x00,
    0x00,0x07,0x00,0x00,0x00,0x00,0x00,0x00,0x01,0x00,0x00,0x00,0x00,0x00,0x00,0x00,0x51,0xe5,0x74,0x64,0x06,0x00,0x00,0x00,
    0x00,0x00,0x00,0x00,0x00,0x00,0x00,0x00,0x00,0x00,0x00,0x00,0x00,0x00,0x00,0x00,0x00,0x00,0x00,0x00,0x00,0x00,0x00,0x00,
    0x00,0x00,0x00,0x00,0x00,0x00,0x00,0x00,0x00,0x00,0x00,0x00,0x00,0x00,0x00,0x00,0x00,0x00,0x00,0x00,0x00,0x00,0x00,0x00,
    0x04,0x00,0x00,0x00,0x04,0x00,0x00,0x00,0x00,0x02,0x00,0x00,0x00,0x00,0x00,0x00,0x00,0x02,0x00,0x00,0x00,0x00,0x00,0x00,
    0x00,0x02,0x00,0x00,0x00,0x00,0x00,0x00,0x08,0x03,0x00,0x00,0x00,0x00,0x00,0x00,0x08,0x03,0x00,0x00,0x00,0x00,0x00,0x00,
    0x04,0x00,0x00,0x00,0x00,0x00,0x00,0x00,0x07,0x00,0x00,0x00,0xf3,0x02,0x00,0x00,0x20,0x00,0x00,0x00,0x41,0x4d,0x44,0x47,
    0x50,0x55,0x00,0x00,0x83,0xae,0x61,0x6d,0x64,0x68,0x73,0x61,0x2e,0x6b,0x65,0x72,0x6e,0x65,0x6c,0x73,0x91,0xde,0x00,0x12,
    0xa5,0x2e,0x61,0x72,0x67,0x73,0x94,0x85,0xae,0x2e,0x61,0x64,0x64,0x72,0x65,0x73,0x73,0x5f,0x73,0x70,0x61,0x63,0x65,0xa6,
    0x67,0x6c,0x6f,0x62,0x61,0x6c,0xa7,0x2e,0x6f,0x66,0x66,0x73,0x65,0x74,0x00,0xa5,0x2e,0x73,0x69,0x7a,0x65,0x08,0xaa,0x2e,
    0x74,0x79,0x70,0x65,0x5f,0x6e,0x61,0x6d,0x65,0xa6,0x75,0x6c,0x6f,0x6e,0x67,0x2a,0xab,0x2e,0x76,0x61,0x6c,0x75,0x65,0x5f,
    0x6b,0x69,0x6e,0x64,0xad,0x67,0x6c,0x6f,0x62,0x61,0x6c,0x5f,0x62,0x75,0x66,0x66,0x65,0x72,0x85,0xae,0x2e,0x61,0x64,0x64,
    0x72,0x65,0x73,0x73,0x5f,0x73,0x70,0x61,0x63,0x65,0xa6,0x67,0x6c,0x6f,0x62,0x61,0x6c,0xa7,0x2e,0x6f,0x66,0x66,0x73,0x65,
    0x74,0x08,0xa5,0x2e,0x73,0x69,0x7a,0x65,0x08,0xaa,0x2e,0x74,0x79,0x70,0x65,0x5f,0x6e,0x61,0x6d,0x65,0xa6,0x75,0x6c,0x6f,
    0x6e,0x67,0x2a,0xab,0x2e,0x76,0x61,0x6c,0x75,0x65,0x5f,0x6b,0x69,0x6e,0x64,0xad,0x67,0x6c,0x6f,0x62,0x61,0x6c,0x5f,0x62,
    0x75,0x66,0x66,0x65,0x72,0x84,0xa7,0x2e,0x6f,0x66,0x66,0x73,0x65,0x74,0x10,0xa5,0x2e,0x73,0x69,0x7a,0x65,0x08,0xaa,0x2e,
    0x74,0x79,0x70,0x65,0x5f,0x6e,0x61,0x6d,0x65,0xa5,0x75,0x6c,0x6f,0x6e,0x67,0xab,0x2e,0x76,0x61,0x6c,0x75,0x65,0x5f,0x6b,
    0x69,0x6e,0x64,0xa8,0x62,0x79,0x5f,0x76,0x61,0x6c,0x75,0x65,0x84,0xa7,0x2e,0x6f,0x66,0x66,0x73,0x65,0x74,0x18,0xa5,0x2e,
    0x73,0x69,0x7a,0x65,0x08,0xaa,0x2e,0x74,0x79,0x70,0x65,0x5f,0x6e,0x61,0x6d,0x65,0xa5,0x75,0x6c,0x6f,0x6e,0x67,0xab,0x2e,
    0x76,0x61,0x6c,0x75,0x65,0x5f,0x6b,0x69,0x6e,0x64,0xa8,0x62,0x79,0x5f,0x76,0x61,0x6c,0x75,0x65,0xb9,0x2e,0x67,0x72,0x6f,
    0x75,0x70,0x5f,0x73,0x65,0x67,0x6d,0x65,0x6e,0x74,0x5f,0x66,0x69,0x78,0x65,0x64,0x5f,0x73,0x69,0x7a,0x65,0x00,0xb6,0x2e,
    0x6b,0x65,0x72,0x6e,0x61,0x72,0x67,0x5f,0x73,0x65,0x67,0x6d,0x65,0x6e,0x74,0x5f,0x61,0x6c,0x69,0x67,0x6e,0x08,0xb5,0x2e,
    0x6b,0x65,0x72,0x6e,0x61,0x72,0x67,0x5f,0x73,0x65,0x67,0x6d,0x65,0x6e,0x74,0x5f,0x73,0x69,0x7a,0x65,0x20,0xa9,0x2e,0x6c,
    0x61,0x6e,0x67,0x75,0x61,0x67,0x65,0xa8,0x4f,0x70,0x65,0x6e,0x43,0x4c,0x20,0x43,0xb1,0x2e,0x6c,0x61,0x6e,0x67,0x75,0x61,
    0x67,0x65,0x5f,0x76,0x65,0x72,0x73,0x69,0x6f,0x6e,0x92,0x02,0x00,0xb8,0x2e,0x6d,0x61,0x78,0x5f,0x66,0x6c,0x61,0x74,0x5f,
    0x77,0x6f,0x72,0x6b,0x67,0x72,0x6f,0x75,0x70,0x5f,0x73,0x69,0x7a,0x65,0x20,0xa5,0x2e,0x6e,0x61,0x6d,0x65,0xb6,0x73,0x69,
    0x67,0x6e,0x61,0x6c,0x5f,0x6d,0x61,0x69,0x6c,0x62,0x6f,0x78,0x5f,0x73,0x65,0x72,0x76,0x69,0x63,0x65,0xbb,0x2e,0x70,0x72,
    0x69,0x76,0x61,0x74,0x65,0x5f,0x73,0x65,0x67,0x6d,0x65,0x6e,0x74,0x5f,0x66,0x69,0x78,0x65,0x64,0x5f,0x73,0x69,0x7a,0x65,
    0x00,0xb4,0x2e,0x72,0x65,0x71,0x64,0x5f,0x77,0x6f,0x72,0x6b,0x67,0x72,0x6f,0x75,0x70,0x5f,0x73,0x69,0x7a,0x65,0x93,0x20,
    0x01,0x01,0xab,0x2e,0x73,0x67,0x70,0x72,0x5f,0x63,0x6f,0x75,0x6e,0x74,0x18,0xb1,0x2e,0x73,0x67,0x70,0x72,0x5f,0x73,0x70,
    0x69,0x6c,0x6c,0x5f,0x63,0x6f,0x75,0x6e,0x74,0x00,0xa7,0x2e,0x73,0x79,0x6d,0x62,0x6f,0x6c,0xb9,0x73,0x69,0x67,0x6e,0x61,
    0x6c,0x5f,0x6d,0x61,0x69,0x6c,0x62,0x6f,0x78,0x5f,0x73,0x65,0x72,0x76,0x69,0x63,0x65,0x2e,0x6b,0x64,0xb3,0x2e,0x75,0x73,
    0x65,0x73,0x5f,0x64,0x79,0x6e,0x61,0x6d,0x69,0x63,0x5f,0x73,0x74,0x61,0x63,0x6b,0xc2,0xab,0x2e,0x76,0x67,0x70,0x72,0x5f,
    0x63,0x6f,0x75,0x6e,0x74,0x10,0xb1,0x2e,0x76,0x67,0x70,0x72,0x5f,0x73,0x70,0x69,0x6c,0x6c,0x5f,0x63,0x6f,0x75,0x6e,0x74,
    0x00,0xaf,0x2e,0x77,0x61,0x76,0x65,0x66,0x72,0x6f,0x6e,0x74,0x5f,0x73,0x69,0x7a,0x65,0x20,0xb9,0x2e,0x77,0x6f,0x72,0x6b,
    0x67,0x72,0x6f,0x75,0x70,0x5f,0x70,0x72,0x6f,0x63,0x65,0x73,0x73,0x6f,0x72,0x5f,0x6d,0x6f,0x64,0x65,0x01,0xad,0x61,0x6d,
    0x64,0x68,0x73,0x61,0x2e,0x74,0x61,0x72,0x67,0x65,0x74,0xd9,0x20,0x61,0x6d,0x64,0x67,0x63,0x6e,0x2d,0x61,0x6d,0x64,0x2d,
    0x61,0x6d,0x64,0x68,0x73,0x61,0x2d,0x2d,0x67,0x66,0x78,0x31,0x32,0x2d,0x67,0x65,0x6e,0x65,0x72,0x69,0x63,0xae,0x61,0x6d,
    0x64,0x68,0x73,0x61,0x2e,0x76,0x65,0x72,0x73,0x69,0x6f,0x6e,0x92,0x01,0x02,0x00,0x00,0x00,0x00,0x00,0x00,0x00,0x00,0x00,
    0x00,0x00,0x00,0x00,0x00,0x00,0x00,0x00,0x00,0x00,0x00,0x00,0x00,0x00,0x00,0x00,0x01,0x00,0x00,0x00,0x12,0x03,0x07,0x00,
    0x00,0x17,0x00,0x00,0x00,0x00,0x00,0x00,0x24,0x08,0x00,0x00,0x00,0x00,0x00,0x00,0x18,0x00,0x00,0x00,0x11,0x03,0x06,0x00,
    0x40,0x06,0x00,0x00,0x00,0x00,0x00,0x00,0x40,0x00,0x00,0x00,0x00,0x00,0x00,0x00,0x32,0x00,0x00,0x00,0x12,0x03,0x07,0x00,
    0x24,0x1f,0x00,0x00,0x00,0x00,0x00,0x00,0xfc,0x07,0x00,0x00,0x00,0x00,0x00,0x00,0x01,0x00,0x00,0x00,0x01,0x00,0x00,0x00,
    0x01,0x00,0x00,0x00,0x1a,0x00,0x00,0x00,0x80,0x00,0x02,0x08,0x00,0x18,0x00,0x40,0x01,0x00,0x00,0x00,0xbe,0x02,0xfc,0xae,
    0xda,0xc3,0xfd,0x1e,0x11,0x45,0x69,0xb1,0x04,0x00,0x00,0x00,0x04,0x00,0x00,0x00,0x02,0x00,0x00,0x00,0x03,0x00,0x00,0x00,
    0x00,0x00,0x00,0x00,0x00,0x00,0x00,0x00,0x00,0x00,0x00,0x00,0x00,0x00,0x00,0x00,0x00,0x00,0x00,0x00,0x01,0x00,0x00,0x00,
    0x00,0x73,0x69,0x67,0x6e,0x61,0x6c,0x5f,0x6d,0x61,0x69,0x6c,0x62,0x6f,0x78,0x5f,0x73,0x65,0x72,0x76,0x69,0x63,0x65,0x00,
    0x73,0x69,0x67,0x6e,0x61,0x6c,0x5f,0x6d,0x61,0x69,0x6c,0x62,0x6f,0x78,0x5f,0x73,0x65,0x72,0x76,0x69,0x63,0x65,0x2e,0x6b,
    0x64,0x00,0x5f,0x5f,0x63,0x6c,0x61,0x6e,0x67,0x5f,0x6f,0x63,0x6c,0x5f,0x6b,0x65,0x72,0x6e,0x5f,0x69,0x6d,0x70,0x5f,0x73,
    0x69,0x67,0x6e,0x61,0x6c,0x5f,0x6d,0x61,0x69,0x6c,0x62,0x6f,0x78,0x5f,0x73,0x65,0x72,0x76,0x69,0x63,0x65,0x00,0x00,0x00,
    0x00,0x00,0x00,0x00,0x00,0x00,0x00,0x00,0x00,0x00,0x00,0x00,0x00,0x00,0x00,0x00,0x00,0x00,0x00,0x00,0x00,0x00,0x00,0x00,
    0x00,0x00,0x00,0x00,0x00,0x00,0x00,0x00,0x00,0x00,0x00,0x00,0x00,0x00,0x00,0x00,0x00,0x00,0x00,0x00,0x00,0x00,0x00,0x00,
    0x20,0x00,0x00,0x00,0x00,0x00,0x00,0x00,0xc0,0x10,0x00,0x00,0x00,0x00,0x00,0x00,0x00,0x00,0x00,0x00,0x00,0x00,0x00,0x00,
    0x00,0x00,0x00,0x00,0x00,0x00,0x00,0x00,0x00,0x00,0x00,0x00,0x10,0x01,0x00,0x00,0x81,0x00,0x0f,0xe0,0x84,0x00,0x00,0x00,
    0x08,0x04,0x00,0x00,0x00,0x00,0x00,0x00,0x00,0x00,0x00,0x00,0x00,0x00,0x00,0x00,0x00,0x00,0x00,0x00,0x00,0x00,0x00,0x00,
    0x00,0x00,0x00,0x00,0x00,0x00,0x00,0x00,0x00,0x00,0x00,0x00,0x00,0x00,0x00,0x00,0x00,0x00,0x00,0x00,0x00,0x00,0x00,0x00,
    0x00,0x00,0x00,0x00,0x00,0x00,0x00,0x00,0x00,0x00,0x00,0x00,0x00,0x00,0x00,0x00,0x00,0x00,0x00,0x00,0x00,0x00,0x00,0x00,
    0x00,0x00,0x00,0x00,0x00,0x00,0x00,0x00,0x00,0x00,0x00,0x00,0x00,0x00,0x00,0x00,0x00,0x00,0x00,0x00,0x00,0x00,0x00,0x00,
    0x00,0x00,0x00,0x00,0x00,0x00,0x00,0x00,0x00,0x00,0x00,0x00,0x00,0x00,0x00,0x00,0x00,0x00,0x00,0x00,0x00,0x00,0x00,0x00,
    0x00,0x00,0x00,0x00,0x00,0x00,0x00,0x00,0x00,0x00,0x00,0x00,0x00,0x00,0x00,0x00,0x7e,0x00,0x82,0xbe,0x80,0x00,0x94,0x7d,
    0x05,0x02,0xa5,0xbf,0x00,0x61,0x00,0xf4,0x00,0x00,0x00,0xf8,0x81,0x02,0x00,0x7e,0x80,0x00,0x10,0xca,0x80,0x00,0x00,0x0c,
    0xc0,0xff,0x0c,0xb0,0x81,0x01,0x82,0xbe,0xc1,0x00,0x8d,0xbe,0x00,0x00,0xc7,0xbf,0x00,0x00,0x5c,0xd4,0x0a,0x02,0x01,0x00,
    0x06,0x88,0x86,0xa9,0x04,0xff,0x8e,0xa9,0x00,0x10,0x00,0x00,0x7c,0x00,0x0b,0xee,0x00,0x00,0x0c,0x00,0x00,0x00,0x00,0x00,
    0x00,0x00,0xc1,0xbf,0x04,0xc0,0x06,0xee,0x00,0x00,0x0c,0x00,0x0c,0x00,0x01,0x00,0x00,0x7e,0x00,0x8b,0x0b,0x80,0x0b,0x98,
    0x0a,0x81,0x0a,0x98,0x07,0x00,0xa0,0xbf,0xfe,0xff,0x88,0xbf,0x12,0x80,0x06,0xbf,0xc1,0x00,0x80,0xbe,0xb5,0x01,0xa2,0xbf,
    0x7e,0x00,0x6a,0x91,0xfe,0xff,0x88,0xbf,0xcc,0x01,0xa3,0xbf,0xfe,0xff,0x88,0xbf,0x0a,0x01,0x90,0xbe,0x08,0x00,0xa0,0xbf,
    0x10,0xc1,0x90,0xa9,0x88,0x00,0x92,0xbe,0x10,0x80,0x10,0xbf,0xc1,0x80,0x01,0x98,0x80,0x00,0x93,0xbe,0x7e,0x01,0x6a,0x8b,
    0xfe,0xff,0x88,0xbf,0x1a,0x00,0xa4,0xbf,0x01,0x00,0xc0,0xbf,0x04,0x40,0x05,0xee,0x00,0x00,0x0c,0x00,0x0c,0x00,0x00,0x00,
    0x00,0x00,0xc0,0xbf,0x7c,0xc0,0x0a,0xee,0x00,0x00,0x0c,0x00,0x00,0x00,0x00,0x00,0x04,0x40,0x05,0xee,0x02,0x00,0x0c,0x00,
    0x0c,0x80,0x01,0x00,0x00,0x00,0xc0,0xbf,0x7c,0xc0,0x0a,0xee,0x00,0x00,0x0c,0x00,0x00,0x00,0x00,0x00,0xc1,0x00,0x93,0xbe,
    0xc1,0x00,0x81,0xbe,0x02,0x00,0xb4,0x7c,0x00,0x00,0x5a,0xd4,0x80,0x04,0x02,0x00,0xe8,0xff,0xa4,0xbf,0x7e,0x00,0x6a,0x8b,
    0xfe,0xff,0x88,0xbf,0xe0,0xff,0xa4,0xbf,0x87,0x00,0x92,0xbe,0xe2,0xff,0xa0,0xbf,0x7e,0x13,0x6a,0x8b,0xfe,0xff,0x88,0xbf,
    0xd1,0xff,0xa3,0xbf,0x7e,0x00,0x6a,0x91,0x87,0x00,0x92,0xbe,0xfe,0xff,0x88,0xbf,0xcd,0xff,0xa4,0xbf,0x04,0x40,0x05,0xee,
    0x00,0x00,0x0c,0x00,0x0c,0x00,0x03,0x00,0x89,0x00,0x92,0xbe,0x00,0x00,0xc0,0xbf,0x08,0x00,0xb6,0x7c,0xc6,0xff,0xa4,0xbf,
    0x04,0x40,0x05,0xee,0x04,0x00,0x0c,0x00,0x0c,0x80,0x02,0x00,0x00,0x00,0xc0,0xbf,0x02,0x6a,0x00,0xd7,0xff,0x08,0x02,0x00,
    0xbf,0xff,0xff,0xff,0xfd,0xff,0x88,0xbf,0x03,0x7c,0x20,0xd5,0xc1,0x0a,0xaa,0x01,0x01,0x00,0x87,0xbf,0x0c,0x04,0xb8,0x7c,
    0xb9,0xff,0xa4,0xbf,0x86,0x00,0x00,0x3e,0x04,0x01,0x80,0xbe,0x0e,0x01,0x90,0xbe,0x21,0x01,0x87,0xbf,0x06,0x6a,0x00,0xd7,
    0x06,0x00,0x02,0x00,0xfd,0xff,0x88,0xbf,0x07,0x7c,0x20,0xd5,0x07,0x02,0xaa,0x01,0x01,0x00,0xa0,0xbf,0x71,0x01,0xa0,0xbf,
    0x00,0x40,0x05,0xee,0x08,0x00,0x0c,0x00,0x0c,0x00,0x04,0x00,0x02,0x00,0xc0,0xbf,0x00,0x40,0x05,0xee,0x00,0x00,0x0c,0x00,
    0x0c,0x08,0x04,0x00,0x02,0x00,0xc0,0xbf,0x00,0x40,0x05,0xee,0x02,0x00,0x0c,0x00,0x0c,0x10,0x04,0x00,0x02,0x00,0xc0,0xbf,
    0x85,0x10,0xa8,0x7c,0x2a,0x00,0xa4,0xbf,0x86,0x10,0xa2,0x7c,0x2c,0x00,0xa3,0xbf,0x87,0x10,0xa2,0x7c,0xc1,0x00,0x92,0xbe,
    0x80,0x00,0x94,0xbe,0x80,0x00,0x93,0xbe,0x2a,0x00,0xa3,0xbf,0x88,0x10,0xa2,0x7c,0x4b,0x01,0xa3,0xbf,0x89,0x10,0xb4,0x7c,
    0x80,0x00,0x92,0xbe,0x08,0x00,0xa3,0xbf,0x7c,0x40,0x05,0xee,0x0a,0x00,0x0c,0x00,0x06,0x00,0x00,0x00,0x00,0x00,0xc0,0xbf,
    0x7c,0xc0,0x0a,0xee,0x00,0x00,0x0c,0x00,0x00,0x00,0x00,0x00,0xc1,0x00,0x93,0xbe,0xfe,0xff,0x88,0xbf,0x7e,0x12,0x6a,0x8b,
    0xfe,0xff,0x88,0xbf,0x0d,0x00,0xa3,0xbf,0x7c,0x00,0x0b,0xee,0x00,0x00,0x0c,0x00,0x00,0x00,0x00,0x00,0x00,0x00,0xc0,0xbf,
    0x00,0x00,0xc1,0xbf,0x7c,0x80,0x10,0xee,0x0a,0x00,0x1c,0x00,0x06,0x00,0x00,0x00,0x00,0x00,0xc0,0xbf,0x7c,0xc0,0x0a,0xee,
    0x00,0x00,0x0c,0x00,0x00,0x00,0x00,0x00,0xc1,0x00,0x93,0xbe,0x80,0x00,0x92,0xbe,0x7e,0x14,0x6a,0x8b,0xfe,0xff,0x88,0xbf,
    0x0c,0x00,0xa4,0xbf,0x63,0x00,0xa0,0xbf,0x80,0x00,0x93,0xbe,0x80,0x00,0x92,0xbe,0x61,0x00,0xa6,0xbf,0xfa,0x00,0xa0,0xbf,
    0xc1,0x00,0x94,0xbe,0x80,0x00,0x93,0xbe,0x80,0x00,0x92,0xbe,0xfe,0xff,0x88,0xbf,0x7e,0x14,0x6a,0x8b,0xfe,0xff,0x88,0xbf,
    0x58,0x00,0xa3,0xbf,0x85,0x10,0xa2,0x7c,0xc1,0x00,0x93,0xbe,0x32,0x00,0xa3,0xbf,0x7e,0x00,0x94,0xbe,0x7e,0x00,0x93,0xbe,
    0xfe,0xff,0x88,0xbf,0x0a,0x00,0x1f,0xd7,0x14,0x00,0x01,0x00,0x01,0x00,0x87,0xbf,0x80,0x14,0x94,0x7d,0x1b,0x00,0xa5,0xbf,
    0x14,0x18,0x94,0xbe,0x00,0x00,0xc0,0xbf,0x03,0x00,0x2c,0xd7,0x80,0x00,0x02,0x00,0xfe,0xff,0x88,0xbf,0x14,0x81,0x14,0x8b,
    0xfe,0xff,0x88,0xbf,0x02,0x00,0x2c,0xd7,0x14,0x02,0x02,0x00,0x0b,0x00,0x2d,0xd7,0x14,0x00,0x02,0x00,0x22,0x01,0x87,0xbf,
    0x02,0x07,0x06,0x4a,0x02,0x00,0x2c,0xd7,0x14,0x00,0x02,0x00,0x03,0x17,0x06,0x4a,0x7c,0x00,0x0b,0xee,0x00,0x00,0x0c,0x00,
    0x00,0x00,0x00,0x00,0x00,0x00,0xc1,0xbf,0x7c,0xc0,0x12,0xee,0x02,0x00,0x1c,0x01,0x06,0x00,0x00,0x00,0x00,0x00,0xc0,0xbf,
    0x7c,0xc0,0x0a,0xee,0x00,0x00,0x0c,0x00,0x00,0x00,0x00,0x00,0x7e,0x13,0x7e,0x8c,0x81,0x14,0x14,0x36,0x00,0x00,0xc0,0xbf,
    0x03,0x05,0x26,0x7e,0x02,0x05,0x28,0x7e,0x33,0x01,0x87,0xbf,0x0b,0x00,0x2c,0xd7,0x01,0x15,0x02,0x00,0x0a,0x00,0x2c,0xd7,
    0x00,0x15,0x02,0x00,0xff,0xf1,0x88,0xbf,0x13,0x16,0x16,0x3a,0x02,0x00,0x87,0xbf,0x14,0x14,0x14,0x3a,0x80,0x00,0x93,0xbe,
    0xfe,0xff,0x88,0xbf,0x7e,0x13,0x6a,0x8b,0xfe,0xff,0x88,0xbf,0x1e,0x00,0xa3,0xbf,0x00,0x00,0xc0,0xbf,0x02,0x00,0x1f,0xd7,
    0x7e,0x00,0x01,0x00,0x01,0x00,0x87,0xbf,0x80,0x04,0x94,0x7c,0x6a,0x20,0x93,0xbe,0x0b,0x00,0xa5,0xbf,0x7c,0x00,0x0b,0xee,
    0x00,0x00,0x0c,0x00,0x00,0x00,0x00,0x00,0x00,0x00,0xc1,0xbf,0x7c,0x80,0x12,0xee,0x02,0x00,0x1c,0x00,0x06,0x00,0x00,0x00,
    0x00,0x00,0xc0,0xbf,0x7c,0xc0,0x0a,0xee,0x00,0x00,0x0c,0x00,0x00,0x00,0x00,0x00,0xfe,0xff,0x88,0xbf,0x7e,0x13,0x7e,0x8c,
    0x03,0x05,0x26,0x7e,0x02,0x05,0x28,0x7e,0x02,0x00,0x01,0xd5,0x01,0x01,0xa9,0x01,0x03,0x00,0x01,0xd5,0x00,0x01,0xa9,0x01,
    0xff,0xf1,0x88,0xbf,0x12,0x01,0x87,0xbf,0x13,0x04,0x16,0x38,0x14,0x06,0x14,0x38,0xc1,0x00,0x93,0xbe,0x9a,0x00,0xa0,0xbf,
    0x82,0x10,0xa2,0x7c,0xc1,0x00,0x94,0xbe,0x5b,0x00,0xa3,0xbf,0x83,0x10,0xa2,0x7c,0xc1,0x00,0x93,0xbe,0x1f,0x00,0xa3,0xbf,
    0x00,0x00,0xc0,0xbf,0x02,0x00,0x1f,0xd7,0x7e,0x00,0x01,0x00,0x01,0x00,0x87,0xbf,0x80,0x04,0x94,0x7c,0x6a,0x20,0x93,0xbe,
    0x0b,0x00,0xa5,0xbf,0x7c,0x00,0x0b,0xee,0x00,0x00,0x0c,0x00,0x00,0x00,0x00,0x00,0x00,0x00,0xc1,0xbf,0x7c,0x40,0x12,0xee,
    0x02,0x00,0x1c,0x00,0x06,0x00,0x00,0x00,0x00,0x00,0xc0,0xbf,0x7c,0xc0,0x0a,0xee,0x00,0x00,0x0c,0x00,0x00,0x00,0x00,0x00,
    0xfe,0xff,0x88,0xbf,0x7e,0x13,0x7e,0x8c,0x03,0x05,0x26,0x7e,0x02,0x05,0x28,0x7e,0x02,0x00,0x01,0xd5,0x01,0x83,0xa9,0x01,
    0x03,0x00,0x01,0xd5,0x00,0x83,0xa9,0x01,0xff,0xf1,0x88,0xbf,0x12,0x01,0x87,0xbf,0x13,0x04,0x16,0x36,0x14,0x06,0x14,0x36,
    0x80,0x00,0x93,0xbe,0xfe,0xff,0x88,0xbf,0x7e,0x13,0x6a,0x8b,0xfe,0xff,0x88,0xbf,0x33,0x00,0xa3,0xbf,0x7e,0x00,0x94,0xbe,
    0x7e,0x00,0x93,0xbe,0xfe,0xff,0x88,0xbf,0x0a,0x00,0x1f,0xd7,0x14,0x00,0x01,0x00,0x01,0x00,0x87,0xbf,0x80,0x14,0x94,0x7d,
    0x19,0x00,0xa5,0xbf,0x14,0x18,0x94,0xbe,0x00,0x00,0xc0,0xbf,0x03,0x00,0x2c,0xd7,0x80,0x00,0x02,0x00,0xfe,0xff,0x88,0xbf,
    0x02,0x00,0x2c,0xd7,0x14,0x02,0x02,0x00,0x0b,0x00,0x2d,0xd7,0x14,0x00,0x02,0x00,0x22,0x01,0x87,0xbf,0x02,0x07,0x06,0x4a,
    0x02,0x00,0x2c,0xd7,0x14,0x00,0x02,0x00,0x03,0x17,0x06,0x4a,0x7c,0x00,0x0b,0xee,0x00,0x00,0x0c,0x00,0x00,0x00,0x00,0x00,
    0x00,0x00,0xc1,0xbf,0x7c,0x00,0x11,0xee,0x02,0x00,0x1c,0x01,0x06,0x00,0x00,0x00,0x00,0x00,0xc0,0xbf,0x7c,0xc0,0x0a,0xee,
    0x00,0x00,0x0c,0x00,0x00,0x00,0x00,0x00,0x7e,0x13,0x7e,0x8c,0x01,0x00,0xc0,0xbf,0x0d,0x7c,0xfe,0xd6,0x00,0x15,0x02,0x02,
    0x00,0x00,0xc0,0xbf,0x02,0x05,0x26,0x7e,0x03,0x05,0x28,0x7e,0x93,0x00,0x87,0xbf,0x0e,0x03,0x16,0x7e,0x0e,0x7c,0xfe,0xd6,
    0x01,0x15,0x2e,0x04,0xff,0xf1,0x88,0xbf,0x0a,0x6a,0x01,0xd7,0x13,0x1a,0x02,0x00,0xfd,0xff,0x88,0xbf,0x02,0x00,0x87,0xbf,
    0x0b,0x7c,0x21,0xd5,0x14,0x1c,0xaa,0x01,0x80,0x00,0x94,0xbe,0xc1,0x00,0x93,0xbe,0xfe,0xff,0x88,0xbf,0x7e,0x14,0x6a,0x91,
    0xfe,0xff,0x88,0xbf,0x38,0x00,0xa4,0xbf,0x81,0x10,0xa2,0x7c,0xc1,0x00,0x94,0xbe,0x2f,0x00,0xa3,0xbf,0x7e,0x00,0x94,0xbe,
    0x7e,0x00,0x93,0xbe,0xfe,0xff,0x88,0xbf,0x0d,0x00,0x1f,0xd7,0x14,0x00,0x01,0x00,0x01,0x00,0x87,0xbf,0x80,0x1a,0x94,0x7d,
    0x19,0x00,0xa5,0xbf,0x14,0x18,0x94,0xbe,0x00,0x00,0xc0,0xbf,0x03,0x00,0x2c,0xd7,0x80,0x00,0x02,0x00,0xfe,0xff,0x88,0xbf,
    0x02,0x00,0x2c,0xd7,0x14,0x02,0x02,0x00,0x0a,0x00,0x2d,0xd7,0x14,0x00,0x02,0x00,0x22,0x01,0x87,0xbf,0x02,0x07,0x06,0x4a,
    0x02,0x00,0x2c,0xd7,0x14,0x00,0x02,0x00,0x03,0x15,0x06,0x4a,0x7c,0x00,0x0b,0xee,0x00,0x00,0x0c,0x00,0x00,0x00,0x00,0x00,
    0x00,0x00,0xc1,0xbf,0x7c,0xc0,0x10,0xee,0x02,0x00,0x1c,0x01,0x06,0x00,0x00,0x00,0x00,0x00,0xc0,0xbf,0x7c,0xc0,0x0a,0xee,
    0x00,0x00,0x0c,0x00,0x00,0x00,0x00,0x00,0x7e,0x13,0x7e,0x8c,0x00,0x00,0xc0,0xbf,0x03,0x05,0x2a,0x7e,0x02,0x05,0x28,0x7e,
    0xc1,0x00,0x93,0xbe,0xff,0xf1,0x88,0xbf,0x0a,0x7c,0xfe,0xd6,0x00,0x1b,0x52,0x00,0x80,0x00,0x94,0xbe,0x0b,0x03,0x04,0x7e,
    0x91,0x00,0x87,0xbf,0x02,0x7c,0xfe,0xd6,0x01,0x1b,0x0a,0x04,0x02,0x03,0x16,0x7e,0xfe,0xff,0x88,0xbf,0x7e,0x14,0x6a,0x8b,
    0xfe,0xff,0x88,0xbf,0x02,0x00,0xa3,0xbf,0x12,0x00,0x5a,0xd4,0x81,0x10,0x02,0x00,0xfe,0xff,0x88,0xbf,0x01,0x00,0x87,0xbf,
    0x7e,0x12,0x6a,0x8b,0xfe,0xff,0x88,0xbf,0x0d,0x00,0xa3,0xbf,0x7c,0x00,0x0b,0xee,0x00,0x00,0x0c,0x00,0x00,0x00,0x00,0x00,
    0x00,0x00,0xc0,0xbf,0x00,0x00,0xc1,0xbf,0x7c,0x40,0x10,0xee,0x0a,0x00,0x1c,0x00,0x06,0x00,0x00,0x00,0x00,0x00,0xc0,0xbf,
    0x7c,0xc0,0x0a,0xee,0x00,0x00,0x0c,0x00,0x00,0x00,0x00,0x00,0xc1,0x00,0x93,0xbe,0xfe,0xff,0x88,0xbf,0x7e,0x13,0x6a,0x91,
    0xfe,0xff,0x88,0xbf,0x06,0x00,0xa4,0xbf,0x80,0x00,0x92,0xbe,0x10,0xc0,0x06,0xee,0x00,0x00,0x0c,0x05,0x0c,0x00,0x00,0x00,
    0xae,0xfe,0xa5,0xbf,0x02,0x00,0xa0,0xbf,0x89,0x00,0x92,0xbe,0xab,0xfe,0xa0,0xbf,0x04,0x6a,0x00,0xd7,0x04,0x83,0x01,0x00,
    0xfd,0xff,0x88,0xbf,0x05,0x7c,0x20,0xd5,0xc1,0x0a,0xaa,0x01,0x10,0x88,0x90,0xa9,0x00,0x98,0x80,0xa9,0x8a,0x00,0x92,0xbe,
    0x13,0x00,0x5a,0xd4,0x80,0x08,0x02,0x00,0x7e,0x13,0x6a,0x91,0xfe,0xff,0x88,0xbf,0x9f,0xfe,0xa4,0xbf,0x0f,0x00,0xa0,0xbf,
    0xfe,0xff,0x88,0xbf,0x7e,0x12,0x6a,0x8b,0xfe,0xff,0x88,0xbf,0xc0,0xfe,0xa4,0xbf,0xcc,0xfe,0xa0,0xbf,0x02,0x81,0x82,0xa9,
    0x82,0x00,0x92,0xbe,0xfe,0xff,0x88,0xbf,0x02,0x80,0x10,0xbf,0xc1,0x80,0x00,0x98,0x09,0x00,0x87,0xbf,0x7e,0x00,0x6a,0x91,
    0xfe,0xff,0x88,0xbf,0x45,0xfe,0xa4,0xbf,0x10,0x00,0xa0,0xbf,0xfe,0xff,0x88,0xbf,0x12,0x8a,0x07,0xbf,0x3a,0xfe,0xa2,0xbf,
    0x01,0x00,0xc0,0xbf,0x02,0x00,0x10,0xca,0x03,0x00,0x00,0x00,0x80,0x00,0x92,0xbe,0x7c,0x00,0x0b,0xee,0x00,0x00,0x0c,0x00,
    0x00,0x00,0x00,0x00,0x00,0x00,0xc0,0xbf,0x00,0x00,0xc1,0xbf,0x04,0xc0,0x06,0xee,0x00,0x00,0x0c,0x00,0x0c,0x80,0x00,0x00,
    0x2d,0xfe,0xa0,0xbf,0x12,0x88,0x02,0xbf,0xc1,0x00,0x80,0xbe,0x01,0x00,0xa1,0xbf,0x80,0x00,0x80,0xbe,0x09,0x00,0x87,0xbf,
    0x7e,0x00,0x6a,0x91,0x83,0x01,0x80,0xbe,0xfe,0xff,0x88,0xbf,0x04,0x00,0xa4,0xbf,0x12,0x88,0x07,0xbf,0x81,0x01,0x80,0xbe,
    0x01,0x00,0xa2,0xbf,0x82,0x01,0x80,0xbe,0x01,0x00,0xc0,0xbf,0x00,0x02,0x00,0x7e,0x00,0x00,0xc0,0xbf,0x80,0x00,0x10,0xca,
    0x01,0x00,0x00,0x02,0x7c,0x00,0x0b,0xee,0x00,0x00,0x0c,0x00,0x00,0x00,0x00,0x00,0x00,0x00,0xc1,0xbf,0x04,0xc0,0x06,0xee,
    0x00,0x00,0x0c,0x00,0x02,0x00,0x02,0x00,0x00,0x00,0xb0,0xbf,0x00,0x00,0xc8,0xbf,0x00,0x00,0xc4,0xbf,0x00,0x00,0xc2,0xbf,
    0x00,0x00,0xc3,0xbf,0x00,0x00,0xc7,0xbf,0xff,0x3e,0x10,0x36,0xff,0x03,0x00,0x00,0x80,0x00,0x86,0xbe,0x7e,0x00,0x81,0xbe,
    0x01,0x00,0x87,0xbf,0x80,0x10,0x94,0x7d,0xf0,0x01,0xa5,0xbf,0x81,0x0c,0xb2,0x7c,0x81,0x02,0x10,0x7e,0x80,0x02,0x12,0x7e,
    0xbf,0xff,0x04,0xb0,0x81,0x01,0x82,0xbe,0xc1,0x00,0x85,0xbe,0xfd,0xff,0x88,0xbf,0x80,0x0e,0x52,0xca,0x81,0x0c,0x0a,0x0b,
    0x18,0x6a,0x00,0xd7,0x02,0x11,0x01,0x00,0xfd,0xff,0x88,0xbf,0x19,0x7c,0x20,0xd5,0x80,0x06,0xaa,0x01,0x02,0x6a,0x00,0xd7,
    0xff,0x00,0x02,0x00,0x00,0x10,0x00,0x00,0xfd,0xff,0x88,0xbf,0x03,0x7c,0x20,0xd5,0x80,0x02,0xaa,0x01,0x7c,0x00,0x0b,0xee,
    0x00,0x00,0x0c,0x00,0x00,0x00,0x00,0x00,0x00,0x00,0xc1,0xbf,0x7c,0xc0,0x06,0xee,0x00,0x00,0x0c,0x04,0x00,0x00,0x01,0x00,
    0x09,0x00,0xa0,0xbf,0xfe,0xff,0x88,0xbf,0x7e,0x07,0x7e,0x8c,0x09,0x00,0x87,0xbf,0x7e,0x00,0x00,0x8b,0xfe,0xff,0x88,0xbf,
    0x00,0x06,0x06,0x8c,0xfe,0xff,0x88,0xbf,0x7e,0x06,0x7e,0x91,0xac,0x01,0xa5,0xbf,0x0a,0x01,0x10,0xca,0x0b,0x01,0x06,0x06,
    0x80,0x00,0x87,0xbe,0x17,0x00,0xa0,0xbf,0xfe,0xff,0x88,0xbf,0x7e,0x0d,0x7e,0x8c,0x09,0x00,0x87,0xbf,0x0b,0x7e,0x0b,0x91,
    0x00,0x7e,0x00,0x8b,0x0a,0x7e,0x0a,0x91,0xfe,0xff,0x88,0xbf,0x0b,0x00,0x0b,0x8c,0xfe,0xff,0x88,0xbf,0x7e,0x0c,0x7e,0x8c,
    0x09,0x00,0x87,0xbf,0x7e,0x0b,0x00,0x8b,0xfe,0xff,0x88,0xbf,0x00,0x07,0x07,0x8c,0x08,0x7e,0x00,0x91,0x0a,0x7e,0x08,0x8b,
    0x09,0x7e,0x09,0x91,0x6a,0x7e,0x0c,0x8b,0xfe,0xff,0x88,0xbf,0x00,0x08,0x08,0x8c,0x09,0x0c,0x09,0x8c,0x7e,0x07,0x7e,0x91,
    0x25,0x00,0xa5,0xbf,0x7c,0x40,0x05,0xee,0x08,0x00,0x0c,0x00,0x00,0x00,0x00,0x00,0x00,0x00,0xc0,0xbf,0x7c,0xc0,0x0a,0xee,
    0x00,0x00,0x0c,0x00,0x00,0x00,0x00,0x00,0x7c,0x40,0x05,0xee,0x0c,0x00,0x0c,0x00,0x00,0x80,0x01,0x00,0x00,0x00,0xc0,0xbf,
    0x7c,0xc0,0x0a,0xee,0x00,0x00,0x0c,0x00,0x00,0x00,0x00,0x00,0x0a,0x7e,0x0a,0x8c,0x0b,0x7e,0x0b,0x8c,0xfe,0xff,0x88,0xbf,
    0x00,0x00,0x5d,0xd4,0x02,0x10,0x02,0x00,0x80,0x18,0xb4,0x7c,0x00,0x20,0x8c,0xbe,0xdb,0xff,0xa5,0xbf,0x87,0x02,0x10,0x7e,
    0xc1,0x00,0x80,0xbe,0x6a,0x20,0x8d,0xbe,0xcf,0xff,0xa5,0xbf,0x06,0x00,0x00,0xd7,0x06,0x83,0x01,0x00,0xfe,0xf1,0x88,0xbf,
    0x07,0x7c,0x20,0xd5,0xc1,0x0e,0x02,0x00,0x88,0x02,0x10,0x7e,0x02,0x00,0x87,0xbf,0x00,0x00,0x5a,0xd4,0x80,0x0c,0x02,0x00,
    0x00,0x7e,0x00,0x92,0xc4,0xff,0xa0,0xbf,0x7e,0x07,0x7e,0x8c,0xfe,0xff,0x88,0xbf,0x08,0x20,0x80,0xbe,0xfe,0xff,0x88,0xbf,
    0x7e,0x00,0x07,0x8d,0x58,0x01,0xa5,0xbf,0x87,0x02,0x10,0x7e,0x09,0x20,0x88,0xbe,0x53,0x01,0xa5,0xbf,0x7c,0x40,0x05,0xee,
    0x06,0x00,0x0c,0x00,0x00,0x00,0x03,0x00,0x89,0x02,0x10,0x7e,0x7e,0x00,0x89,0xbe,0x00,0x00,0xc0,0xbf,0x7e,0x00,0xd9,0xd4,
    0x06,0x09,0x02,0x00,0x48,0x01,0xa5,0xbf,0x7c,0x40,0x05,0xee,0x0c,0x00,0x0c,0x00,0x00,0x80,0x02,0x00,0x00,0x00,0xc0,0xbf,
    0x08,0x6a,0x00,0xd7,0xff,0x18,0x02,0x00,0xbf,0xff,0xff,0xff,0xfd,0xff,0x88,0xbf,0x09,0x7c,0x20,0xd5,0xc1,0x1a,0xaa,0x01,
    0x01,0x00,0x87,0xbf,0x04,0x10,0xb2,0x7c,0x89,0x02,0x10,0x7e,0x6a,0x20,0x8a,0xbe,0x37,0x01,0xa5,0xbf,0x86,0x0c,0x0c,0x3e,
    0x01,0x01,0x10,0xca,0x00,0x01,0x0e,0x0f,0x03,0x01,0x10,0xca,0x02,0x01,0x12,0x13,0x80,0x00,0x8b,0xbe,0x03,0x00,0x87,0xbf,
    0x10,0x6a,0x00,0xd7,0x18,0x0d,0x02,0x00,0xfd,0xff,0x88,0xbf,0x11,0x7c,0x20,0xd5,0x19,0x0f,0xaa,0x01,0x09,0x00,0xa0,0xbf,
    0xfe,0xff,0x88,0xbf,0x7e,0x0c,0x7e,0x8c,0x09,0x00,0x87,0xbf,0x7e,0x00,0x00,0x8b,0xfe,0xff,0x88,0xbf,0x00,0x0b,0x0b,0x8c,
    0xfe,0xff,0x88,0xbf,0x7e,0x0b,0x7e,0x91,0x10,0x01,0xa5,0xbf,0x02,0x00,0x85,0xbf,0x7c,0x40,0x05,0xee,0x16,0x00,0x0c,0x00,
    0x0e,0x00,0x04,0x00,0x7c,0x40,0x05,0xee,0x06,0x00,0x0c,0x00,0x0e,0x08,0x04,0x00,0x7c,0x40,0x05,0xee,0x08,0x00,0x0c,0x00,
    0x0e,0x10,0x04,0x00,0x80,0x00,0x8d,0xbe,0x80,0x00,0x80,0xbe,0x7e,0x00,0x8c,0xbe,0x02,0x00,0xc0,0xbf,0x84,0x2c,0xa2,0x7d,
    0xfe,0xff,0x88,0xbf,0x7e,0x0c,0x0c,0x8d,0x64,0x00,0xa5,0xbf,0x80,0x00,0x8e,0xbe,0x7e,0x00,0x80,0xbe,0x86,0x2c,0xa2,0x7d,
    0xfe,0xff,0x88,0xbf,0x7e,0x00,0x00,0x8d,0x32,0x00,0xa5,0xbf,0xc1,0x00,0x8f,0xbe,0x7e,0x00,0x8d,0xbe,0x87,0x2c,0xa2,0x7d,
    0x29,0x00,0xa5,0xbf,0x7e,0x00,0x8f,0xbe,0x88,0x2c,0xa2,0x7d,0xfe,0xff,0x88,0xbf,0x7e,0x0f,0x0f,0x8d,0x0f,0x00,0xa5,0xbf,
    0x7e,0x00,0x90,0xbe,0x89,0x2c,0xb4,0x7d,0x08,0x00,0xa5,0xbf,0x7c,0x40,0x05,0xee,0x14,0x00,0x0c,0x00,0x10,0x00,0x00,0x00,
    0x00,0x00,0xc0,0xbf,0x7c,0xc0,0x0a,0xee,0x00,0x00,0x0c,0x00,0x00,0x00,0x00,0x00,0x7e,0x00,0x8e,0xbe,0xfe,0xff,0x88,0xbf,
    0x7e,0x10,0x7e,0x8c,0x09,0x00,0x87,0xbf,0x0e,0x7e,0x0e,0x8b,0xfe,0xff,0x88,0xbf,0x0f,0x30,0x8f,0xbe,0x0d,0x00,0xa5,0xbf,
    0x7c,0x00,0x0b,0xee,0x00,0x00,0x0c,0x00,0x00,0x00,0x00,0x00,0x00,0x00,0xc0,0xbf,0x00,0x00,0xc1,0xbf,0x7c,0x80,0x10,0xee,
    0x14,0x00,0x1c,0x03,0x10,0x00,0x00,0x00,0x00,0x00,0xc0,0xbf,0x7c,0xc0,0x0a,0xee,0x00,0x00,0x0c,0x00,0x00,0x00,0x00,0x00,
    0x0e,0x7e,0x0e,0x8c,0xfe,0xff,0x88,0xbf,0x7e,0x0f,0x7e,0x8c,0x09,0x00,0x87,0xbf,0x0e,0x7e,0x0e,0x8b,0x7e,0xc1,0x0f,0x8d,
    0xfe,0xff,0x88,0xbf,0x7e,0x0d,0x7e,0x8c,0x09,0x00,0x87,0xbf,0x0e,0x7e,0x0e,0x8b,0x0f,0x7e,0x0d,0x8b,0xfe,0xff,0x88,0xbf,
    0x00,0x30,0x80,0xbe,0x24,0x00,0xa5,0xbf,0x7e,0x00,0x8f,0xbe,0x85,0x2c,0xa2,0x7d,0xfe,0xff,0x88,0xbf,0x7e,0x0f,0x0f,0x8d,
    0x0c,0x00,0xa5,0xbf,0x7c,0x00,0x0b,0xee,0x00,0x00,0x0c,0x00,0x00,0x00,0x00,0x00,0x00,0x00,0xc0,0xbf,0x00,0x00,0xc1,0xbf,
    0x7c,0xc0,0x12,0xee,0x14,0x00,0x1c,0x03,0x10,0x00,0x00,0x00,0x00,0x00,0xc0,0xbf,0x7c,0xc0,0x0a,0xee,0x00,0x00,0x0c,0x00,
    0x00,0x00,0x00,0x00,0xfe,0xff,0x88,0xbf,0x0f,0x30,0x8f,0xbe,0x0c,0x00,0xa5,0xbf,0x7c,0x00,0x0b,0xee,0x00,0x00,0x0c,0x00,
    0x00,0x00,0x00,0x00,0x00,0x00,0xc0,0xbf,0x00,0x00,0xc1,0xbf,0x7c,0x80,0x12,0xee,0x14,0x00,0x1c,0x03,0x10,0x00,0x00,0x00,
    0x00,0x00,0xc0,0xbf,0x7c,0xc0,0x0a,0xee,0x00,0x00,0x0c,0x00,0x00,0x00,0x00,0x00,0xfe,0xff,0x88,0xbf,0x7e,0x0f,0x7e,0x8c,
    0x09,0x00,0x87,0xbf,0x0e,0x7e,0x0e,0x8c,0xfe,0xff,0x88,0xbf,0x7e,0x00,0x7e,0x8c,0x09,0x00,0x87,0xbf,0x0e,0x7e,0x00,0x8b,
    0x0d,0x7e,0x0d,0x8b,0xfe,0xff,0x88,0xbf,0x0c,0x30,0x8c,0xbe,0x61,0x00,0xa5,0xbf,0x00,0x00,0x8e,0xbe,0x7e,0x00,0x8f,0xbe,
    0x82,0x2c,0xa2,0x7d,0xfe,0xff,0x88,0xbf,0x7e,0x0f,0x0f,0x8d,0x24,0x00,0xa5,0xbf,0x7e,0x00,0x8e,0xbe,0x83,0x2c,0xa2,0x7d,
    0xfe,0xff,0x88,0xbf,0x7e,0x0e,0x0e,0x8d,0x0c,0x00,0xa5,0xbf,0x7c,0x00,0x0b,0xee,0x00,0x00,0x0c,0x00,0x00,0x00,0x00,0x00,
    0x00,0x00,0xc0,0xbf,0x00,0x00,0xc1,0xbf,0x7c,0x40,0x12,0xee,0x14,0x00,0x1c,0x03,0x10,0x00,0x00,0x00,0x00,0x00,0xc0,0xbf,
    0x7c,0xc0,0x0a,0xee,0x00,0x00,0x0c,0x00,0x00,0x00,0x00,0x00,0xfe,0xff,0x88,0xbf,0x0e,0x30,0x8e,0xbe,0x0c,0x00,0xa5,0xbf,
    0x7c,0x00,0x0b,0xee,0x00,0x00,0x0c,0x00,0x00,0x00,0x00,0x00,0x00,0x00,0xc0,0xbf,0x00,0x00,0xc1,0xbf,0x7c,0x00,0x11,0xee,
    0x14,0x00,0x1c,0x03,0x10,0x00,0x00,0x00,0x00,0x00,0xc0,0xbf,0x7c,0xc0,0x0a,0xee,0x00,0x00,0x0c,0x00,0x00,0x00,0x00,0x00,
    0xfe,0xff,0x88,0xbf,0x7e,0x0e,0x7e,0x8c,0x09,0x00,0x87,0xbf,0x00,0x7e,0x0e,0x8c,0xfe,0xff,0x88,0xbf,0x0f,0x22,0x8f,0xbe,
    0x0d,0x00,0x90,0xbe,0xfe,0xff,0x88,0xbf,0x7e,0x0f,0x7e,0x8d,0x27,0x00,0xa5,0xbf,0x0e,0x00,0x90,0xbe,0x7e,0x00,0x91,0xbe,
    0x81,0x2c,0xa2,0x7d,0xfe,0xff,0x88,0xbf,0x7e,0x11,0x11,0x8d,0x0d,0x00,0xa5,0xbf,0x7c,0x00,0x0b,0xee,0x00,0x00,0x0c,0x00,
    0x00,0x00,0x00,0x00,0x00,0x00,0xc0,0xbf,0x00,0x00,0xc1,0xbf,0x7c,0xc0,0x10,0xee,0x14,0x00,0x1c,0x03,0x10,0x00,0x00,0x00,
    0x00,0x00,0xc0,0xbf,0x7c,0xc0,0x0a,0xee,0x00,0x00,0x0c,0x00,0x00,0x00,0x00,0x00,0x0e,0x7e,0x10,0x8c,0xfe,0xff,0x88,0xbf,
    0x11,0x22,0x91,0xbe,0x0d,0x00,0x92,0xbe,0xfe,0xff,0x88,0xbf,0x7e,0x11,0x7e,0x8d,0x81,0x2c,0xb4,0x7c,0x0d,0x7e,0x12,0x91,
    0x6a,0x7e,0x13,0x8b,0xfe,0xff,0x88,0xbf,0x12,0x13,0x12,0x8c,0x7e,0x11,0x7e,0x8c,0x09,0x00,0x87,0xbf,0x0e,0x7e,0x0e,0x91,
    0x10,0x7e,0x10,0x8b,0x0d,0x7e,0x11,0x91,0xfe,0xff,0x88,0xbf,0x12,0x7e,0x12,0x8b,0x0e,0x10,0x0e,0x8c,0xfe,0xff,0x88,0xbf,
    0x11,0x12,0x10,0x8c,0x7e,0x0f,0x7e,0x8c,0x09,0x00,0x87,0xbf,0x00,0x7e,0x00,0x91,0x0e,0x7e,0x0e,0x8b,0x0d,0x7e,0x0d,0x91,
    0xfe,0xff,0x88,0xbf,0x10,0x7e,0x0f,0x8b,0x00,0x0e,0x00,0x8c,0xfe,0xff,0x88,0xbf,0x0d,0x0f,0x0d,0x8c,0xfe,0xff,0x88,0xbf,
    0x7e,0x0c,0x7e,0x8c,0x0d,0x20,0x8c,0xbe,0x0d,0x00,0xa5,0xbf,0x7c,0x00,0x0b,0xee,0x00,0x00,0x0c,0x00,0x00,0x00,0x00,0x00,
    0x00,0x00,0xc0,0xbf,0x00,0x00,0xc1,0xbf,0x7c,0x40,0x10,0xee,0x14,0x00,0x1c,0x03,0x10,0x00,0x00,0x00,0x00,0x00,0xc0,0xbf,
    0x7c,0xc0,0x0a,0xee,0x00,0x00,0x0c,0x00,0x00,0x00,0x00,0x00,0x00,0x7e,0x00,0x8c,0xfe,0xff,0x88,0xbf,0x7e,0x0c,0x7e,0x8c,
    0x00,0x00,0xc0,0xbf,0x89,0x02,0x10,0x7e,0x80,0x00,0x8d,0xbe,0x00,0x20,0x8c,0xbe,0x05,0x00,0xa5,0xbf,0x80,0x02,0x10,0x7e,
    0x7e,0x00,0x8d,0xbe,0x7c,0xc0,0x06,0xee,0x00,0x00,0x0c,0x0a,0x12,0x00,0x00,0x00,0xfe,0xff,0x88,0xbf,0x7e,0x0c,0x7e,0x8c,
    0xc1,0x00,0x80,0xbe,0x0d,0x20,0x8c,0xbe,0xfb,0xfe,0xa5,0xbf,0x0c,0x6a,0x00,0xd7,0x0c,0x83,0x01,0x00,0xfd,0xff,0x88,0xbf,
    0x0d,0x7c,0x20,0xd5,0xc1,0x1a,0xaa,0x01,0x12,0x6a,0x00,0xd7,0x12,0x11,0x01,0x00,0xfd,0xff,0x88,0xbf,0x13,0x7c,0x20,0xd5,
    0x80,0x26,0xaa,0x01,0x03,0x00,0x87,0xbf,0x80,0x18,0xb4,0x7c,0x0e,0x00,0x00,0xd7,0x0e,0x31,0x01,0x00,0xfe,0xf1,0x88,0xbf,
    0x0f,0x7c,0x20,0xd5,0x80,0x1e,0x02,0x00,0x8a,0x02,0x10,0x7e,0x6a,0x7e,0x00,0x92,0xe7,0xfe,0xa0,0xbf,0x7e,0x0b,0x7e,0x8c,
    0x09,0x00,0x87,0xbf,0x7e,0x00,0x80,0xbe,0x8a,0x10,0x94,0x7d,0x0a,0x00,0xa5,0xbf,0x03,0x00,0x10,0xca,0x02,0x00,0x06,0x07,
    0x80,0x02,0x10,0x7e,0x7c,0x00,0x0b,0xee,0x00,0x00,0x0c,0x00,0x00,0x00,0x00,0x00,0x00,0x00,0xc1,0xbf,0x7c,0xc0,0x06,0xee,
    0x00,0x00,0x0c,0x03,0x00,0x80,0x00,0x00,0xfe,0xff,0x88,0xbf,0x7e,0x00,0x7e,0x8c,0xfe,0xff,0x88,0xbf,0x7e,0x0a,0x7e,0x8c,
    0xfe,0xff,0x88,0xbf,0x7e,0x09,0x7e,0x8c,0xfe,0xff,0x88,0xbf,0x7e,0x08,0x7e,0x8c,0xfe,0xff,0x88,0xbf,0x7e,0x07,0x7e,0x8c,
    0xc1,0x00,0x80,0xbe,0x7e,0x00,0x87,0xbe,0x80,0x10,0x94,0x7d,0x53,0xfe,0xa5,0xbf,0x02,0x81,0x82,0xa9,0x82,0x02,0x10,0x7e,
    0xfe,0xff,0x88,0xbf,0x02,0x80,0x10,0xbf,0xc1,0x80,0x00,0x98,0xfe,0xff,0x88,0xbf,0x00,0x7e,0x00,0x92,0x4b,0xfe,0xa0,0xbf,
    0x7e,0x06,0x7e,0x8c,0x09,0x00,0x87,0xbf,0x7e,0x00,0x80,0xbe,0x88,0x10,0x82,0x7d,0xfe,0xff,0x88,0xbf,0x7e,0x00,0x00,0x8d,
    0xfe,0xff,0x88,0xbf,0x00,0x22,0x80,0xbe,0x83,0x02,0x04,0x7e,0x80,0x02,0x06,0x7e,0xfe,0xff,0x88,0xbf,0x7e,0x00,0x7e,0x8d,
    0x08,0x00,0xa5,0xbf,0x81,0x02,0x04,0x7e,0x80,0x02,0x06,0x7e,0x7e,0x00,0x82,0xbe,0x88,0x10,0x94,0x7d,0x82,0x02,0x04,0x7e,
    0x80,0x02,0x06,0x7e,0xfe,0xff,0x88,0xbf,0x7e,0x02,0x7e,0x8c,0x09,0x00,0x87,0xbf,0x7e,0x00,0x7e,0x8c,0x7c,0x00,0x0b,0xee,
    0x00,0x00,0x0c,0x00,0x00,0x00,0x00,0x00,0x00,0x00,0xc0,0xbf,0x00,0x00,0xc1,0xbf,0x7c,0xc0,0x06,0xee,0x00,0x00,0x0c,0x01,
    0x00,0x00,0x02,0x00,0xfe,0xff,0x88,0xbf,0x7e,0x01,0x7e,0x8c,0x1e,0x48,0x80,0xbe,0x00,0x00,0x9f,0xbf,0x00,0x00,0x9f,0xbf,
    0x00,0x00,0x9f,0xbf,0x00,0x00,0x9f,0xbf,0x00,0x00,0x9f,0xbf,0x00,0x00,0x9f,0xbf,0x00,0x00,0x9f,0xbf,0x00,0x00,0x9f,0xbf,
    0x00,0x00,0x9f,0xbf,0x00,0x00,0x9f,0xbf,0x00,0x00,0x9f,0xbf,0x00,0x00,0x9f,0xbf,0x00,0x00,0x9f,0xbf,0x00,0x00,0x9f,0xbf,
    0x00,0x00,0x9f,0xbf,0x00,0x00,0x9f,0xbf,0x00,0x00,0x9f,0xbf,0x00,0x00,0x9f,0xbf,0x00,0x00,0x9f,0xbf,0x00,0x00,0x9f,0xbf,
    0x00,0x00,0x9f,0xbf,0x00,0x00,0x9f,0xbf,0x00,0x00,0x9f,0xbf,0x00,0x00,0x9f,0xbf,0x00,0x00,0x9f,0xbf,0x00,0x00,0x9f,0xbf,
    0x00,0x00,0x9f,0xbf,0x00,0x00,0x9f,0xbf,0x00,0x00,0x9f,0xbf,0x00,0x00,0x9f,0xbf,0x00,0x00,0x9f,0xbf,0x00,0x00,0x9f,0xbf,
    0x00,0x00,0x9f,0xbf,0x00,0x00,0x9f,0xbf,0x00,0x00,0x9f,0xbf,0x00,0x00,0x9f,0xbf,0x00,0x00,0x9f,0xbf,0x00,0x00,0x9f,0xbf,
    0x00,0x00,0x9f,0xbf,0x00,0x00,0x9f,0xbf,0x00,0x00,0x9f,0xbf,0x00,0x00,0x9f,0xbf,0x00,0x00,0x9f,0xbf,0x00,0x00,0x9f,0xbf,
    0x00,0x00,0x9f,0xbf,0x00,0x00,0x9f,0xbf,0x00,0x00,0x9f,0xbf,0x00,0x00,0x9f,0xbf,0x00,0x00,0x9f,0xbf,0x00,0x00,0x9f,0xbf,
    0x00,0x00,0x9f,0xbf,0x00,0x00,0x9f,0xbf,0x00,0x00,0x9f,0xbf,0x00,0x00,0x9f,0xbf,0x00,0x00,0x9f,0xbf,0x00,0x00,0x9f,0xbf,
    0x00,0x00,0x9f,0xbf,0x00,0x00,0x9f,0xbf,0x00,0x00,0x9f,0xbf,0x00,0x00,0x9f,0xbf,0x00,0x00,0x9f,0xbf,0x00,0x00,0x9f,0xbf,
    0x00,0x00,0x9f,0xbf,0x00,0x00,0x9f,0xbf,0x00,0x00,0x9f,0xbf,0x00,0x00,0x9f,0xbf,0x00,0x00,0x9f,0xbf,0x00,0x00,0x9f,0xbf,
    0x00,0x00,0x9f,0xbf,0x00,0x00,0x9f,0xbf,0x00,0x00,0x9f,0xbf,0x00,0x00,0x9f,0xbf,0x00,0x00,0x9f,0xbf,0x00,0x00,0x9f,0xbf,
    0x00,0x00,0x9f,0xbf,0x00,0x00,0x9f,0xbf,0x00,0x00,0x9f,0xbf,0x00,0x00,0x9f,0xbf,0x00,0x00,0x9f,0xbf,0x00,0x00,0x9f,0xbf,
    0x00,0x00,0x9f,0xbf,0x00,0x00,0x9f,0xbf,0x00,0x00,0x9f,0xbf,0x00,0x00,0x9f,0xbf,0x00,0x00,0x9f,0xbf,0x00,0x00,0x9f,0xbf,
    0x00,0x00,0x9f,0xbf,0x00,0x00,0x9f,0xbf,0x00,0x00,0x9f,0xbf,0x00,0x00,0x9f,0xbf,0x00,0x00,0x9f,0xbf,0x00,0x00,0x9f,0xbf,
    0x00,0x00,0x9f,0xbf,0x00,0x00,0x9f,0xbf,0x00,0x00,0x9f,0xbf,0x00,0x00,0x9f,0xbf,0x00,0x00,0x9f,0xbf,0x00,0x00,0x9f,0xbf,
    0x00,0x00,0x9f,0xbf,0x00,0x00,0x9f,0xbf,0x00,0x00,0x9f,0xbf,0x00,0x00,0x9f,0xbf,0x00,0x00,0x9f,0xbf,0x00,0x00,0x9f,0xbf,
    0x00,0x00,0x9f,0xbf,0x00,0x00,0x9f,0xbf,0x00,0x00,0x9f,0xbf,0x00,0x00,0x9f,0xbf,0x00,0x00,0x9f,0xbf,0x00,0x00,0x9f,0xbf,
    0x00,0x00,0x9f,0xbf,0x00,0x00,0x9f,0xbf,0x00,0x00,0x9f,0xbf,0x00,0x00,0x9f,0xbf,0x00,0x00,0x9f,0xbf,0x00,0x00,0x9f,0xbf,
    0x00,0x00,0x9f,0xbf,0x00,0x00,0x9f,0xbf,0x00,0x00,0x9f,0xbf,0x00,0x00,0x9f,0xbf,0x06,0x00,0x00,0x00,0x00,0x00,0x00,0x00,
    0x08,0x05,0x00,0x00,0x00,0x00,0x00,0x00,0x0b,0x00,0x00,0x00,0x00,0x00,0x00,0x00,0x18,0x00,0x00,0x00,0x00,0x00,0x00,0x00,
    0x05,0x00,0x00,0x00,0x00,0x00,0x00,0x00,0xb8,0x05,0x00,0x00,0x00,0x00,0x00,0x00,0x0a,0x00,0x00,0x00,0x00,0x00,0x00,0x00,
    0x5e,0x00,0x00,0x00,0x00,0x00,0x00,0x00,0xf5,0xfe,0xff,0x6f,0x00,0x00,0x00,0x00,0x68,0x05,0x00,0x00,0x00,0x00,0x00,0x00,
    0x04,0x00,0x00,0x00,0x00,0x00,0x00,0x00,0x90,0x05,0x00,0x00,0x00,0x00,0x00,0x00,0x00,0x00,0x00,0x00,0x00,0x00,0x00,0x00,
    0x00,0x00,0x00,0x00,0x00,0x00,0x00,0x00,0x48,0x6f,0x6d,0x65,0x62,0x72,0x65,0x77,0x20,0x63,0x6c,0x61,0x6e,0x67,0x20,0x76,
    0x65,0x72,0x73,0x69,0x6f,0x6e,0x20,0x32,0x31,0x2e,0x31,0x2e,0x38,0x00,0x00,0x4c,0x69,0x6e,0x6b,0x65,0x72,0x3a,0x20,0x48,
    0x6f,0x6d,0x65,0x62,0x72,0x65,0x77,0x20,0x4c,0x4c,0x44,0x20,0x32,0x31,0x2e,0x31,0x2e,0x38,0x00,0x00,0x00,0x00,0x00,0x00,
    0x00,0x00,0x00,0x00,0x00,0x00,0x00,0x00,0x00,0x00,0x00,0x00,0x00,0x00,0x00,0x00,0x00,0x00,0x00,0x00,0x00,0x00,0x00,0x00,
    0x01,0x00,0x00,0x00,0x00,0x00,0xf1,0xff,0x00,0x00,0x00,0x00,0x00,0x00,0x00,0x00,0x00,0x00,0x00,0x00,0x00,0x00,0x00,0x00,
    0x29,0x00,0x00,0x00,0x00,0x00,0xf1,0xff,0x00,0x00,0x00,0x00,0x00,0x00,0x00,0x00,0x00,0x00,0x00,0x00,0x00,0x00,0x00,0x00,
    0x49,0x00,0x00,0x00,0x00,0x00,0xf1,0xff,0x10,0x00,0x00,0x00,0x00,0x00,0x00,0x00,0x00,0x00,0x00,0x00,0x00,0x00,0x00,0x00,
    0x69,0x00,0x00,0x00,0x00,0x00,0xf1,0xff,0x16,0x00,0x00,0x00,0x00,0x00,0x00,0x00,0x00,0x00,0x00,0x00,0x00,0x00,0x00,0x00,
    0x8e,0x00,0x00,0x00,0x00,0x00,0xf1,0xff,0x01,0x00,0x00,0x00,0x00,0x00,0x00,0x00,0x00,0x00,0x00,0x00,0x00,0x00,0x00,0x00,
    0xae,0x00,0x00,0x00,0x00,0x00,0xf1,0xff,0x00,0x00,0x00,0x00,0x00,0x00,0x00,0x00,0x00,0x00,0x00,0x00,0x00,0x00,0x00,0x00,
    0xd7,0x00,0x00,0x00,0x00,0x00,0xf1,0xff,0x00,0x00,0x00,0x00,0x00,0x00,0x00,0x00,0x00,0x00,0x00,0x00,0x00,0x00,0x00,0x00,
    0x02,0x01,0x00,0x00,0x00,0x00,0xf1,0xff,0x00,0x00,0x00,0x00,0x00,0x00,0x00,0x00,0x00,0x00,0x00,0x00,0x00,0x00,0x00,0x00,
    0x84,0x01,0x00,0x00,0x00,0x02,0x08,0x00,0x00,0x39,0x00,0x00,0x00,0x00,0x00,0x00,0x00,0x00,0x00,0x00,0x00,0x00,0x00,0x00,
    0x27,0x01,0x00,0x00,0x12,0x03,0x07,0x00,0x00,0x17,0x00,0x00,0x00,0x00,0x00,0x00,0x24,0x08,0x00,0x00,0x00,0x00,0x00,0x00,
    0x3e,0x01,0x00,0x00,0x11,0x03,0x06,0x00,0x40,0x06,0x00,0x00,0x00,0x00,0x00,0x00,0x40,0x00,0x00,0x00,0x00,0x00,0x00,0x00,
    0x58,0x01,0x00,0x00,0x12,0x03,0x07,0x00,0x24,0x1f,0x00,0x00,0x00,0x00,0x00,0x00,0xfc,0x07,0x00,0x00,0x00,0x00,0x00,0x00,
    0x00,0x2e,0x6e,0x6f,0x74,0x65,0x00,0x2e,0x64,0x79,0x6e,0x73,0x79,0x6d,0x00,0x2e,0x67,0x6e,0x75,0x2e,0x68,0x61,0x73,0x68,
    0x00,0x2e,0x68,0x61,0x73,0x68,0x00,0x2e,0x64,0x79,0x6e,0x73,0x74,0x72,0x00,0x2e,0x72,0x6f,0x64,0x61,0x74,0x61,0x00,0x2e,
    0x74,0x65,0x78,0x74,0x00,0x2e,0x64,0x79,0x6e,0x61,0x6d,0x69,0x63,0x00,0x2e,0x72,0x65,0x6c,0x72,0x6f,0x5f,0x70,0x61,0x64,
    0x64,0x69,0x6e,0x67,0x00,0x2e,0x41,0x4d,0x44,0x47,0x50,0x55,0x2e,0x67,0x70,0x72,0x5f,0x6d,0x61,0x78,0x69,0x6d,0x75,0x6d,
    0x73,0x00,0x2e,0x63,0x6f,0x6d,0x6d,0x65,0x6e,0x74,0x00,0x2e,0x73,0x79,0x6d,0x74,0x61,0x62,0x00,0x2e,0x73,0x68,0x73,0x74,
    0x72,0x74,0x61,0x62,0x00,0x2e,0x73,0x74,0x72,0x74,0x61,0x62,0x00,0x00,0x73,0x69,0x67,0x6e,0x61,0x6c,0x5f,0x6d,0x61,0x69,
    0x6c,0x62,0x6f,0x78,0x5f,0x73,0x65,0x72,0x76,0x69,0x63,0x65,0x2e,0x70,0x72,0x69,0x76,0x61,0x74,0x65,0x5f,0x73,0x65,0x67,
    0x5f,0x73,0x69,0x7a,0x65,0x00,0x73,0x69,0x67,0x6e,0x61,0x6c,0x5f,0x6d,0x61,0x69,0x6c,0x62,0x6f,0x78,0x5f,0x73,0x65,0x72,
    0x76,0x69,0x63,0x65,0x2e,0x6e,0x75,0x6d,0x5f,0x61,0x67,0x70,0x72,0x00,0x73,0x69,0x67,0x6e,0x61,0x6c,0x5f,0x6d,0x61,0x69,
    0x6c,0x62,0x6f,0x78,0x5f,0x73,0x65,0x72,0x76,0x69,0x63,0x65,0x2e,0x6e,0x75,0x6d,0x5f,0x76,0x67,0x70,0x72,0x00,0x73,0x69,
    0x67,0x6e,0x61,0x6c,0x5f,0x6d,0x61,0x69,0x6c,0x62,0x6f,0x78,0x5f,0x73,0x65,0x72,0x76,0x69,0x63,0x65,0x2e,0x6e,0x75,0x6d,
    0x62,0x65,0x72,0x65,0x64,0x5f,0x73,0x67,0x70,0x72,0x00,0x73,0x69,0x67,0x6e,0x61,0x6c,0x5f,0x6d,0x61,0x69,0x6c,0x62,0x6f,
    0x78,0x5f,0x73,0x65,0x72,0x76,0x69,0x63,0x65,0x2e,0x75,0x73,0x65,0x73,0x5f,0x76,0x63,0x63,0x00,0x73,0x69,0x67,0x6e,0x61,
    0x6c,0x5f,0x6d,0x61,0x69,0x6c,0x62,0x6f,0x78,0x5f,0x73,0x65,0x72,0x76,0x69,0x63,0x65,0x2e,0x75,0x73,0x65,0x73,0x5f,0x66,
    0x6c,0x61,0x74,0x5f,0x73,0x63,0x72,0x61,0x74,0x63,0x68,0x00,0x73,0x69,0x67,0x6e,0x61,0x6c,0x5f,0x6d,0x61,0x69,0x6c,0x62,
    0x6f,0x78,0x5f,0x73,0x65,0x72,0x76,0x69,0x63,0x65,0x2e,0x68,0x61,0x73,0x5f,0x64,0x79,0x6e,0x5f,0x73,0x69,0x7a,0x65,0x64,
    0x5f,0x73,0x74,0x61,0x63,0x6b,0x00,0x73,0x69,0x67,0x6e,0x61,0x6c,0x5f,0x6d,0x61,0x69,0x6c,0x62,0x6f,0x78,0x5f,0x73,0x65,
    0x72,0x76,0x69,0x63,0x65,0x2e,0x68,0x61,0x73,0x5f,0x72,0x65,0x63,0x75,0x72,0x73,0x69,0x6f,0x6e,0x00,0x73,0x69,0x67,0x6e,
    0x61,0x6c,0x5f,0x6d,0x61,0x69,0x6c,0x62,0x6f,0x78,0x5f,0x73,0x65,0x72,0x76,0x69,0x63,0x65,0x00,0x73,0x69,0x67,0x6e,0x61,
    0x6c,0x5f,0x6d,0x61,0x69,0x6c,0x62,0x6f,0x78,0x5f,0x73,0x65,0x72,0x76,0x69,0x63,0x65,0x2e,0x6b,0x64,0x00,0x5f,0x5f,0x63,
    0x6c,0x61,0x6e,0x67,0x5f,0x6f,0x63,0x6c,0x5f,0x6b,0x65,0x72,0x6e,0x5f,0x69,0x6d,0x70,0x5f,0x73,0x69,0x67,0x6e,0x61,0x6c,
    0x5f,0x6d,0x61,0x69,0x6c,0x62,0x6f,0x78,0x5f,0x73,0x65,0x72,0x76,0x69,0x63,0x65,0x00,0x5f,0x44,0x59,0x4e,0x41,0x4d,0x49,
    0x43,0x00,0x00,0x00,0x00,0x00,0x00,0x00,0x00,0x00,0x00,0x00,0x00,0x00,0x00,0x00,0x00,0x00,0x00,0x00,0x00,0x00,0x00,0x00,
    0x00,0x00,0x00,0x00,0x00,0x00,0x00,0x00,0x00,0x00,0x00,0x00,0x00,0x00,0x00,0x00,0x00,0x00,0x00,0x00,0x00,0x00,0x00,0x00,
    0x00,0x00,0x00,0x00,0x00,0x00,0x00,0x00,0x00,0x00,0x00,0x00,0x00,0x00,0x00,0x00,0x00,0x00,0x00,0x00,0x00,0x00,0x00,0x00,
    0x01,0x00,0x00,0x00,0x07,0x00,0x00,0x00,0x02,0x00,0x00,0x00,0x00,0x00,0x00,0x00,0x00,0x02,0x00,0x00,0x00,0x00,0x00,0x00,
    0x00,0x02,0x00,0x00,0x00,0x00,0x00,0x00,0x08,0x03,0x00,0x00,0x00,0x00,0x00,0x00,0x00,0x00,0x00,0x00,0x00,0x00,0x00,0x00,
    0x04,0x00,0x00,0x00,0x00,0x00,0x00,0x00,0x00,0x00,0x00,0x00,0x00,0x00,0x00,0x00,0x07,0x00,0x00,0x00,0x0b,0x00,0x00,0x00,
    0x02,0x00,0x00,0x00,0x00,0x00,0x00,0x00,0x08,0x05,0x00,0x00,0x00,0x00,0x00,0x00,0x08,0x05,0x00,0x00,0x00,0x00,0x00,0x00,
    0x60,0x00,0x00,0x00,0x00,0x00,0x00,0x00,0x05,0x00,0x00,0x00,0x01,0x00,0x00,0x00,0x08,0x00,0x00,0x00,0x00,0x00,0x00,0x00,
    0x18,0x00,0x00,0x00,0x00,0x00,0x00,0x00,0x0f,0x00,0x00,0x00,0xf6,0xff,0xff,0x6f,0x02,0x00,0x00,0x00,0x00,0x00,0x00,0x00,
    0x68,0x05,0x00,0x00,0x00,0x00,0x00,0x00,0x68,0x05,0x00,0x00,0x00,0x00,0x00,0x00,0x28,0x00,0x00,0x00,0x00,0x00,0x00,0x00,
    0x02,0x00,0x00,0x00,0x00,0x00,0x00,0x00,0x08,0x00,0x00,0x00,0x00,0x00,0x00,0x00,0x00,0x00,0x00,0x00,0x00,0x00,0x00,0x00,
    0x19,0x00,0x00,0x00,0x05,0x00,0x00,0x00,0x02,0x00,0x00,0x00,0x00,0x00,0x00,0x00,0x90,0x05,0x00,0x00,0x00,0x00,0x00,0x00,
    0x90,0x05,0x00,0x00,0x00,0x00,0x00,0x00,0x28,0x00,0x00,0x00,0x00,0x00,0x00,0x00,0x02,0x00,0x00,0x00,0x00,0x00,0x00,0x00,
    0x04,0x00,0x00,0x00,0x00,0x00,0x00,0x00,0x04,0x00,0x00,0x00,0x00,0x00,0x00,0x00,0x1f,0x00,0x00,0x00,0x03,0x00,0x00,0x00,
    0x02,0x00,0x00,0x00,0x00,0x00,0x00,0x00,0xb8,0x05,0x00,0x00,0x00,0x00,0x00,0x00,0xb8,0x05,0x00,0x00,0x00,0x00,0x00,0x00,
    0x5e,0x00,0x00,0x00,0x00,0x00,0x00,0x00,0x00,0x00,0x00,0x00,0x00,0x00,0x00,0x00,0x01,0x00,0x00,0x00,0x00,0x00,0x00,0x00,
    0x00,0x00,0x00,0x00,0x00,0x00,0x00,0x00,0x27,0x00,0x00,0x00,0x01,0x00,0x00,0x00,0x02,0x00,0x00,0x00,0x00,0x00,0x00,0x00,
    0x40,0x06,0x00,0x00,0x00,0x00,0x00,0x00,0x40,0x06,0x00,0x00,0x00,0x00,0x00,0x00,0x40,0x00,0x00,0x00,0x00,0x00,0x00,0x00,
    0x00,0x00,0x00,0x00,0x00,0x00,0x00,0x00,0x40,0x00,0x00,0x00,0x00,0x00,0x00,0x00,0x00,0x00,0x00,0x00,0x00,0x00,0x00,0x00,
    0x2f,0x00,0x00,0x00,0x01,0x00,0x00,0x00,0x06,0x00,0x00,0x00,0x00,0x00,0x00,0x00,0x00,0x17,0x00,0x00,0x00,0x00,0x00,0x00,
    0x00,0x07,0x00,0x00,0x00,0x00,0x00,0x00,0x00,0x12,0x00,0x00,0x00,0x00,0x00,0x00,0x00,0x00,0x00,0x00,0x00,0x00,0x00,0x00,
    0x00,0x01,0x00,0x00,0x00,0x00,0x00,0x00,0x00,0x00,0x00,0x00,0x00,0x00,0x00,0x00,0x35,0x00,0x00,0x00,0x06,0x00,0x00,0x00,
    0x03,0x00,0x00,0x00,0x00,0x00,0x00,0x00,0x00,0x39,0x00,0x00,0x00,0x00,0x00,0x00,0x00,0x19,0x00,0x00,0x00,0x00,0x00,0x00,
    0x70,0x00,0x00,0x00,0x00,0x00,0x00,0x00,0x05,0x00,0x00,0x00,0x00,0x00,0x00,0x00,0x08,0x00,0x00,0x00,0x00,0x00,0x00,0x00,
    0x10,0x00,0x00,0x00,0x00,0x00,0x00,0x00,0x3e,0x00,0x00,0x00,0x08,0x00,0x00,0x00,0x03,0x00,0x00,0x00,0x00,0x00,0x00,0x00,
    0x70,0x39,0x00,0x00,0x00,0x00,0x00,0x00,0x70,0x19,0x00,0x00,0x00,0x00,0x00,0x00,0x90,0x06,0x00,0x00,0x00,0x00,0x00,0x00,
    0x00,0x00,0x00,0x00,0x00,0x00,0x00,0x00,0x01,0x00,0x00,0x00,0x00,0x00,0x00,0x00,0x00,0x00,0x00,0x00,0x00,0x00,0x00,0x00,
    0x4d,0x00,0x00,0x00,0x01,0x00,0x00,0x00,0x00,0x00,0x00,0x00,0x00,0x00,0x00,0x00,0x00,0x00,0x00,0x00,0x00,0x00,0x00,0x00,
    0x70,0x19,0x00,0x00,0x00,0x00,0x00,0x00,0x00,0x00,0x00,0x00,0x00,0x00,0x00,0x00,0x00,0x00,0x00,0x00,0x00,0x00,0x00,0x00,
    0x01,0x00,0x00,0x00,0x00,0x00,0x00,0x00,0x00,0x00,0x00,0x00,0x00,0x00,0x00,0x00,0x62,0x00,0x00,0x00,0x01,0x00,0x00,0x00,
    0x30,0x00,0x00,0x00,0x00,0x00,0x00,0x00,0x00,0x00,0x00,0x00,0x00,0x00,0x00,0x00,0x70,0x19,0x00,0x00,0x00,0x00,0x00,0x00,
    0x3b,0x00,0x00,0x00,0x00,0x00,0x00,0x00,0x00,0x00,0x00,0x00,0x00,0x00,0x00,0x00,0x01,0x00,0x00,0x00,0x00,0x00,0x00,0x00,
    0x01,0x00,0x00,0x00,0x00,0x00,0x00,0x00,0x6b,0x00,0x00,0x00,0x02,0x00,0x00,0x00,0x00,0x00,0x00,0x00,0x00,0x00,0x00,0x00,
    0x00,0x00,0x00,0x00,0x00,0x00,0x00,0x00,0xb0,0x19,0x00,0x00,0x00,0x00,0x00,0x00,0x38,0x01,0x00,0x00,0x00,0x00,0x00,0x00,
    0x0e,0x00,0x00,0x00,0x0a,0x00,0x00,0x00,0x08,0x00,0x00,0x00,0x00,0x00,0x00,0x00,0x18,0x00,0x00,0x00,0x00,0x00,0x00,0x00,
    0x73,0x00,0x00,0x00,0x03,0x00,0x00,0x00,0x00,0x00,0x00,0x00,0x00,0x00,0x00,0x00,0x00,0x00,0x00,0x00,0x00,0x00,0x00,0x00,
    0xe8,0x1a,0x00,0x00,0x00,0x00,0x00,0x00,0x85,0x00,0x00,0x00,0x00,0x00,0x00,0x00,0x00,0x00,0x00,0x00,0x00,0x00,0x00,0x00,
    0x01,0x00,0x00,0x00,0x00,0x00,0x00,0x00,0x00,0x00,0x00,0x00,0x00,0x00,0x00,0x00,0x7d,0x00,0x00,0x00,0x03,0x00,0x00,0x00,
    0x00,0x00,0x00,0x00,0x00,0x00,0x00,0x00,0x00,0x00,0x00,0x00,0x00,0x00,0x00,0x00,0x6d,0x1b,0x00,0x00,0x00,0x00,0x00,0x00,
    0x8d,0x01,0x00,0x00,0x00,0x00,0x00,0x00,0x00,0x00,0x00,0x00,0x00,0x00,0x00,0x00,0x01,0x00,0x00,0x00,0x00,0x00,0x00,0x00,
    0x00,0x00,0x00,0x00,0x00,0x00,0x00,0x00,
};
}
namespace gfx908 {
// gfx908 signal_operations: e_flags=0x00000530, 5056 bytes
inline constexpr uint8_t signal_operations[] = {
    0x7f,0x45,0x4c,0x46,0x02,0x01,0x01,0x40,0x04,0x00,0x00,0x00,0x00,0x00,0x00,0x00,0x03,0x00,0xe0,0x00,0x01,0x00,0x00,0x00,
    0x00,0x00,0x00,0x00,0x00,0x00,0x00,0x00,0x40,0x00,0x00,0x00,0x00,0x00,0x00,0x00,0x00,0x10,0x00,0x00,0x00,0x00,0x00,0x00,
    0x30,0x05,0x00,0x00,0x40,0x00,0x38,0x00,0x08,0x00,0x40,0x00,0x0f,0x00,0x0d,0x00,0x06,0x00,0x00,0x00,0x04,0x00,0x00,0x00,
    0x40,0x00,0x00,0x00,0x00,0x00,0x00,0x00,0x40,0x00,0x00,0x00,0x00,0x00,0x00,0x00,0x40,0x00,0x00,0x00,0x00,0x00,0x00,0x00,
    0xc0,0x01,0x00,0x00,0x00,0x00,0x00,0x00,0xc0,0x01,0x00,0x00,0x00,0x00,0x00,0x00,0x08,0x00,0x00,0x00,0x00,0x00,0x00,0x00,
    0x01,0x00,0x00,0x00,0x04,0x00,0x00,0x00,0x00,0x00,0x00,0x00,0x00,0x00,0x00,0x00,0x00,0x00,0x00,0x00,0x00,0x00,0x00,0x00,
    0x00,0x00,0x00,0x00,0x00,0x00,0x00,0x00,0x80,0x06,0x00,0x00,0x00,0x00,0x00,0x00,0x80,0x06,0x00,0x00,0x00,0x00,0x00,0x00,
    0x00,0x10,0x00,0x00,0x00,0x00,0x00,0x00,0x01,0x00,0x00,0x00,0x05,0x00,0x00,0x00,0x00,0x07,0x00,0x00,0x00,0x00,0x00,0x00,
    0x00,0x17,0x00,0x00,0x00,0x00,0x00,0x00,0x00,0x17,0x00,0x00,0x00,0x00,0x00,0x00,0x48,0x05,0x00,0x00,0x00,0x00,0x00,0x00,
    0x48,0x05,0x00,0x00,0x00,0x00,0x00,0x00,0x00,0x10,0x00,0x00,0x00,0x00,0x00,0x00,0x01,0x00,0x00,0x00,0x06,0x00,0x00,0x00,
    0x48,0x0c,0x00,0x00,0x00,0x00,0x00,0x00,0x48,0x2c,0x00,0x00,0x00,0x00,0x00,0x00,0x48,0x2c,0x00,0x00,0x00,0x00,0x00,0x00,
    0x70,0x00,0x00,0x00,0x00,0x00,0x00,0x00,0xb8,0x03,0x00,0x00,0x00,0x00,0x00,0x00,0x00,0x10,0x00,0x00,0x00,0x00,0x00,0x00,
    0x02,0x00,0x00,0x00,0x06,0x00,0x00,0x00,0x48,0x0c,0x00,0x00,0x00,0x00,0x00,0x00,0x48,0x2c,0x00,0x00,0x00,0x00,0x00,0x00,
    0x48,0x2c,0x00,0x00,0x00,0x00,0x00,0x00,0x70,0x00,0x00,0x00,0x00,0x00,0x00,0x00,0x70,0x00,0x00,0x00,0x00,0x00,0x00,0x00,
    0x08,0x00,0x00,0x00,0x00,0x00,0x00,0x00,0x52,0xe5,0x74,0x64,0x04,0x00,0x00,0x00,0x48,0x0c,0x00,0x00,0x00,0x00,0x00,0x00,
    0x48,0x2c,0x00,0x00,0x00,0x00,0x00,0x00,0x48,0x2c,0x00,0x00,0x00,0x00,0x00,0x00,0x70,0x00,0x00,0x00,0x00,0x00,0x00,0x00,
    0xb8,0x03,0x00,0x00,0x00,0x00,0x00,0x00,0x01,0x00,0x00,0x00,0x00,0x00,0x00,0x00,0x51,0xe5,0x74,0x64,0x06,0x00,0x00,0x00,
    0x00,0x00,0x00,0x00,0x00,0x00,0x00,0x00,0x00,0x00,0x00,0x00,0x00,0x00,0x00,0x00,0x00,0x00,0x00,0x00,0x00,0x00,0x00,0x00,
    0x00,0x00,0x00,0x00,0x00,0x00,0x00,0x00,0x00,0x00,0x00,0x00,0x00,0x00,0x00,0x00,0x00,0x00,0x00,0x00,0x00,0x00,0x00,0x00,
    0x04,0x00,0x00,0x00,0x04,0x00,0x00,0x00,0x00,0x02,0x00,0x00,0x00,0x00,0x00,0x00,0x00,0x02,0x00,0x00,0x00,0x00,0x00,0x00,
    0x00,0x02,0x00,0x00,0x00,0x00,0x00,0x00,0x18,0x03,0x00,0x00,0x00,0x00,0x00,0x00,0x18,0x03,0x00,0x00,0x00,0x00,0x00,0x00,
    0x04,0x00,0x00,0x00,0x00,0x00,0x00,0x00,0x07,0x00,0x00,0x00,0x03,0x03,0x00,0x00,0x20,0x00,0x00,0x00,0x41,0x4d,0x44,0x47,
    0x50,0x55,0x00,0x00,0x83,0xae,0x61,0x6d,0x64,0x68,0x73,0x61,0x2e,0x6b,0x65,0x72,0x6e,0x65,0x6c,0x73,0x91,0xde,0x00,0x12,
    0xab,0x2e,0x61,0x67,0x70,0x72,0x5f,0x63,0x6f,0x75,0x6e,0x74,0x00,0xa5,0x2e,0x61,0x72,0x67,0x73,0x95,0x85,0xae,0x2e,0x61,
    0x64,0x64,0x72,0x65,0x73,0x73,0x5f,0x73,0x70,0x61,0x63,0x65,0xa6,0x67,0x6c,0x6f,0x62,0x61,0x6c,0xa7,0x2e,0x6f,0x66,0x66,
    0x73,0x65,0x74,0x00,0xa5,0x2e,0x73,0x69,0x7a,0x65,0x08,0xaa,0x2e,0x74,0x79,0x70,0x65,0x5f,0x6e,0x61,0x6d,0x65,0xa5,0x6c,
    0x6f,0x6e,0x67,0x2a,0xab,0x2e,0x76,0x61,0x6c,0x75,0x65,0x5f,0x6b,0x69,0x6e,0x64,0xad,0x67,0x6c,0x6f,0x62,0x61,0x6c,0x5f,
    0x62,0x75,0x66,0x66,0x65,0x72,0x85,0xae,0x2e,0x61,0x64,0x64,0x72,0x65,0x73,0x73,0x5f,0x73,0x70,0x61,0x63,0x65,0xa6,0x67,
    0x6c,0x6f,0x62,0x61,0x6c,0xa7,0x2e,0x6f,0x66,0x66,0x73,0x65,0x74,0x08,0xa5,0x2e,0x73,0x69,0x7a,0x65,0x08,0xaa,0x2e,0x74,
    0x79,0x70,0x65,0x5f,0x6e,0x61,0x6d,0x65,0xa5,0x6c,0x6f,0x6e,0x67,0x2a,0xab,0x2e,0x76,0x61,0x6c,0x75,0x65,0x5f,0x6b,0x69,
    0x6e,0x64,0xad,0x67,0x6c,0x6f,0x62,0x61,0x6c,0x5f,0x62,0x75,0x66,0x66,0x65,0x72,0x84,0xa7,0x2e,0x6f,0x66,0x66,0x73,0x65,
    0x74,0x10,0xa5,0x2e,0x73,0x69,0x7a,0x65,0x08,0xaa,0x2e,0x74,0x79,0x70,0x65,0x5f,0x6e,0x61,0x6d,0x65,0xa4,0x6c,0x6f,0x6e,
    0x67,0xab,0x2e,0x76,0x61,0x6c,0x75,0x65,0x5f,0x6b,0x69,0x6e,0x64,0xa8,0x62,0x79,0x5f,0x76,0x61,0x6c,0x75,0x65,0x84,0xa7,
    0x2e,0x6f,0x66,0x66,0x73,0x65,0x74,0x18,0xa5,0x2e,0x73,0x69,0x7a,0x65,0x08,0xaa,0x2e,0x74,0x79,0x70,0x65,0x5f,0x6e,0x61,
    0x6d,0x65,0xa4,0x6c,0x6f,0x6e,0x67,0xab,0x2e,0x76,0x61,0x6c,0x75,0x65,0x5f,0x6b,0x69,0x6e,0x64,0xa8,0x62,0x79,0x5f,0x76,
    0x61,0x6c,0x75,0x65,0x84,0xa7,0x2e,0x6f,0x66,0x66,0x73,0x65,0x74,0x20,0xa5,0x2e,0x73,0x69,0x7a,0x65,0x04,0xaa,0x2e,0x74,
    0x79,0x70,0x65,0x5f,0x6e,0x61,0x6d,0x65,0xa4,0x75,0x69,0x6e,0x74,0xab,0x2e,0x76,0x61,0x6c,0x75,0x65,0x5f,0x6b,0x69,0x6e,
    0x64,0xa8,0x62,0x79,0x5f,0x76,0x61,0x6c,0x75,0x65,0xb9,0x2e,0x67,0x72,0x6f,0x75,0x70,0x5f,0x73,0x65,0x67,0x6d,0x65,0x6e,
    0x74,0x5f,0x66,0x69,0x78,0x65,0x64,0x5f,0x73,0x69,0x7a,0x65,0x00,0xb6,0x2e,0x6b,0x65,0x72,0x6e,0x61,0x72,0x67,0x5f,0x73,
    0x65,0x67,0x6d,0x65,0x6e,0x74,0x5f,0x61,0x6c,0x69,0x67,0x6e,0x08,0xb5,0x2e,0x6b,0x65,0x72,0x6e,0x61,0x72,0x67,0x5f,0x73,
    0x65,0x67,0x6d,0x65,0x6e,0x74,0x5f,0x73,0x69,0x7a,0x65,0x24,0xa9,0x2e,0x6c,0x61,0x6e,0x67,0x75,0x61,0x67,0x65,0xa8,0x4f,
    0x70,0x65,0x6e,0x43,0x4c,0x20,0x43,0xb1,0x2e,0x6c,0x61,0x6e,0x67,0x75,0x61,0x67,0x65,0x5f,0x76,0x65,0x72,0x73,0x69,0x6f,
    0x6e,0x92,0x02,0x00,0xb8,0x2e,0x6d,0x61,0x78,0x5f,0x66,0x6c,0x61,0x74,0x5f,0x77,0x6f,0x72,0x6b,0x67,0x72,0x6f,0x75,0x70,
    0x5f,0x73,0x69,0x7a,0x65,0x20,0xa5,0x2e,0x6e,0x61,0x6d,0x65,0xb0,0x73,0x69,0x67,0x6e,0x61,0x6c,0x5f,0x6f,0x70,0x65,0x72,
    0x61,0x74,0x69,0x6f,0x6e,0xbb,0x2e,0x70,0x72,0x69,0x76,0x61,0x74,0x65,0x5f,0x73,0x65,0x67,0x6d,0x65,0x6e,0x74,0x5f,0x66,
    0x69,0x78,0x65,0x64,0x5f,0x73,0x69,0x7a,0x65,0x00,0xb4,0x2e,0x72,0x65,0x71,0x64,0x5f,0x77,0x6f,0x72,0x6b,0x67,0x72,0x6f,
    0x75,0x70,0x5f,0x73,0x69,0x7a,0x65,0x93,0x20,0x01,0x01,0xab,0x2e,0x73,0x67,0x70,0x72,0x5f,0x63,0x6f,0x75,0x6e,0x74,0x14,
    0xb1,0x2e,0x73,0x67,0x70,0x72,0x5f,0x73,0x70,0x69,0x6c,0x6c,0x5f,0x63,0x6f,0x75,0x6e,0x74,0x00,0xa7,0x2e,0x73,0x79,0x6d,
    0x62,0x6f,0x6c,0xb3,0x73,0x69,0x67,0x6e,0x61,0x6c,0x5f,0x6f,0x70,0x65,0x72,0x61,0x74,0x69,0x6f,0x6e,0x2e,0x6b,0x64,0xb3,
    0x2e,0x75,0x73,0x65,0x73,0x5f,0x64,0x79,0x6e,0x61,0x6d,0x69,0x63,0x5f,0x73,0x74,0x61,0x63,0x6b,0xc2,0xab,0x2e,0x76,0x67,
    0x70,0x72,0x5f,0x63,0x6f,0x75,0x6e,0x74,0x05,0xb1,0x2e,0x76,0x67,0x70,0x72,0x5f,0x73,0x70,0x69,0x6c,0x6c,0x5f,0x63,0x6f,
    0x75,0x6e,0x74,0x00,0xaf,0x2e,0x77,0x61,0x76,0x65,0x66,0x72,0x6f,0x6e,0x74,0x5f,0x73,0x69,0x7a,0x65,0x40,0xad,0x61,0x6d,
    0x64,0x68,0x73,0x61,0x2e,0x74,0x61,0x72,0x67,0x65,0x74,0xb9,0x61,0x6d,0x64,0x67,0x63,0x6e,0x2d,0x61,0x6d,0x64,0x2d,0x61,
    0x6d,0x64,0x68,0x73,0x61,0x2d,0x2d,0x67,0x66,0x78,0x39,0x30,0x38,0xae,0x61,0x6d,0x64,0x68,0x73,0x61,0x2e,0x76,0x65,0x72,
    0x73,0x69,0x6f,0x6e,0x92,0x01,0x02,0x00,0x00,0x00,0x00,0x00,0x00,0x00,0x00,0x00,0x00,0x00,0x00,0x00,0x00,0x00,0x00,0x00,
    0x00,0x00,0x00,0x00,0x00,0x00,0x00,0x00,0x01,0x00,0x00,0x00,0x12,0x03,0x07,0x00,0x00,0x17,0x00,0x00,0x00,0x00,0x00,0x00,
    0x64,0x03,0x00,0x00,0x00,0x00,0x00,0x00,0x12,0x00,0x00,0x00,0x11,0x03,0x06,0x00,0x40,0x06,0x00,0x00,0x00,0x00,0x00,0x00,
    0x40,0x00,0x00,0x00,0x00,0x00,0x00,0x00,0x26,0x00,0x00,0x00,0x12,0x03,0x07,0x00,0x64,0x1a,0x00,0x00,0x00,0x00,0x00,0x00,
    0xe4,0x01,0x00,0x00,0x00,0x00,0x00,0x00,0x01,0x00,0x00,0x00,0x01,0x00,0x00,0x00,0x01,0x00,0x00,0x00,0x1a,0x00,0x00,0x00,
    0x00,0x00,0x89,0x00,0x40,0x00,0x01,0x10,0x01,0x00,0x00,0x00,0xd2,0x64,0x68,0xc1,0xd0,0x69,0xb2,0x5f,0xe7,0x24,0x33,0xf0,
    0x04,0x00,0x00,0x00,0x04,0x00,0x00,0x00,0x02,0x00,0x00,0x00,0x00,0x00,0x00,0x00,0x03,0x00,0x00,0x00,0x00,0x00,0x00,0x00,
    0x00,0x00,0x00,0x00,0x00,0x00,0x00,0x00,0x00,0x00,0x00,0x00,0x01,0x00,0x00,0x00,0x00,0x73,0x69,0x67,0x6e,0x61,0x6c,0x5f,
    0x6f,0x70,0x65,0x72,0x61,0x74,0x69,0x6f,0x6e,0x00,0x73,0x69,0x67,0x6e,0x61,0x6c,0x5f,0x6f,0x70,0x65,0x72,0x61,0x74,0x69,
    0x6f,0x6e,0x2e,0x6b,0x64,0x00,0x5f,0x5f,0x63,0x6c,0x61,0x6e,0x67,0x5f,0x6f,0x63,0x6c,0x5f,0x6b,0x65,0x72,0x6e,0x5f,0x69,
    0x6d,0x70,0x5f,0x73,0x69,0x67,0x6e,0x61,0x6c,0x5f,0x6f,0x70,0x65,0x72,0x61,0x74,0x69,0x6f,0x6e,0x00,0x00,0x00,0x00,0x00,
    0x00,0x00,0x00,0x00,0x00,0x00,0x00,0x00,0x00,0x00,0x00,0x00,0x00,0x00,0x00,0x00,0x00,0x00,0x00,0x00,0x00,0x00,0x00,0x00,
    0x00,0x00,0x00,0x00,0x00,0x00,0x00,0x00,0x00,0x00,0x00,0x00,0x00,0x00,0x00,0x00,0x00,0x00,0x00,0x00,0x00,0x00,0x00,0x00,
    0x24,0x00,0x00,0x00,0x00,0x00,0x00,0x00,0xc0,0x10,0x00,0x00,0x00,0x00,0x00,0x00,0x00,0x00,0x00,0x00,0x00,0x00,0x00,0x00,
    0x00,0x00,0x00,0x00,0x00,0x00,0x00,0x00,0x00,0x00,0x00,0x00,0x00,0x00,0x00,0x00,0x81,0x00,0xaf,0x00,0x8c,0x00,0x00,0x00,
    0x09,0x00,0x00,0x00,0x00,0x00,0x00,0x00,0x00,0x00,0x00,0x00,0x00,0x00,0x00,0x00,0x00,0x00,0x00,0x00,0x00,0x00,0x00,0x00,
    0x00,0x00,0x00,0x00,0x00,0x00,0x00,0x00,0x00,0x00,0x00,0x00,0x00,0x00,0x00,0x00,0x00,0x00,0x00,0x00,0x00,0x00,0x00,0x00,
    0x00,0x00,0x00,0x00,0x00,0x00,0x00,0x00,0x00,0x00,0x00,0x00,0x00,0x00,0x00,0x00,0x00,0x00,0x00,0x00,0x00,0x00,0x00,0x00,
    0x00,0x00,0x00,0x00,0x00,0x00,0x00,0x00,0x00,0x00,0x00,0x00,0x00,0x00,0x00,0x00,0x00,0x00,0x00,0x00,0x00,0x00,0x00,0x00,
    0x00,0x00,0x00,0x00,0x00,0x00,0x00,0x00,0x00,0x00,0x00,0x00,0x00,0x00,0x00,0x00,0x00,0x00,0x00,0x00,0x00,0x00,0x00,0x00,
    0x00,0x00,0x00,0x00,0x00,0x00,0x00,0x00,0x00,0x00,0x00,0x00,0x00,0x00,0x00,0x00,0x80,0x00,0x94,0x7d,0x6a,0x20,0x80,0xbe,
    0xd5,0x00,0x88,0xbf,0x82,0x01,0x02,0xc0,0x20,0x00,0x00,0x00,0x02,0x02,0x0e,0xc0,0x00,0x00,0x00,0x00,0x7f,0xc0,0x8c,0xbf,
    0x06,0x85,0x04,0xbf,0x14,0x00,0x85,0xbf,0x06,0x86,0x02,0xbf,0x15,0x00,0x84,0xbf,0x06,0x87,0x02,0xbf,0x16,0x00,0x84,0xbf,
    0x80,0x02,0x00,0x7e,0x80,0x02,0x02,0x7e,0x06,0x88,0x06,0xbf,0x0a,0x00,0x84,0xbf,0x0c,0x02,0x00,0x7e,0x0d,0x02,0x02,0x7e,
    0x0e,0x02,0x04,0x7e,0x0f,0x02,0x06,0x7e,0x80,0x02,0x08,0x7e,0x00,0x80,0x85,0xdd,0x04,0x00,0x08,0x00,0x70,0x0f,0x8c,0xbf,
    0x00,0x00,0xfc,0xe0,0x00,0x00,0x00,0x00,0x80,0x01,0x80,0xbe,0x07,0x00,0x82,0xbf,0x80,0x01,0x80,0xbe,0x43,0x00,0x89,0xbf,
    0xaa,0x00,0x82,0xbf,0x80,0x01,0x80,0xbe,0x03,0x00,0x89,0xbf,0x3e,0x00,0x82,0xbf,0xc1,0x01,0x80,0xbe,0x3c,0x00,0x82,0xbf,
    0x06,0x85,0x02,0xbf,0x1f,0x00,0x84,0xbf,0x7e,0x01,0x84,0xbe,0x00,0x00,0x8c,0xd2,0x04,0x00,0x01,0x00,0x02,0x00,0x8d,0xd2,
    0x05,0x00,0x02,0x00,0x80,0x04,0x94,0x7d,0x6a,0x20,0x82,0xbe,0x0c,0x00,0x88,0xbf,0x04,0x0d,0x84,0xbe,0x04,0x81,0x04,0x86,
    0x0d,0x04,0x05,0x92,0x0c,0x04,0x04,0x92,0x04,0x02,0x00,0x7e,0x05,0x02,0x02,0x7e,0x80,0x02,0x06,0x7e,0x00,0x80,0xa9,0xdd,
    0x03,0x00,0x08,0x00,0x70,0x0f,0x8c,0xbf,0x00,0x00,0xfc,0xe0,0x00,0x00,0x00,0x00,0x7e,0x02,0xfe,0x87,0x81,0x04,0x04,0x26,
    0x03,0x00,0x85,0xd2,0x0d,0x04,0x02,0x00,0x02,0x00,0x85,0xd2,0x0c,0x04,0x02,0x00,0x01,0x05,0x04,0x7e,0x00,0x05,0x06,0x7e,
    0x02,0x06,0x02,0x2a,0x03,0x04,0x00,0x2a,0x1b,0x00,0x82,0xbf,0x1a,0x00,0x88,0xbf,0x00,0x00,0x8c,0xd2,0x7e,0x00,0x01,0x00,
    0x00,0x00,0x8d,0xd2,0x7f,0x00,0x02,0x00,0x80,0x00,0x94,0x7d,0x6a,0x20,0x82,0xbe,0x08,0x00,0x88,0xbf,0x0c,0x02,0x00,0x7e,
    0x80,0x02,0x04,0x7e,0x0d,0x02,0x02,0x7e,0x00,0x80,0xa5,0xdd,0x02,0x00,0x08,0x00,0x70,0x0f,0x8c,0xbf,0x00,0x00,0xfc,0xe0,
    0x00,0x00,0x00,0x00,0x7e,0x02,0xfe,0x87,0x01,0x05,0x04,0x7e,0x00,0x05,0x06,0x7e,0x0d,0x02,0x00,0x7e,0x0c,0x02,0x02,0x7e,
    0x00,0x00,0x00,0xd1,0x00,0x01,0xa9,0x01,0x02,0x00,0x00,0xd1,0x01,0x01,0xa9,0x01,0x02,0x00,0x02,0x28,0x03,0x04,0x00,0x28,
    0x68,0x00,0x82,0xbf,0x06,0x82,0x02,0xbf,0x1d,0x00,0x84,0xbf,0x06,0x83,0x02,0xbf,0x1c,0x00,0x84,0xbf,0x00,0x00,0x8c,0xd2,
    0x7e,0x00,0x01,0x00,0x00,0x00,0x8d,0xd2,0x7f,0x00,0x02,0x00,0x80,0x00,0x94,0x7d,0x6a,0x20,0x82,0xbe,0x08,0x00,0x88,0xbf,
    0x0c,0x02,0x00,0x7e,0x80,0x02,0x04,0x7e,0x0d,0x02,0x02,0x7e,0x00,0x80,0xa1,0xdd,0x02,0x00,0x08,0x00,0x70,0x0f,0x8c,0xbf,
    0x00,0x00,0xfc,0xe0,0x00,0x00,0x00,0x00,0x7e,0x02,0xfe,0x87,0x01,0x05,0x04,0x7e,0x00,0x05,0x06,0x7e,0x0d,0x02,0x00,0x7e,
    0x0c,0x02,0x02,0x7e,0x00,0x00,0x00,0xd1,0x00,0x83,0xa9,0x01,0x02,0x00,0x00,0xd1,0x01,0x83,0xa9,0x01,0x02,0x00,0x02,0x26,
    0x03,0x04,0x00,0x26,0x22,0x00,0x82,0xbf,0x22,0x00,0x82,0xbf,0x20,0x00,0x88,0xbf,0x7e,0x01,0x84,0xbe,0x00,0x00,0x8c,0xd2,
    0x04,0x00,0x01,0x00,0x02,0x00,0x8d,0xd2,0x05,0x00,0x02,0x00,0x80,0x04,0x94,0x7d,0x6a,0x20,0x82,0xbe,0x0d,0x00,0x88,0xbf,
    0x04,0x0d,0x84,0xbe,0x0d,0x04,0x05,0x92,0x0c,0x04,0x07,0x96,0x07,0x05,0x07,0x81,0x0c,0x04,0x04,0x92,0x04,0x02,0x00,0x7e,
    0x07,0x02,0x02,0x7e,0x80,0x02,0x06,0x7e,0x00,0x80,0x8d,0xdd,0x03,0x00,0x08,0x00,0x70,0x0f,0x8c,0xbf,0x00,0x00,0xfc,0xe0,
    0x00,0x00,0x00,0x00,0x7e,0x02,0xfe,0x87,0x03,0x02,0xe8,0xd1,0x0c,0x04,0x02,0x02,0x00,0x05,0x0a,0x7e,0x01,0x05,0x08,0x7e,
    0x04,0x03,0x00,0x7e,0x01,0x02,0xe8,0xd1,0x0d,0x04,0x02,0x04,0x04,0x02,0x04,0x7e,0x05,0x06,0x00,0x34,0x02,0x03,0x02,0x3a,
    0x26,0x00,0x89,0xbf,0x06,0x81,0x02,0xbf,0x1f,0x00,0x84,0xbf,0x7e,0x01,0x84,0xbe,0x00,0x00,0x8c,0xd2,0x04,0x00,0x01,0x00,
    0x02,0x00,0x8d,0xd2,0x05,0x00,0x02,0x00,0x80,0x04,0x94,0x7d,0x6a,0x20,0x82,0xbe,0x0d,0x00,0x88,0xbf,0x04,0x0d,0x84,0xbe,
    0x0d,0x04,0x05,0x92,0x0c,0x04,0x07,0x96,0x07,0x05,0x07,0x81,0x0c,0x04,0x04,0x92,0x04,0x02,0x00,0x7e,0x07,0x02,0x02,0x7e,
    0x80,0x02,0x06,0x7e,0x00,0x80,0x89,0xdd,0x03,0x00,0x08,0x00,0x70,0x0f,0x8c,0xbf,0x00,0x00,0xfc,0xe0,0x00,0x00,0x00,0x00,
    0x7e,0x02,0xfe,0x87,0x01,0x05,0x04,0x7e,0x00,0x05,0x06,0x7e,0x03,0x02,0x00,0x7e,0x02,0x02,0x02,0x7e,0x00,0x02,0xe8,0xd1,
    0x0c,0x04,0x02,0x04,0x01,0x02,0xe8,0xd1,0x0d,0x04,0x06,0x04,0x05,0x00,0x82,0xbf,0x04,0x00,0x88,0xbf,0x80,0x02,0x00,0x7e,
    0x06,0x81,0x06,0xbf,0x80,0x02,0x02,0x7e,0xc1,0x80,0x80,0x85,0x7e,0x00,0xea,0x86,0x08,0x00,0x86,0xbf,0x0c,0x02,0x00,0x7e,
    0x80,0x02,0x04,0x7e,0x0d,0x02,0x02,0x7e,0x00,0x80,0x81,0xdd,0x02,0x00,0x08,0x00,0x70,0x0f,0x8c,0xbf,0x00,0x00,0xfc,0xe0,
    0x00,0x00,0x00,0x00,0x80,0x02,0x04,0x7e,0x00,0x80,0x74,0xdc,0x02,0x00,0x0a,0x00,0x00,0x00,0x81,0xbf,0x00,0x00,0x8c,0xbf,
    0xff,0x3e,0x12,0x26,0xff,0x03,0x00,0x00,0x80,0x12,0x94,0x7d,0x6a,0x20,0x84,0xbe,0x70,0x00,0x88,0xbf,0x84,0x10,0x82,0x7d,
    0x80,0x01,0x86,0xbe,0x6a,0x20,0x88,0xbe,0x7e,0x08,0x88,0x88,0x2b,0x00,0x88,0xbf,0x86,0x10,0x82,0x7d,0x6a,0x20,0x8a,0xbe,
    0x7e,0x0a,0x8a,0x88,0x12,0x00,0x88,0xbf,0x87,0x10,0x82,0x7d,0xc1,0x01,0x8c,0xbe,0x6a,0x20,0x86,0xbe,0x0c,0x00,0x88,0xbf,
    0x80,0x02,0x12,0x7e,0x80,0x02,0x14,0x7e,0x88,0x10,0x94,0x7d,0x6a,0x20,0x8c,0xbe,0x05,0x00,0x88,0xbf,0x00,0x80,0x85,0xdd,
    0x00,0x04,0x7f,0x09,0x70,0x0f,0x8c,0xbf,0x00,0x00,0xfc,0xe0,0x00,0x00,0x00,0x00,0x7e,0x0c,0xfe,0x87,0x7e,0xc1,0x8c,0x88,
    0x7e,0x06,0xfe,0x87,0x0c,0x7e,0x86,0x86,0x0a,0x23,0x8a,0xbe,0x11,0x00,0x88,0xbf,0x85,0x10,0x82,0x7d,0x6a,0x20,0x8c,0xbe,
    0x7e,0x0c,0x8c,0x88,0x05,0x00,0x88,0xbf,0x00,0x80,0xa9,0xdd,0x00,0x04,0x7f,0x09,0x70,0x0f,0x8c,0xbf,0x00,0x00,0xfc,0xe0,
    0x00,0x00,0x00,0x00,0x0c,0x23,0x8c,0xbe,0x05,0x00,0x88,0xbf,0x00,0x80,0xa5,0xdd,0x00,0x04,0x7f,0x09,0x70,0x0f,0x8c,0xbf,
    0x00,0x00,0xfc,0xe0,0x00,0x00,0x00,0x00,0x7e,0x0c,0xfe,0x87,0x7e,0x0a,0xfe,0x87,0x06,0x7e,0x86,0x86,0x08,0x23,0x88,0xbe,
    0x33,0x00,0x88,0xbf,0x82,0x10,0x82,0x7d,0x6a,0x20,0x8a,0xbe,0x7e,0x0a,0x8a,0x88,0x11,0x00,0x88,0xbf,0x83,0x10,0x82,0x7d,
    0x6a,0x20,0x8c,0xbe,0x7e,0x0c,0x8c,0x88,0x05,0x00,0x88,0xbf,0x00,0x80,0xa1,0xdd,0x00,0x04,0x7f,0x09,0x70,0x0f,0x8c,0xbf,
    0x00,0x00,0xfc,0xe0,0x00,0x00,0x00,0x00,0x0c,0x23,0x8c,0xbe,0x05,0x00,0x88,0xbf,0x00,0x80,0x8d,0xdd,0x00,0x04,0x7f,0x09,
    0x70,0x0f,0x8c,0xbf,0x00,0x00,0xfc,0xe0,0x00,0x00,0x00,0x00,0x7e,0x0c,0xfe,0x87,0x0a,0x21,0x8a,0xbe,0x06,0x01,0x8c,0xbe,
    0x7e,0x0a,0xfe,0x88,0x16,0x00,0x88,0xbf,0x81,0x10,0x82,0x7d,0x6a,0x20,0x8c,0xbe,0x7e,0x0c,0x8c,0x88,0x05,0x00,0x88,0xbf,
    0x00,0x80,0x89,0xdd,0x00,0x04,0x7f,0x09,0x70,0x0f,0x8c,0xbf,0x00,0x00,0xfc,0xe0,0x00,0x00,0x00,0x00,0x0c,0x21,0x8c,0xbe,
    0x06,0x01,0x8e,0xbe,0x7e,0x0c,0xfe,0x88,0x81,0x10,0x94,0x7d,0x80,0x02,0x12,0x7e,0x06,0x7e,0x8e,0x89,0x6a,0x7e,0x90,0x86,
    0x80,0x02,0x14,0x7e,0x0e,0x10,0x8e,0x87,0x7e,0x0c,0xfe,0x87,0x06,0x7e,0x8c,0x89,0x0e,0x7e,0x8e,0x86,0x0c,0x0e,0x8c,0x87,
    0x7e,0x0a,0xfe,0x87,0x06,0x7e,0x86,0x89,0x0c,0x7e,0x8a,0x86,0x06,0x0a,0x86,0x87,0x7e,0x08,0xfe,0x87,0x06,0x20,0x88,0xbe,
    0x05,0x00,0x88,0xbf,0x00,0x80,0x81,0xdd,0x00,0x04,0x7f,0x09,0x70,0x0f,0x8c,0xbf,0x00,0x00,0xfc,0xe0,0x00,0x00,0x00,0x00,
    0x7e,0x08,0xfe,0x87,0x00,0x80,0x74,0xdc,0x02,0x09,0x7f,0x00,0x7e,0x04,0xfe,0x87,0x70,0x0f,0x8c,0xbf,0x1e,0x1d,0x80,0xbe,
    0x06,0x00,0x00,0x00,0x00,0x00,0x00,0x00,0x18,0x05,0x00,0x00,0x00,0x00,0x00,0x00,0x0b,0x00,0x00,0x00,0x00,0x00,0x00,0x00,
    0x18,0x00,0x00,0x00,0x00,0x00,0x00,0x00,0x05,0x00,0x00,0x00,0x00,0x00,0x00,0x00,0xc8,0x05,0x00,0x00,0x00,0x00,0x00,0x00,
    0x0a,0x00,0x00,0x00,0x00,0x00,0x00,0x00,0x4c,0x00,0x00,0x00,0x00,0x00,0x00,0x00,0xf5,0xfe,0xff,0x6f,0x00,0x00,0x00,0x00,
    0x78,0x05,0x00,0x00,0x00,0x00,0x00,0x00,0x04,0x00,0x00,0x00,0x00,0x00,0x00,0x00,0xa0,0x05,0x00,0x00,0x00,0x00,0x00,0x00,
    0x00,0x00,0x00,0x00,0x00,0x00,0x00,0x00,0x00,0x00,0x00,0x00,0x00,0x00,0x00,0x00,0x48,0x6f,0x6d,0x65,0x62,0x72,0x65,0x77,
    0x20,0x63,0x6c,0x61,0x6e,0x67,0x20,0x76,0x65,0x72,0x73,0x69,0x6f,0x6e,0x20,0x32,0x31,0x2e,0x31,0x2e,0x38,0x00,0x00,0x4c,
    0x69,0x6e,0x6b,0x65,0x72,0x3a,0x20,0x48,0x6f,0x6d,0x65,0x62,0x72,0x65,0x77,0x20,0x4c,0x4c,0x44,0x20,0x32,0x31,0x2e,0x31,
    0x2e,0x38,0x00,0x00,0x00,0x00,0x00,0x00,0x00,0x00,0x00,0x00,0x00,0x00,0x00,0x00,0x00,0x00,0x00,0x00,0x00,0x00,0x00,0x00,
    0x00,0x00,0x00,0x00,0x00,0x00,0x00,0x00,0x01,0x00,0x00,0x00,0x00,0x00,0xf1,0xff,0x00,0x00,0x00,0x00,0x00,0x00,0x00,0x00,
    0x00,0x00,0x00,0x00,0x00,0x00,0x00,0x00,0x23,0x00,0x00,0x00,0x00,0x00,0xf1,0xff,0x00,0x00,0x00,0x00,0x00,0x00,0x00,0x00,
    0x00,0x00,0x00,0x00,0x00,0x00,0x00,0x00,0x3d,0x00,0x00,0x00,0x00,0x00,0xf1,0xff,0x05,0x00,0x00,0x00,0x00,0x00,0x00,0x00,
    0x00,0x00,0x00,0x00,0x00,0x00,0x00,0x00,0x57,0x00,0x00,0x00,0x00,0x00,0xf1,0xff,0x10,0x00,0x00,0x00,0x00,0x00,0x00,0x00,
    0x00,0x00,0x00,0x00,0x00,0x00,0x00,0x00,0x76,0x00,0x00,0x00,0x00,0x00,0xf1,0xff,0x01,0x00,0x00,0x00,0x00,0x00,0x00,0x00,
    0x00,0x00,0x00,0x00,0x00,0x00,0x00,0x00,0x90,0x00,0x00,0x00,0x00,0x00,0xf1,0xff,0x00,0x00,0x00,0x00,0x00,0x00,0x00,0x00,
    0x00,0x00,0x00,0x00,0x00,0x00,0x00,0x00,0xb3,0x00,0x00,0x00,0x00,0x00,0xf1,0xff,0x00,0x00,0x00,0x00,0x00,0x00,0x00,0x00,
    0x00,0x00,0x00,0x00,0x00,0x00,0x00,0x00,0xd8,0x00,0x00,0x00,0x00,0x00,0xf1,0xff,0x00,0x00,0x00,0x00,0x00,0x00,0x00,0x00,
    0x00,0x00,0x00,0x00,0x00,0x00,0x00,0x00,0x42,0x01,0x00,0x00,0x00,0x02,0x08,0x00,0x48,0x2c,0x00,0x00,0x00,0x00,0x00,0x00,
    0x00,0x00,0x00,0x00,0x00,0x00,0x00,0x00,0xf7,0x00,0x00,0x00,0x12,0x03,0x07,0x00,0x00,0x17,0x00,0x00,0x00,0x00,0x00,0x00,
    0x64,0x03,0x00,0x00,0x00,0x00,0x00,0x00,0x08,0x01,0x00,0x00,0x11,0x03,0x06,0x00,0x40,0x06,0x00,0x00,0x00,0x00,0x00,0x00,
    0x40,0x00,0x00,0x00,0x00,0x00,0x00,0x00,0x1c,0x01,0x00,0x00,0x12,0x03,0x07,0x00,0x64,0x1a,0x00,0x00,0x00,0x00,0x00,0x00,
    0xe4,0x01,0x00,0x00,0x00,0x00,0x00,0x00,0x00,0x2e,0x6e,0x6f,0x74,0x65,0x00,0x2e,0x64,0x79,0x6e,0x73,0x79,0x6d,0x00,0x2e,
    0x67,0x6e,0x75,0x2e,0x68,0x61,0x73,0x68,0x00,0x2e,0x68,0x61,0x73,0x68,0x00,0x2e,0x64,0x79,0x6e,0x73,0x74,0x72,0x00,0x2e,
    0x72,0x6f,0x64,0x61,0x74,0x61,0x00,0x2e,0x74,0x65,0x78,0x74,0x00,0x2e,0x64,0x79,0x6e,0x61,0x6d,0x69,0x63,0x00,0x2e,0x72,
    0x65,0x6c,0x72,0x6f,0x5f,0x70,0x61,0x64,0x64,0x69,0x6e,0x67,0x00,0x2e,0x41,0x4d,0x44,0x47,0x50,0x55,0x2e,0x67,0x70,0x72,
    0x5f,0x6d,0x61,0x78,0x69,0x6d,0x75,0x6d,0x73,0x00,0x2e,0x63,0x6f,0x6d,0x6d,0x65,0x6e,0x74,0x00,0x2e,0x73,0x79,0x6d,0x74,
    0x61,0x62,0x00,0x2e,0x73,0x68,0x73,0x74,0x72,0x74,0x61,0x62,0x00,0x2e,0x73,0x74,0x72,0x74,0x61,0x62,0x00,0x00,0x73,0x69,
    0x67,0x6e,0x61,0x6c,0x5f,0x6f,0x70,0x65,0x72,0x61,0x74,0x69,0x6f,0x6e,0x2e,0x70,0x72,0x69,0x76,0x61,0x74,0x65,0x5f,0x73,
    0x65,0x67,0x5f,0x73,0x69,0x7a,0x65,0x00,0x73,0x69,0x67,0x6e,0x61,0x6c,0x5f,0x6f,0x70,0x65,0x72,0x61,0x74,0x69,0x6f,0x6e,
    0x2e,0x6e,0x75,0x6d,0x5f,0x61,0x67,0x70,0x72,0x00,0x73,0x69,0x67,0x6e,0x61,0x6c,0x5f,0x6f,0x70,0x65,0x72,0x61,0x74,0x69,
    0x6f,0x6e,0x2e,0x6e,0x75,0x6d,0x5f,0x76,0x67,0x70,0x72,0x00,0x73,0x69,0x67,0x6e,0x61,0x6c,0x5f,0x6f,0x70,0x65,0x72,0x61,
    0x74,0x69,0x6f,0x6e,0x2e,0x6e,0x75,0x6d,0x62,0x65,0x72,0x65,0x64,0x5f,0x73,0x67,0x70,0x72,0x00,0x73,0x69,0x67,0x6e,0x61,
    0x6c,0x5f,0x6f,0x70,0x65,0x72,0x61,0x74,0x69,0x6f,0x6e,0x2e,0x75,0x73,0x65,0x73,0x5f,0x76,0x63,0x63,0x00,0x73,0x69,0x67,
    0x6e,0x61,0x6c,0x5f,0x6f,0x70,0x65,0x72,0x61,0x74,0x69,0x6f,0x6e,0x2e,0x75,0x73,0x65,0x73,0x5f,0x66,0x6c,0x61,0x74,0x5f,
    0x73,0x63,0x72,0x61,0x74,0x63,0x68,0x00,0x73,0x69,0x67,0x6e,0x61,0x6c,0x5f,0x6f,0x70,0x65,0x72,0x61,0x74,0x69,0x6f,0x6e,
    0x2e,0x68,0x61,0x73,0x5f,0x64,0x79,0x6e,0x5f,0x73,0x69,0x7a,0x65,0x64,0x5f,0x73,0x74,0x61,0x63,0x6b,0x00,0x73,0x69,0x67,
    0x6e,0x61,0x6c,0x5f,0x6f,0x70,0x65,0x72,0x61,0x74,0x69,0x6f,0x6e,0x2e,0x68,0x61,0x73,0x5f,0x72,0x65,0x63,0x75,0x72,0x73,
    0x69,0x6f,0x6e,0x00,0x73,0x69,0x67,0x6e,0x61,0x6c,0x5f,0x6f,0x70,0x65,0x72,0x61,0x74,0x69,0x6f,0x6e,0x00,0x73,0x69,0x67,
    0x6e,0x61,0x6c,0x5f,0x6f,0x70,0x65,0x72,0x61,0x74,0x69,0x6f,0x6e,0x2e,0x6b,0x64,0x00,0x5f,0x5f,0x63,0x6c,0x61,0x6e,0x67,
    0x5f,0x6f,0x63,0x6c,0x5f,0x6b,0x65,0x72,0x6e,0x5f,0x69,0x6d,0x70,0x5f,0x73,0x69,0x67,0x6e,0x61,0x6c,0x5f,0x6f,0x70,0x65,
    0x72,0x61,0x74,0x69,0x6f,0x6e,0x00,0x5f,0x44,0x59,0x4e,0x41,0x4d,0x49,0x43,0x00,0x00,0x00,0x00,0x00,0x00,0x00,0x00,0x00,
    0x00,0x00,0x00,0x00,0x00,0x00,0x00,0x00,0x00,0x00,0x00,0x00,0x00,0x00,0x00,0x00,0x00,0x00,0x00,0x00,0x00,0x00,0x00,0x00,
    0x00,0x00,0x00,0x00,0x00,0x00,0x00,0x00,0x00,0x00,0x00,0x00,0x00,0x00,0x00,0x00,0x00,0x00,0x00,0x00,0x00,0x00,0x00,0x00,
    0x00,0x00,0x00,0x00,0x00,0x00,0x00,0x00,0x01,0x00,0x00,0x00,0x07,0x00,0x00,0x00,0x02,0x00,0x00,0x00,0x00,0x00,0x00,0x00,
    0x00,0x02,0x00,0x00,0x00,0x00,0x00,0x00,0x00,0x02,0x00,0x00,0x00,0x00,0x00,0x00,0x18,0x03,0x00,0x00,0x00,0x00,0x00,0x00,
    0x00,0x00,0x00,0x00,0x00,0x00,0x00,0x00,0x04,0x00,0x00,0x00,0x00,0x00,0x00,0x00,0x00,0x00,0x00,0x00,0x00,0x00,0x00,0x00,
    0x07,0x00,0x00,0x00,0x0b,0x00,0x00,0x00,0x02,0x00,0x00,0x00,0x00,0x00,0x00,0x00,0x18,0x05,0x00,0x00,0x00,0x00,0x00,0x00,
    0x18,0x05,0x00,0x00,0x00,0x00,0x00,0x00,0x60,0x00,0x00,0x00,0x00,0x00,0x00,0x00,0x05,0x00,0x00,0x00,0x01,0x00,0x00,0x00,
    0x08,0x00,0x00,0x00,0x00,0x00,0x00,0x00,0x18,0x00,0x00,0x00,0x00,0x00,0x00,0x00,0x0f,0x00,0x00,0x00,0xf6,0xff,0xff,0x6f,
    0x02,0x00,0x00,0x00,0x00,0x00,0x00,0x00,0x78,0x05,0x00,0x00,0x00,0x00,0x00,0x00,0x78,0x05,0x00,0x00,0x00,0x00,0x00,0x00,
    0x28,0x00,0x00,0x00,0x00,0x00,0x00,0x00,0x02,0x00,0x00,0x00,0x00,0x00,0x00,0x00,0x08,0x00,0x00,0x00,0x00,0x00,0x00,0x00,
    0x00,0x00,0x00,0x00,0x00,0x00,0x00,0x00,0x19,0x00,0x00,0x00,0x05,0x00,0x00,0x00,0x02,0x00,0x00,0x00,0x00,0x00,0x00,0x00,
    0xa0,0x05,0x00,0x00,0x00,0x00,0x00,0x00,0xa0,0x05,0x00,0x00,0x00,0x00,0x00,0x00,0x28,0x00,0x00,0x00,0x00,0x00,0x00,0x00,
    0x02,0x00,0x00,0x00,0x00,0x00,0x00,0x00,0x04,0x00,0x00,0x00,0x00,0x00,0x00,0x00,0x04,0x00,0x00,0x00,0x00,0x00,0x00,0x00,
    0x1f,0x00,0x00,0x00,0x03,0x00,0x00,0x00,0x02,0x00,0x00,0x00,0x00,0x00,0x00,0x00,0xc8,0x05,0x00,0x00,0x00,0x00,0x00,0x00,
    0xc8,0x05,0x00,0x00,0x00,0x00,0x00,0x00,0x4c,0x00,0x00,0x00,0x00,0x00,0x00,0x00,0x00,0x00,0x00,0x00,0x00,0x00,0x00,0x00,
    0x01,0x00,0x00,0x00,0x00,0x00,0x00,0x00,0x00,0x00,0x00,0x00,0x00,0x00,0x00,0x00,0x27,0x00,0x00,0x00,0x01,0x00,0x00,0x00,
    0x02,0x00,0x00,0x00,0x00,0x00,0x00,0x00,0x40,0x06,0x00,0x00,0x00,0x00,0x00,0x00,0x40,0x06,0x00,0x00,0x00,0x00,0x00,0x00,
    0x40,0x00,0x00,0x00,0x00,0x00,0x00,0x00,0x00,0x00,0x00,0x00,0x00,0x00,0x00,0x00,0x40,0x00,0x00,0x00,0x00,0x00,0x00,0x00,
    0x00,0x00,0x00,0x00,0x00,0x00,0x00,0x00,0x2f,0x00,0x00,0x00,0x01,0x00,0x00,0x00,0x06,0x00,0x00,0x00,0x00,0x00,0x00,0x00,
    0x00,0x17,0x00,0x00,0x00,0x00,0x00,0x00,0x00,0x07,0x00,0x00,0x00,0x00,0x00,0x00,0x48,0x05,0x00,0x00,0x00,0x00,0x00,0x00,
    0x00,0x00,0x00,0x00,0x00,0x00,0x00,0x00,0x00,0x01,0x00,0x00,0x00,0x00,0x00,0x00,0x00,0x00,0x00,0x00,0x00,0x00,0x00,0x00,
    0x35,0x00,0x00,0x00,0x06,0x00,0x00,0x00,0x03,0x00,0x00,0x00,0x00,0x00,0x00,0x00,0x48,0x2c,0x00,0x00,0x00,0x00,0x00,0x00,
    0x48,0x0c,0x00,0x00,0x00,0x00,0x00,0x00,0x70,0x00,0x00,0x00,0x00,0x00,0x00,0x00,0x05,0x00,0x00,0x00,0x00,0x00,0x00,0x00,
    0x08,0x00,0x00,0x00,0x00,0x00,0x00,0x00,0x10,0x00,0x00,0x00,0x00,0x00,0x00,0x00,0x3e,0x00,0x00,0x00,0x08,0x00,0x00,0x00,
    0x03,0x00,0x00,0x00,0x00,0x00,0x00,0x00,0xb8,0x2c,0x00,0x00,0x00,0x00,0x00,0x00,0xb8,0x0c,0x00,0x00,0x00,0x00,0x00,0x00,
    0x48,0x03,0x00,0x00,0x00,0x00,0x00,0x00,0x00,0x00,0x00,0x00,0x00,0x00,0x00,0x00,0x01,0x00,0x00,0x00,0x00,0x00,0x00,0x00,
    0x00,0x00,0x00,0x00,0x00,0x00,0x00,0x00,0x4d,0x00,0x00,0x00,0x01,0x00,0x00,0x00,0x00,0x00,0x00,0x00,0x00,0x00,0x00,0x00,
    0x00,0x00,0x00,0x00,0x00,0x00,0x00,0x00,0xb8,0x0c,0x00,0x00,0x00,0x00,0x00,0x00,0x00,0x00,0x00,0x00,0x00,0x00,0x00,0x00,
    0x00,0x00,0x00,0x00,0x00,0x00,0x00,0x00,0x01,0x00,0x00,0x00,0x00,0x00,0x00,0x00,0x00,0x00,0x00,0x00,0x00,0x00,0x00,0x00,
    0x62,0x00,0x00,0x00,0x01,0x00,0x00,0x00,0x30,0x00,0x00,0x00,0x00,0x00,0x00,0x00,0x00,0x00,0x00,0x00,0x00,0x00,0x00,0x00,
    0xb8,0x0c,0x00,0x00,0x00,0x00,0x00,0x00,0x3b,0x00,0x00,0x00,0x00,0x00,0x00,0x00,0x00,0x00,0x00,0x00,0x00,0x00,0x00,0x00,
    0x01,0x00,0x00,0x00,0x00,0x00,0x00,0x00,0x01,0x00,0x00,0x00,0x00,0x00,0x00,0x00,0x6b,0x00,0x00,0x00,0x02,0x00,0x00,0x00,
    0x00,0x00,0x00,0x00,0x00,0x00,0x00,0x00,0x00,0x00,0x00,0x00,0x00,0x00,0x00,0x00,0xf8,0x0c,0x00,0x00,0x00,0x00,0x00,0x00,
    0x38,0x01,0x00,0x00,0x00,0x00,0x00,0x00,0x0e,0x00,0x00,0x00,0x0a,0x00,0x00,0x00,0x08,0x00,0x00,0x00,0x00,0x00,0x00,0x00,
    0x18,0x00,0x00,0x00,0x00,0x00,0x00,0x00,0x73,0x00,0x00,0x00,0x03,0x00,0x00,0x00,0x00,0x00,0x00,0x00,0x00,0x00,0x00,0x00,
    0x00,0x00,0x00,0x00,0x00,0x00,0x00,0x00,0x30,0x0e,0x00,0x00,0x00,0x00,0x00,0x00,0x85,0x00,0x00,0x00,0x00,0x00,0x00,0x00,
    0x00,0x00,0x00,0x00,0x00,0x00,0x00,0x00,0x01,0x00,0x00,0x00,0x00,0x00,0x00,0x00,0x00,0x00,0x00,0x00,0x00,0x00,0x00,0x00,
    0x7d,0x00,0x00,0x00,0x03,0x00,0x00,0x00,0x00,0x00,0x00,0x00,0x00,0x00,0x00,0x00,0x00,0x00,0x00,0x00,0x00,0x00,0x00,0x00,
    0xb5,0x0e,0x00,0x00,0x00,0x00,0x00,0x00,0x4b,0x01,0x00,0x00,0x00,0x00,0x00,0x00,0x00,0x00,0x00,0x00,0x00,0x00,0x00,0x00,
    0x01,0x00,0x00,0x00,0x00,0x00,0x00,0x00,0x00,0x00,0x00,0x00,0x00,0x00,0x00,0x00,
};
// gfx908 signal_mailbox_service: e_flags=0x00000530, 6648 bytes
inline constexpr uint8_t signal_mailbox_service[] = {
    0x7f,0x45,0x4c,0x46,0x02,0x01,0x01,0x40,0x04,0x00,0x00,0x00,0x00,0x00,0x00,0x00,0x03,0x00,0xe0,0x00,0x01,0x00,0x00,0x00,
    0x00,0x00,0x00,0x00,0x00,0x00,0x00,0x00,0x40,0x00,0x00,0x00,0x00,0x00,0x00,0x00,0x38,0x16,0x00,0x00,0x00,0x00,0x00,0x00,
    0x30,0x05,0x00,0x00,0x40,0x00,0x38,0x00,0x08,0x00,0x40,0x00,0x0f,0x00,0x0d,0x00,0x06,0x00,0x00,0x00,0x04,0x00,0x00,0x00,
    0x40,0x00,0x00,0x00,0x00,0x00,0x00,0x00,0x40,0x00,0x00,0x00,0x00,0x00,0x00,0x00,0x40,0x00,0x00,0x00,0x00,0x00,0x00,0x00,
    0xc0,0x01,0x00,0x00,0x00,0x00,0x00,0x00,0xc0,0x01,0x00,0x00,0x00,0x00,0x00,0x00,0x08,0x00,0x00,0x00,0x00,0x00,0x00,0x00,
    0x01,0x00,0x00,0x00,0x04,0x00,0x00,0x00,0x00,0x00,0x00,0x00,0x00,0x00,0x00,0x00,0x00,0x00,0x00,0x00,0x00,0x00,0x00,0x00,
    0x00,0x00,0x00,0x00,0x00,0x00,0x00,0x00,0x80,0x06,0x00,0x00,0x00,0x00,0x00,0x00,0x80,0x06,0x00,0x00,0x00,0x00,0x00,0x00,
    0x00,0x10,0x00,0x00,0x00,0x00,0x00,0x00,0x01,0x00,0x00,0x00,0x05,0x00,0x00,0x00,0x00,0x07,0x00,0x00,0x00,0x00,0x00,0x00,
    0x00,0x17,0x00,0x00,0x00,0x00,0x00,0x00,0x00,0x17,0x00,0x00,0x00,0x00,0x00,0x00,0x34,0x0b,0x00,0x00,0x00,0x00,0x00,0x00,
    0x34,0x0b,0x00,0x00,0x00,0x00,0x00,0x00,0x00,0x10,0x00,0x00,0x00,0x00,0x00,0x00,0x01,0x00,0x00,0x00,0x06,0x00,0x00,0x00,
    0x38,0x12,0x00,0x00,0x00,0x00,0x00,0x00,0x38,0x32,0x00,0x00,0x00,0x00,0x00,0x00,0x38,0x32,0x00,0x00,0x00,0x00,0x00,0x00,
    0x70,0x00,0x00,0x00,0x00,0x00,0x00,0x00,0xc8,0x0d,0x00,0x00,0x00,0x00,0x00,0x00,0x00,0x10,0x00,0x00,0x00,0x00,0x00,0x00,
    0x02,0x00,0x00,0x00,0x06,0x00,0x00,0x00,0x38,0x12,0x00,0x00,0x00,0x00,0x00,0x00,0x38,0x32,0x00,0x00,0x00,0x00,0x00,0x00,
    0x38,0x32,0x00,0x00,0x00,0x00,0x00,0x00,0x70,0x00,0x00,0x00,0x00,0x00,0x00,0x00,0x70,0x00,0x00,0x00,0x00,0x00,0x00,0x00,
    0x08,0x00,0x00,0x00,0x00,0x00,0x00,0x00,0x52,0xe5,0x74,0x64,0x04,0x00,0x00,0x00,0x38,0x12,0x00,0x00,0x00,0x00,0x00,0x00,
    0x38,0x32,0x00,0x00,0x00,0x00,0x00,0x00,0x38,0x32,0x00,0x00,0x00,0x00,0x00,0x00,0x70,0x00,0x00,0x00,0x00,0x00,0x00,0x00,
    0xc8,0x0d,0x00,0x00,0x00,0x00,0x00,0x00,0x01,0x00,0x00,0x00,0x00,0x00,0x00,0x00,0x51,0xe5,0x74,0x64,0x06,0x00,0x00,0x00,
    0x00,0x00,0x00,0x00,0x00,0x00,0x00,0x00,0x00,0x00,0x00,0x00,0x00,0x00,0x00,0x00,0x00,0x00,0x00,0x00,0x00,0x00,0x00,0x00,
    0x00,0x00,0x00,0x00,0x00,0x00,0x00,0x00,0x00,0x00,0x00,0x00,0x00,0x00,0x00,0x00,0x00,0x00,0x00,0x00,0x00,0x00,0x00,0x00,
    0x04,0x00,0x00,0x00,0x04,0x00,0x00,0x00,0x00,0x02,0x00,0x00,0x00,0x00,0x00,0x00,0x00,0x02,0x00,0x00,0x00,0x00,0x00,0x00,
    0x00,0x02,0x00,0x00,0x00,0x00,0x00,0x00,0xf4,0x02,0x00,0x00,0x00,0x00,0x00,0x00,0xf4,0x02,0x00,0x00,0x00,0x00,0x00,0x00,
    0x04,0x00,0x00,0x00,0x00,0x00,0x00,0x00,0x07,0x00,0x00,0x00,0xdd,0x02,0x00,0x00,0x20,0x00,0x00,0x00,0x41,0x4d,0x44,0x47,
    0x50,0x55,0x00,0x00,0x83,0xae,0x61,0x6d,0x64,0x68,0x73,0x61,0x2e,0x6b,0x65,0x72,0x6e,0x65,0x6c,0x73,0x91,0xde,0x00,0x12,
    0xab,0x2e,0x61,0x67,0x70,0x72,0x5f,0x63,0x6f,0x75,0x6e,0x74,0x00,0xa5,0x2e,0x61,0x72,0x67,0x73,0x94,0x85,0xae,0x2e,0x61,
    0x64,0x64,0x72,0x65,0x73,0x73,0x5f,0x73,0x70,0x61,0x63,0x65,0xa6,0x67,0x6c,0x6f,0x62,0x61,0x6c,0xa7,0x2e,0x6f,0x66,0x66,
    0x73,0x65,0x74,0x00,0xa5,0x2e,0x73,0x69,0x7a,0x65,0x08,0xaa,0x2e,0x74,0x79,0x70,0x65,0x5f,0x6e,0x61,0x6d,0x65,0xa6,0x75,
    0x6c,0x6f,0x6e,0x67,0x2a,0xab,0x2e,0x76,0x61,0x6c,0x75,0x65,0x5f,0x6b,0x69,0x6e,0x64,0xad,0x67,0x6c,0x6f,0x62,0x61,0x6c,
    0x5f,0x62,0x75,0x66,0x66,0x65,0x72,0x85,0xae,0x2e,0x61,0x64,0x64,0x72,0x65,0x73,0x73,0x5f,0x73,0x70,0x61,0x63,0x65,0xa6,
    0x67,0x6c,0x6f,0x62,0x61,0x6c,0xa7,0x2e,0x6f,0x66,0x66,0x73,0x65,0x74,0x08,0xa5,0x2e,0x73,0x69,0x7a,0x65,0x08,0xaa,0x2e,
    0x74,0x79,0x70,0x65,0x5f,0x6e,0x61,0x6d,0x65,0xa6,0x75,0x6c,0x6f,0x6e,0x67,0x2a,0xab,0x2e,0x76,0x61,0x6c,0x75,0x65,0x5f,
    0x6b,0x69,0x6e,0x64,0xad,0x67,0x6c,0x6f,0x62,0x61,0x6c,0x5f,0x62,0x75,0x66,0x66,0x65,0x72,0x84,0xa7,0x2e,0x6f,0x66,0x66,
    0x73,0x65,0x74,0x10,0xa5,0x2e,0x73,0x69,0x7a,0x65,0x08,0xaa,0x2e,0x74,0x79,0x70,0x65,0x5f,0x6e,0x61,0x6d,0x65,0xa5,0x75,
    0x6c,0x6f,0x6e,0x67,0xab,0x2e,0x76,0x61,0x6c,0x75,0x65,0x5f,0x6b,0x69,0x6e,0x64,0xa8,0x62,0x79,0x5f,0x76,0x61,0x6c,0x75,
    0x65,0x84,0xa7,0x2e,0x6f,0x66,0x66,0x73,0x65,0x74,0x18,0xa5,0x2e,0x73,0x69,0x7a,0x65,0x08,0xaa,0x2e,0x74,0x79,0x70,0x65,
    0x5f,0x6e,0x61,0x6d,0x65,0xa5,0x75,0x6c,0x6f,0x6e,0x67,0xab,0x2e,0x76,0x61,0x6c,0x75,0x65,0x5f,0x6b,0x69,0x6e,0x64,0xa8,
    0x62,0x79,0x5f,0x76,0x61,0x6c,0x75,0x65,0xb9,0x2e,0x67,0x72,0x6f,0x75,0x70,0x5f,0x73,0x65,0x67,0x6d,0x65,0x6e,0x74,0x5f,
    0x66,0x69,0x78,0x65,0x64,0x5f,0x73,0x69,0x7a,0x65,0x00,0xb6,0x2e,0x6b,0x65,0x72,0x6e,0x61,0x72,0x67,0x5f,0x73,0x65,0x67,
    0x6d,0x65,0x6e,0x74,0x5f,0x61,0x6c,0x69,0x67,0x6e,0x08,0xb5,0x2e,0x6b,0x65,0x72,0x6e,0x61,0x72,0x67,0x5f,0x73,0x65,0x67,
    0x6d,0x65,0x6e,0x74,0x5f,0x73,0x69,0x7a,0x65,0x20,0xa9,0x2e,0x6c,0x61,0x6e,0x67,0x75,0x61,0x67,0x65,0xa8,0x4f,0x70,0x65,
    0x6e,0x43,0x4c,0x20,0x43,0xb1,0x2e,0x6c,0x61,0x6e,0x67,0x75,0x61,0x67,0x65,0x5f,0x76,0x65,0x72,0x73,0x69,0x6f,0x6e,0x92,
    0x02,0x00,0xb8,0x2e,0x6d,0x61,0x78,0x5f,0x66,0x6c,0x61,0x74,0x5f,0x77,0x6f,0x72,0x6b,0x67,0x72,0x6f,0x75,0x70,0x5f,0x73,
    0x69,0x7a,0x65,0x20,0xa5,0x2e,0x6e,0x61,0x6d,0x65,0xb6,0x73,0x69,0x67,0x6e,0x61,0x6c,0x5f,0x6d,0x61,0x69,0x6c,0x62,0x6f,
    0x78,0x5f,0x73,0x65,0x72,0x76,0x69,0x63,0x65,0xbb,0x2e,0x70,0x72,0x69,0x76,0x61,0x74,0x65,0x5f,0x73,0x65,0x67,0x6d,0x65,
    0x6e,0x74,0x5f,0x66,0x69,0x78,0x65,0x64,0x5f,0x73,0x69,0x7a,0x65,0x00,0xb4,0x2e,0x72,0x65,0x71,0x64,0x5f,0x77,0x6f,0x72,
    0x6b,0x67,0x72,0x6f,0x75,0x70,0x5f,0x73,0x69,0x7a,0x65,0x93,0x20,0x01,0x01,0xab,0x2e,0x73,0x67,0x70,0x72,0x5f,0x63,0x6f,
    0x75,0x6e,0x74,0x1e,0xb1,0x2e,0x73,0x67,0x70,0x72,0x5f,0x73,0x70,0x69,0x6c,0x6c,0x5f,0x63,0x6f,0x75,0x6e,0x74,0x00,0xa7,
    0x2e,0x73,0x79,0x6d,0x62,0x6f,0x6c,0xb9,0x73,0x69,0x67,0x6e,0x61,0x6c,0x5f,0x6d,0x61,0x69,0x6c,0x62,0x6f,0x78,0x5f,0x73,
    0x65,0x72,0x76,0x69,0x63,0x65,0x2e,0x6b,0x64,0xb3,0x2e,0x75,0x73,0x65,0x73,0x5f,0x64,0x79,0x6e,0x61,0x6d,0x69,0x63,0x5f,
    0x73,0x74,0x61,0x63,0x6b,0xc2,0xab,0x2e,0x76,0x67,0x70,0x72,0x5f,0x63,0x6f,0x75,0x6e,0x74,0x0f,0xb1,0x2e,0x76,0x67,0x70,
    0x72,0x5f,0x73,0x70,0x69,0x6c,0x6c,0x5f,0x63,0x6f,0x75,0x6e,0x74,0x00,0xaf,0x2e,0x77,0x61,0x76,0x65,0x66,0x72,0x6f,0x6e,
    0x74,0x5f,0x73,0x69,0x7a,0x65,0x40,0xad,0x61,0x6d,0x64,0x68,0x73,0x61,0x2e,0x74,0x61,0x72,0x67,0x65,0x74,0xb9,0x61,0x6d,
    0x64,0x67,0x63,0x6e,0x2d,0x61,0x6d,0x64,0x2d,0x61,0x6d,0x64,0x68,0x73,0x61,0x2d,0x2d,0x67,0x66,0x78,0x39,0x30,0x38,0xae,
    0x61,0x6d,0x64,0x68,0x73,0x61,0x2e,0x76,0x65,0x72,0x73,0x69,0x6f,0x6e,0x92,0x01,0x02,0x00,0x00,0x00,0x00,0x00,0x00,0x00,
    0x00,0x00,0x00,0x00,0x00,0x00,0x00,0x00,0x00,0x00,0x00,0x00,0x00,0x00,0x00,0x00,0x00,0x00,0x00,0x00,0x00,0x00,0x00,0x00,
    0x01,0x00,0x00,0x00,0x12,0x03,0x07,0x00,0x00,0x17,0x00,0x00,0x00,0x00,0x00,0x00,0xd4,0x05,0x00,0x00,0x00,0x00,0x00,0x00,
    0x18,0x00,0x00,0x00,0x11,0x03,0x06,0x00,0x40,0x06,0x00,0x00,0x00,0x00,0x00,0x00,0x40,0x00,0x00,0x00,0x00,0x00,0x00,0x00,
    0x32,0x00,0x00,0x00,0x12,0x03,0x07,0x00,0xd4,0x1c,0x00,0x00,0x00,0x00,0x00,0x00,0x60,0x05,0x00,0x00,0x00,0x00,0x00,0x00,
    0x01,0x00,0x00,0x00,0x01,0x00,0x00,0x00,0x01,0x00,0x00,0x00,0x1a,0x00,0x00,0x00,0x80,0x00,0x02,0x08,0x00,0x18,0x00,0x40,
    0x01,0x00,0x00,0x00,0xbe,0x02,0xfc,0xae,0xda,0xc3,0xfd,0x1e,0x11,0x45,0x69,0xb1,0x04,0x00,0x00,0x00,0x04,0x00,0x00,0x00,
    0x02,0x00,0x00,0x00,0x03,0x00,0x00,0x00,0x00,0x00,0x00,0x00,0x00,0x00,0x00,0x00,0x00,0x00,0x00,0x00,0x00,0x00,0x00,0x00,
    0x00,0x00,0x00,0x00,0x01,0x00,0x00,0x00,0x00,0x73,0x69,0x67,0x6e,0x61,0x6c,0x5f,0x6d,0x61,0x69,0x6c,0x62,0x6f,0x78,0x5f,
    0x73,0x65,0x72,0x76,0x69,0x63,0x65,0x00,0x73,0x69,0x67,0x6e,0x61,0x6c,0x5f,0x6d,0x61,0x69,0x6c,0x62,0x6f,0x78,0x5f,0x73,
    0x65,0x72,0x76,0x69,0x63,0x65,0x2e,0x6b,0x64,0x00,0x5f,0x5f,0x63,0x6c,0x61,0x6e,0x67,0x5f,0x6f,0x63,0x6c,0x5f,0x6b,0x65,
    0x72,0x6e,0x5f,0x69,0x6d,0x70,0x5f,0x73,0x69,0x67,0x6e,0x61,0x6c,0x5f,0x6d,0x61,0x69,0x6c,0x62,0x6f,0x78,0x5f,0x73,0x65,
    0x72,0x76,0x69,0x63,0x65,0x00,0x00,0x00,0x00,0x00,0x00,0x00,0x00,0x00,0x00,0x00,0x00,0x00,0x00,0x00,0x00,0x00,0x00,0x00,
    0x00,0x00,0x00,0x00,0x00,0x00,0x00,0x00,0x00,0x00,0x00,0x00,0x00,0x00,0x00,0x00,0x00,0x00,0x00,0x00,0x00,0x00,0x00,0x00,
    0x00,0x00,0x00,0x00,0x00,0x00,0x00,0x00,0x00,0x00,0x00,0x00,0x00,0x00,0x00,0x00,0x00,0x00,0x00,0x00,0x00,0x00,0x00,0x00,
    0x20,0x00,0x00,0x00,0x00,0x00,0x00,0x00,0xc0,0x10,0x00,0x00,0x00,0x00,0x00,0x00,0x00,0x00,0x00,0x00,0x00,0x00,0x00,0x00,
    0x00,0x00,0x00,0x00,0x00,0x00,0x00,0x00,0x00,0x00,0x00,0x00,0x00,0x00,0x00,0x00,0xc3,0x00,0xaf,0x00,0x8c,0x00,0x00,0x00,
    0x09,0x00,0x00,0x00,0x00,0x00,0x00,0x00,0x00,0x00,0x00,0x00,0x00,0x00,0x00,0x00,0x00,0x00,0x00,0x00,0x00,0x00,0x00,0x00,
    0x00,0x00,0x00,0x00,0x00,0x00,0x00,0x00,0x00,0x00,0x00,0x00,0x00,0x00,0x00,0x00,0x00,0x00,0x00,0x00,0x00,0x00,0x00,0x00,
    0x00,0x00,0x00,0x00,0x00,0x00,0x00,0x00,0x00,0x00,0x00,0x00,0x00,0x00,0x00,0x00,0x00,0x00,0x00,0x00,0x00,0x00,0x00,0x00,
    0x00,0x00,0x00,0x00,0x00,0x00,0x00,0x00,0x00,0x00,0x00,0x00,0x00,0x00,0x00,0x00,0x00,0x00,0x00,0x00,0x00,0x00,0x00,0x00,
    0x00,0x00,0x00,0x00,0x00,0x00,0x00,0x00,0x00,0x00,0x00,0x00,0x00,0x00,0x00,0x00,0x00,0x00,0x00,0x00,0x00,0x00,0x00,0x00,
    0x00,0x00,0x00,0x00,0x00,0x00,0x00,0x00,0x00,0x00,0x00,0x00,0x00,0x00,0x00,0x00,0x80,0x00,0x94,0x7d,0x6a,0x20,0x80,0xbe,
    0x71,0x01,0x88,0xbf,0x02,0x02,0x0e,0xc0,0x00,0x00,0x00,0x00,0x81,0x02,0x00,0x7e,0x80,0x02,0x02,0x7e,0x80,0x02,0x18,0x7e,
    0x7f,0xc0,0x8c,0xbf,0x08,0xff,0x02,0x80,0x00,0x10,0x00,0x00,0x00,0x00,0xec,0xd0,0x0e,0x02,0x01,0x00,0x09,0x80,0x03,0x82,
    0x00,0x7e,0x80,0x86,0x0f,0x80,0x05,0x85,0x0e,0x81,0x04,0x85,0x0a,0x88,0x18,0x80,0x0b,0x80,0x19,0x82,0x08,0xff,0x06,0x80,
    0x00,0x04,0x00,0x00,0xc0,0xff,0x0e,0xb0,0x81,0x01,0x8a,0xbe,0xc1,0x00,0x8f,0xbe,0x09,0x80,0x07,0x82,0x00,0x81,0x74,0xdc,
    0x0c,0x00,0x08,0x00,0x05,0x00,0x82,0xbf,0x16,0x80,0x06,0xbf,0xc1,0x01,0x80,0xbe,0x31,0x01,0x85,0xbf,0x7e,0x00,0xea,0x89,
    0x41,0x01,0x86,0xbf,0x04,0x01,0x90,0xbe,0x08,0x00,0x82,0xbf,0x10,0xc1,0x10,0x80,0x11,0xc1,0x11,0x82,0x10,0x80,0x12,0xbf,
    0x88,0x00,0x96,0xbe,0xc1,0x80,0x92,0x85,0x80,0x01,0x94,0xbe,0x7e,0x12,0xea,0x86,0x14,0x00,0x87,0xbf,0x00,0x80,0x55,0xdc,
    0x0c,0x00,0x08,0x00,0x70,0x0f,0x8c,0xbf,0x00,0x00,0xfc,0xe0,0x00,0x00,0x00,0x00,0x80,0x81,0x55,0xdc,0x0c,0x00,0x08,0x02,
    0x70,0x0f,0x8c,0xbf,0x00,0x00,0xfc,0xe0,0x00,0x00,0x00,0x00,0xc1,0x01,0x94,0xbe,0xc1,0x01,0x92,0xbe,0x0a,0x00,0xd4,0x7d,
    0x00,0x00,0xea,0xd0,0x80,0x04,0x02,0x00,0xee,0xff,0x87,0xbf,0x7e,0x00,0xea,0x86,0xe6,0xff,0x87,0xbf,0x87,0x00,0x96,0xbe,
    0xe9,0xff,0x82,0xbf,0x7e,0x14,0xea,0x86,0xdb,0xff,0x86,0xbf,0x7e,0x00,0xea,0x89,0x87,0x00,0x96,0xbe,0xd8,0xff,0x87,0xbf,
    0x00,0x83,0x55,0xdc,0x0c,0x00,0x08,0x00,0x89,0x00,0x96,0xbe,0x70,0x0f,0x8c,0xbf,0x0c,0x00,0xd6,0x7d,0xd2,0xff,0x87,0xbf,
    0x80,0x82,0x55,0xdc,0x0c,0x00,0x08,0x04,0x70,0x0f,0x8c,0xbf,0xff,0x08,0x04,0x32,0xbf,0xff,0xff,0xff,0xc1,0x0a,0x06,0x38,
    0x0e,0x04,0xd8,0x7d,0xca,0xff,0x87,0xbf,0x00,0x00,0x8f,0xd2,0x86,0x00,0x02,0x00,0x19,0x02,0x04,0x7e,0x18,0x00,0x0c,0x32,
    0x02,0x03,0x0e,0x38,0x02,0x01,0x80,0xbe,0x06,0x01,0x90,0xbe,0x01,0x00,0x82,0xbf,0xfd,0x00,0x82,0xbf,0x00,0x80,0x55,0xdc,
    0x0c,0x00,0x10,0x08,0x08,0x80,0x55,0xdc,0x0c,0x00,0x10,0x00,0x10,0x80,0x55,0xdc,0x0c,0x00,0x10,0x02,0x72,0x0f,0x8c,0xbf,
    0x85,0x10,0xc8,0x7d,0x13,0x00,0x87,0xbf,0x86,0x10,0xc2,0x7d,0x15,0x00,0x86,0xbf,0x87,0x10,0xc2,0x7d,0xc1,0x01,0x92,0xbe,
    0x80,0x01,0x96,0xbe,0x80,0x01,0x94,0xbe,0x13,0x00,0x86,0xbf,0x88,0x10,0xc2,0x7d,0xd9,0x00,0x86,0xbf,0x89,0x10,0xd4,0x7d,
    0x80,0x01,0x92,0xbe,0xd6,0x00,0x86,0xbf,0x00,0x80,0x55,0xdc,0x06,0x00,0x7f,0x0a,0x70,0x0f,0x8c,0xbf,0x00,0x00,0xfc,0xe0,
    0x00,0x00,0x00,0x00,0xc1,0x01,0x94,0xbe,0xcf,0x00,0x82,0xbf,0x80,0x01,0x94,0xbe,0x80,0x01,0x92,0xbe,0x42,0x00,0x89,0xbf,
    0xad,0x00,0x82,0xbf,0xc1,0x01,0x96,0xbe,0x80,0x01,0x94,0xbe,0x80,0x01,0x92,0xbe,0x7e,0x16,0xea,0x86,0x3b,0x00,0x86,0xbf,
    0x85,0x10,0xc2,0x7d,0xc1,0x01,0x94,0xbe,0x1f,0x00,0x86,0xbf,0x7e,0x01,0x96,0xbe,0x70,0x0f,0x8c,0xbf,0x02,0x00,0x8c,0xd2,
    0x16,0x00,0x01,0x00,0x0a,0x00,0x8d,0xd2,0x17,0x04,0x02,0x00,0x80,0x14,0x94,0x7d,0x6a,0x20,0x94,0xbe,0x0b,0x00,0x88,0xbf,
    0x16,0x0d,0x96,0xbe,0x16,0x81,0x16,0x86,0x03,0x00,0x85,0xd2,0x01,0x2d,0x00,0x00,0x02,0x00,0x85,0xd2,0x00,0x2d,0x00,0x00,
    0x00,0x80,0xa9,0xdd,0x06,0x02,0x7f,0x02,0x70,0x0f,0x8c,0xbf,0x00,0x00,0xfc,0xe0,0x00,0x00,0x00,0x00,0x7e,0x14,0xfe,0x87,
    0x81,0x14,0x14,0x26,0x0b,0x00,0x85,0xd2,0x01,0x15,0x02,0x00,0x0a,0x00,0x85,0xd2,0x00,0x15,0x02,0x00,0x03,0x05,0x28,0x7e,
    0x02,0x05,0x2a,0x7e,0x14,0x16,0x16,0x2a,0x15,0x14,0x14,0x2a,0x80,0x01,0x94,0xbe,0x7e,0x14,0xea,0x86,0x16,0x00,0x86,0xbf,
    0x70,0x0f,0x8c,0xbf,0x02,0x00,0x8c,0xd2,0x7e,0x00,0x01,0x00,0x02,0x00,0x8d,0xd2,0x7f,0x04,0x02,0x00,0x80,0x04,0x94,0x7d,
    0x6a,0x20,0x94,0xbe,0x05,0x00,0x88,0xbf,0x00,0x80,0xa5,0xdd,0x06,0x00,0x7f,0x02,0x70,0x0f,0x8c,0xbf,0x00,0x00,0xfc,0xe0,
    0x00,0x00,0x00,0x00,0x7e,0x14,0xfe,0x87,0x03,0x05,0x28,0x7e,0x02,0x05,0x2a,0x7e,0x02,0x00,0x00,0xd1,0x01,0x01,0xa9,0x01,
    0x03,0x00,0x00,0xd1,0x00,0x01,0xa9,0x01,0x14,0x04,0x16,0x28,0x15,0x06,0x14,0x28,0xc1,0x01,0x94,0xbe,0x6c,0x00,0x82,0xbf,
    0x82,0x10,0xc2,0x7d,0xc1,0x01,0x96,0xbe,0x3f,0x00,0x86,0xbf,0x83,0x10,0xc2,0x7d,0xc1,0x01,0x94,0xbe,0x17,0x00,0x86,0xbf,
    0x70,0x0f,0x8c,0xbf,0x02,0x00,0x8c,0xd2,0x7e,0x00,0x01,0x00,0x02,0x00,0x8d,0xd2,0x7f,0x04,0x02,0x00,0x80,0x04,0x94,0x7d,
    0x6a,0x20,0x94,0xbe,0x05,0x00,0x88,0xbf,0x00,0x80,0xa1,0xdd,0x06,0x00,0x7f,0x02,0x70,0x0f,0x8c,0xbf,0x00,0x00,0xfc,0xe0,
    0x00,0x00,0x00,0x00,0x7e,0x14,0xfe,0x87,0x03,0x05,0x28,0x7e,0x02,0x05,0x2a,0x7e,0x02,0x00,0x00,0xd1,0x01,0x83,0xa9,0x01,
    0x03,0x00,0x00,0xd1,0x00,0x83,0xa9,0x01,0x14,0x04,0x16,0x26,0x15,0x06,0x14,0x26,0x80,0x01,0x94,0xbe,0x7e,0x14,0xea,0x86,
    0x21,0x00,0x86,0xbf,0x7e,0x01,0x96,0xbe,0x70,0x0f,0x8c,0xbf,0x02,0x00,0x8c,0xd2,0x16,0x00,0x01,0x00,0x0a,0x00,0x8d,0xd2,
    0x17,0x04,0x02,0x00,0x80,0x14,0x94,0x7d,0x6a,0x20,0x94,0xbe,0x0d,0x00,0x88,0xbf,0x16,0x0d,0x96,0xbe,0x03,0x00,0x85,0xd2,
    0x01,0x2d,0x00,0x00,0x0b,0x00,0x86,0xd2,0x00,0x2d,0x00,0x00,0x02,0x00,0x85,0xd2,0x00,0x2d,0x00,0x00,0x0b,0x07,0x06,0x68,
    0x00,0x80,0x8d,0xdd,0x06,0x02,0x7f,0x02,0x70,0x0f,0x8c,0xbf,0x00,0x00,0xfc,0xe0,0x00,0x00,0x00,0x00,0x7e,0x14,0xfe,0x87,
    0x0d,0x14,0xe8,0xd1,0x00,0x15,0x02,0x02,0x02,0x05,0x2e,0x7e,0x03,0x05,0x2c,0x7e,0x0e,0x03,0x04,0x7e,0x02,0x14,0xe8,0xd1,
    0x01,0x15,0x0a,0x04,0x16,0x02,0x06,0x7e,0x17,0x1a,0x14,0x34,0x03,0x05,0x16,0x3a,0x80,0x01,0x96,0xbe,0xc1,0x01,0x94,0xbe,
    0x7e,0x16,0xea,0x89,0x28,0x00,0x87,0xbf,0x81,0x10,0xc2,0x7d,0xc1,0x01,0x96,0xbe,0x21,0x00,0x86,0xbf,0x7e,0x01,0x96,0xbe,
    0x70,0x0f,0x8c,0xbf,0x02,0x00,0x8c,0xd2,0x16,0x00,0x01,0x00,0x0d,0x00,0x8d,0xd2,0x17,0x04,0x02,0x00,0x80,0x1a,0x94,0x7d,
    0x6a,0x20,0x94,0xbe,0x0d,0x00,0x88,0xbf,0x16,0x0d,0x96,0xbe,0x03,0x00,0x85,0xd2,0x01,0x2d,0x00,0x00,0x0a,0x00,0x86,0xd2,
    0x00,0x2d,0x00,0x00,0x02,0x00,0x85,0xd2,0x00,0x2d,0x00,0x00,0x0a,0x07,0x06,0x68,0x00,0x80,0x89,0xdd,0x06,0x02,0x7f,0x02,
    0x70,0x0f,0x8c,0xbf,0x00,0x00,0xfc,0xe0,0x00,0x00,0x00,0x00,0x7e,0x14,0xfe,0x87,0x03,0x05,0x2a,0x7e,0x02,0x05,0x28,0x7e,
    0x0a,0x14,0xe8,0xd1,0x00,0x1b,0x52,0x00,0x80,0x01,0x96,0xbe,0x0b,0x03,0x04,0x7e,0x02,0x14,0xe8,0xd1,0x01,0x1b,0x0a,0x04,
    0xc1,0x01,0x94,0xbe,0x02,0x03,0x16,0x7e,0x7e,0x16,0xea,0x86,0x02,0x00,0x86,0xbf,0x12,0x00,0xea,0xd0,0x81,0x10,0x02,0x00,
    0x7e,0x12,0xea,0x86,0x07,0x00,0x86,0xbf,0x70,0x0f,0x8c,0xbf,0x00,0x80,0x81,0xdd,0x06,0x00,0x7f,0x0a,0x70,0x0f,0x8c,0xbf,
    0x00,0x00,0xfc,0xe0,0x00,0x00,0x00,0x00,0xc1,0x01,0x94,0xbe,0x7e,0x14,0xea,0x89,0x05,0x00,0x87,0xbf,0x80,0x00,0x96,0xbe,
    0x00,0x80,0x74,0xdc,0x0c,0x0a,0x00,0x00,0x23,0xff,0x88,0xbf,0x02,0x00,0x82,0xbf,0x89,0x00,0x96,0xbe,0x20,0xff,0x82,0xbf,
    0x10,0x98,0x10,0x80,0x11,0x80,0x11,0x82,0xc1,0x08,0x08,0x32,0x00,0x88,0x00,0x80,0xc1,0x0a,0x0a,0x38,0x01,0x80,0x01,0x82,
    0x12,0x00,0xea,0xd0,0x80,0x08,0x02,0x00,0x8a,0x00,0x96,0xbe,0x7e,0x12,0xea,0x89,0x16,0xff,0x87,0xbf,0x12,0x00,0x82,0xbf,
    0x7e,0x12,0xea,0x86,0x35,0xff,0x86,0xbf,0x70,0x0f,0x8c,0xbf,0x00,0x80,0x85,0xdd,0x06,0x00,0x7f,0x0a,0x70,0x0f,0x8c,0xbf,
    0x00,0x00,0xfc,0xe0,0x00,0x00,0x00,0x00,0xc1,0x01,0x94,0xbe,0x2d,0xff,0x82,0xbf,0x0a,0x81,0x0a,0x80,0x0b,0x80,0x0b,0x82,
    0x0a,0x80,0x12,0xbf,0xc1,0x80,0x80,0x85,0x82,0x00,0x96,0xbe,0x7e,0x00,0xea,0x89,0xca,0xfe,0x87,0xbf,0x0a,0x00,0x82,0xbf,
    0x16,0x8a,0x07,0xbf,0xc2,0xfe,0x85,0xbf,0x71,0x0f,0x8c,0xbf,0x0a,0x02,0x00,0x7e,0x0b,0x02,0x02,0x7e,0x80,0x00,0x96,0xbe,
    0x70,0x0f,0x8c,0xbf,0x80,0x80,0x74,0xdc,0x0c,0x00,0x08,0x00,0xba,0xfe,0x82,0xbf,0x16,0x88,0x02,0xbf,0xc1,0x01,0x80,0xbe,
    0x01,0x00,0x84,0xbf,0x80,0x01,0x80,0xbe,0x7e,0x00,0xea,0x89,0x83,0x01,0x80,0xbe,0x04,0x00,0x87,0xbf,0x16,0x88,0x07,0xbf,
    0x81,0x01,0x80,0xbe,0x01,0x00,0x85,0xbf,0x82,0x01,0x80,0xbe,0x71,0x0f,0x8c,0xbf,0x00,0x02,0x00,0x7e,0x70,0x0f,0x8c,0xbf,
    0x80,0x02,0x04,0x7e,0x01,0x02,0x02,0x7e,0x00,0x82,0x74,0xdc,0x02,0x00,0x08,0x00,0x00,0x00,0x81,0xbf,0x00,0x00,0x8c,0xbf,
    0xff,0x3e,0x10,0x26,0xff,0x03,0x00,0x00,0x80,0x10,0x94,0x7d,0x6a,0x20,0x86,0xbe,0x4f,0x01,0x88,0xbf,0xff,0x00,0x14,0x32,
    0x00,0x10,0x00,0x00,0x80,0x02,0x16,0x38,0x81,0x0c,0xd2,0x7d,0x81,0x02,0x10,0x7e,0x80,0x0e,0x1a,0x00,0x81,0x0c,0x18,0x00,
    0x88,0x04,0x34,0x32,0x80,0x06,0x36,0x38,0xff,0x00,0x04,0x32,0x00,0x04,0x00,0x00,0xbf,0xff,0x0c,0xb0,0x80,0x02,0x12,0x7e,
    0x80,0x02,0x06,0x38,0x81,0x01,0x88,0xbe,0xc1,0x00,0x8d,0xbe,0x80,0x01,0x8a,0xbe,0x00,0x81,0x74,0xdc,0x00,0x08,0x7f,0x00,
    0x05,0x00,0x82,0xbf,0x7e,0x04,0xfe,0x87,0x7e,0x0e,0x84,0x86,0x04,0x0a,0x8a,0x87,0x7e,0x0a,0xfe,0x89,0x22,0x01,0x88,0xbf,
    0x0c,0x03,0x0c,0x7e,0x80,0x01,0x92,0xbe,0x0d,0x03,0x0e,0x7e,0x10,0x00,0x82,0xbf,0x7e,0x1a,0xfe,0x87,0x16,0x7e,0x96,0x89,
    0x04,0x7e,0x84,0x86,0x14,0x7e,0x94,0x89,0x16,0x04,0x96,0x87,0x7e,0x18,0xfe,0x87,0x7e,0x16,0x84,0x86,0x04,0x12,0x92,0x87,
    0x0e,0x7e,0x84,0x89,0x14,0x7e,0x8e,0x86,0x04,0x0e,0x8e,0x87,0x10,0x7e,0x84,0x89,0x6a,0x7e,0x90,0x86,0x04,0x10,0x90,0x87,
    0x7e,0x12,0xfe,0x89,0x1e,0x00,0x88,0xbf,0x00,0x80,0x55,0xdc,0x00,0x00,0x7f,0x08,0x70,0x0f,0x8c,0xbf,0x00,0x00,0xfc,0xe0,
    0x00,0x00,0x00,0x00,0x80,0x81,0x55,0xdc,0x00,0x00,0x7f,0x0e,0x70,0x0f,0x8c,0xbf,0x00,0x00,0xfc,0xe0,0x00,0x00,0x00,0x00,
    0x14,0x7e,0x94,0x87,0x16,0x7e,0x96,0x87,0x04,0x00,0xed,0xd0,0x08,0x10,0x02,0x00,0x80,0x1c,0xd4,0x7d,0x04,0x20,0x98,0xbe,
    0xe4,0xff,0x88,0xbf,0xc1,0x01,0x84,0xbe,0x87,0x02,0x10,0x7e,0x6a,0x20,0x9a,0xbe,0xdb,0xff,0x88,0xbf,0x06,0x04,0x19,0xd1,
    0xc1,0x0c,0x02,0x00,0x07,0x04,0x1c,0xd1,0xc1,0x0e,0x12,0x00,0x04,0x00,0xea,0xd0,0x80,0x0c,0x02,0x00,0x88,0x02,0x10,0x7e,
    0x04,0x7e,0x84,0x8a,0xd2,0xff,0x82,0xbf,0x7e,0x12,0xfe,0x87,0x0e,0x20,0x84,0xbe,0x7e,0x04,0x84,0x88,0xe0,0x00,0x88,0xbf,
    0x87,0x02,0x10,0x7e,0x10,0x20,0x8e,0xbe,0xdc,0x00,0x88,0xbf,0x00,0x83,0x55,0xdc,0x00,0x00,0x7f,0x06,0x89,0x02,0x10,0x7e,
    0x70,0x0f,0x8c,0xbf,0x06,0x09,0xd2,0x7d,0x6a,0x20,0x90,0xbe,0xd4,0x00,0x88,0xbf,0x80,0x82,0x55,0xdc,0x00,0x00,0x7f,0x0e,
    0x70,0x0f,0x8c,0xbf,0xff,0x1c,0x10,0x32,0xbf,0xff,0xff,0xff,0xc1,0x1e,0x12,0x38,0x0c,0x10,0xd2,0x7d,0x89,0x02,0x10,0x7e,
    0x6a,0x20,0x92,0xbe,0xc9,0x00,0x88,0xbf,0x06,0x00,0x8f,0xd2,0x86,0x0c,0x02,0x00,0x03,0x03,0x26,0x7e,0x1a,0x0d,0x20,0x32,
    0x0b,0x03,0x2a,0x7e,0x1b,0x0f,0x22,0x38,0x80,0x01,0x94,0xbe,0x02,0x03,0x24,0x7e,0x0a,0x03,0x28,0x7e,0x05,0x00,0x82,0xbf,
    0x7e,0x16,0xfe,0x87,0x7e,0x1a,0x96,0x86,0x16,0x14,0x94,0x87,0x7e,0x14,0xfe,0x89,0xaf,0x00,0x88,0xbf,0x00,0x80,0x55,0xdc,
    0x12,0x00,0x7f,0x18,0x08,0x80,0x55,0xdc,0x12,0x00,0x7f,0x06,0x10,0x80,0x55,0xdc,0x12,0x00,0x7f,0x08,0x80,0x01,0x9a,0xbe,
    0x80,0x01,0x96,0xbe,0x72,0x0f,0x8c,0xbf,0x84,0x30,0xc2,0x7d,0x6a,0x20,0x98,0xbe,0x7e,0x18,0x98,0x88,0x40,0x00,0x88,0xbf,
    0x86,0x30,0xc2,0x7d,0x80,0x01,0x9c,0xbe,0x6a,0x20,0x96,0xbe,0x7e,0x16,0x96,0x88,0x22,0x00,0x88,0xbf,0x87,0x30,0xc2,0x7d,
    0xc1,0x01,0xa8,0xbe,0x6a,0x20,0x9a,0xbe,0x1b,0x00,0x88,0xbf,0x88,0x30,0xc2,0x7d,0x6a,0x20,0xa8,0xbe,0x7e,0x28,0xa8,0x88,
    0x0b,0x00,0x88,0xbf,0x89,0x30,0xd4,0x7d,0x6a,0x20,0xaa,0xbe,0x06,0x00,0x88,0xbf,0x00,0x80,0x55,0xdc,0x10,0x00,0x7f,0x16,
    0x70,0x0f,0x8c,0xbf,0x00,0x00,0xfc,0xe0,0x00,0x00,0x00,0x00,0x7e,0x01,0x9c,0xbe,0x7e,0x2a,0xfe,0x87,0x1c,0x7e,0x9c,0x86,
    0x28,0x23,0xa8,0xbe,0x07,0x00,0x88,0xbf,0x70,0x0f,0x8c,0xbf,0x00,0x80,0x85,0xdd,0x10,0x06,0x7f,0x16,0x70,0x0f,0x8c,0xbf,
    0x00,0x00,0xfc,0xe0,0x00,0x00,0x00,0x00,0x1c,0x7e,0x9c,0x87,0x7e,0x28,0xfe,0x87,0x1c,0x7e,0x9c,0x86,0x7e,0xc1,0xa8,0x88,
    0x7e,0x1a,0xfe,0x87,0x1c,0x7e,0x9c,0x86,0x28,0x7e,0x9a,0x86,0x16,0x23,0x96,0xbe,0x14,0x00,0x88,0xbf,0x85,0x30,0xc2,0x7d,
    0x6a,0x20,0xa8,0xbe,0x7e,0x28,0xa8,0x88,0x06,0x00,0x88,0xbf,0x70,0x0f,0x8c,0xbf,0x00,0x80,0xa9,0xdd,0x10,0x06,0x7f,0x16,
    0x70,0x0f,0x8c,0xbf,0x00,0x00,0xfc,0xe0,0x00,0x00,0x00,0x00,0x28,0x23,0xa8,0xbe,0x06,0x00,0x88,0xbf,0x70,0x0f,0x8c,0xbf,
    0x00,0x80,0xa5,0xdd,0x10,0x06,0x7f,0x16,0x70,0x0f,0x8c,0xbf,0x00,0x00,0xfc,0xe0,0x00,0x00,0x00,0x00,0x7e,0x28,0xfe,0x87,
    0x1c,0x7e,0x9c,0x87,0x7e,0x16,0xfe,0x87,0x1c,0x7e,0x96,0x86,0x1a,0x7e,0x9a,0x86,0x18,0x23,0x98,0xbe,0x3e,0x00,0x88,0xbf,
    0x82,0x30,0xc2,0x7d,0x16,0x01,0x9c,0xbe,0x6a,0x20,0xa8,0xbe,0x7e,0x28,0xa8,0x88,0x14,0x00,0x88,0xbf,0x83,0x30,0xc2,0x7d,
    0x6a,0x20,0x9c,0xbe,0x7e,0x1c,0x9c,0x88,0x06,0x00,0x88,0xbf,0x70,0x0f,0x8c,0xbf,0x00,0x80,0xa1,0xdd,0x10,0x06,0x7f,0x16,
    0x70,0x0f,0x8c,0xbf,0x00,0x00,0xfc,0xe0,0x00,0x00,0x00,0x00,0x1c,0x23,0x9c,0xbe,0x06,0x00,0x88,0xbf,0x70,0x0f,0x8c,0xbf,
    0x00,0x80,0x8d,0xdd,0x10,0x06,0x7f,0x16,0x70,0x0f,0x8c,0xbf,0x00,0x00,0xfc,0xe0,0x00,0x00,0x00,0x00,0x7e,0x1c,0xfe,0x87,
    0x16,0x7e,0x9c,0x87,0x28,0x21,0xa8,0xbe,0x1a,0x01,0xaa,0xbe,0x7e,0x28,0xfe,0x88,0x1a,0x00,0x88,0xbf,0x81,0x30,0xc2,0x7d,
    0x1c,0x01,0xaa,0xbe,0x6a,0x20,0xac,0xbe,0x7e,0x2c,0xac,0x88,0x07,0x00,0x88,0xbf,0x70,0x0f,0x8c,0xbf,0x00,0x80,0x89,0xdd,
    0x10,0x06,0x7f,0x16,0x70,0x0f,0x8c,0xbf,0x00,0x00,0xfc,0xe0,0x00,0x00,0x00,0x00,0x1c,0x7e,0xaa,0x87,0x2c,0x21,0xac,0xbe,
    0x1a,0x01,0xae,0xbe,0x7e,0x2c,0xfe,0x88,0x81,0x30,0xd4,0x7d,0x1a,0x7e,0xae,0x89,0x6a,0x7e,0xb8,0x86,0x2e,0x38,0xae,0x87,
    0x7e,0x2c,0xfe,0x87,0x1c,0x7e,0x9c,0x89,0x2a,0x7e,0xaa,0x86,0x1c,0x2a,0x9c,0x87,0x1a,0x7e,0xaa,0x89,0x2e,0x7e,0xac,0x86,
    0x2a,0x2c,0xaa,0x87,0x7e,0x28,0xfe,0x87,0x16,0x7e,0x96,0x89,0x1c,0x7e,0x9c,0x86,0x16,0x1c,0x96,0x87,0x1a,0x7e,0x9a,0x89,
    0x2a,0x7e,0x9c,0x86,0x1a,0x1c,0x9a,0x87,0x7e,0x18,0xfe,0x87,0x1a,0x20,0x98,0xbe,0x07,0x00,0x88,0xbf,0x70,0x0f,0x8c,0xbf,
    0x00,0x80,0x81,0xdd,0x10,0x06,0x7f,0x16,0x70,0x0f,0x8c,0xbf,0x00,0x00,0xfc,0xe0,0x00,0x00,0x00,0x00,0x16,0x7e,0x96,0x87,
    0x7e,0x18,0xfe,0x87,0x70,0x0f,0x8c,0xbf,0x89,0x02,0x10,0x7e,0x80,0x01,0x98,0xbe,0x16,0x20,0x9a,0xbe,0x04,0x00,0x88,0xbf,
    0x7e,0x01,0x98,0xbe,0x80,0x02,0x10,0x7e,0x00,0x80,0x74,0xdc,0x14,0x16,0x7f,0x00,0x7e,0x1a,0xfe,0x87,0xc1,0x01,0x9a,0xbe,
    0x18,0x20,0x96,0xbe,0x56,0xff,0x88,0xbf,0x88,0x28,0x28,0x32,0x80,0x2a,0x2a,0x38,0xc1,0x1c,0x1c,0x32,0xc1,0x1e,0x1e,0x38,
    0x98,0x24,0x24,0x32,0x80,0x26,0x26,0x38,0x80,0x1c,0xd4,0x7d,0x8a,0x02,0x10,0x7e,0x6a,0x7e,0x9a,0x8a,0x4c,0xff,0x82,0xbf,
    0x7e,0x14,0xfe,0x87,0x8a,0x10,0x94,0x7d,0x6a,0x20,0x94,0xbe,0x06,0x00,0x88,0xbf,0x08,0x02,0x0c,0x7e,0x09,0x02,0x0e,0x7e,
    0x80,0x02,0x10,0x7e,0x70,0x0f,0x8c,0xbf,0x80,0x80,0x74,0xdc,0x00,0x06,0x7f,0x00,0x7e,0x14,0xfe,0x87,0x7e,0x12,0xfe,0x87,
    0x7e,0x10,0xfe,0x87,0x7e,0x0e,0xfe,0x87,0x7e,0x04,0xfe,0x87,0x80,0x10,0x94,0x7d,0xc1,0x01,0x8e,0xbe,0x6a,0x20,0x84,0xbe,
    0xe0,0xfe,0x88,0xbf,0x08,0x81,0x08,0x80,0x09,0x80,0x09,0x82,0x08,0x80,0x12,0xbf,0xc1,0x80,0x8e,0x85,0x82,0x02,0x10,0x7e,
    0x0e,0x7e,0x8e,0x8a,0xd9,0xfe,0x82,0xbf,0x7e,0x0a,0xfe,0x87,0x88,0x10,0x82,0x7d,0x6a,0x20,0x84,0xbe,0x7e,0x04,0x84,0x88,
    0x04,0x21,0x84,0xbe,0x83,0x02,0x04,0x7e,0x80,0x02,0x06,0x7e,0x7e,0x04,0xfe,0x88,0x07,0x00,0x88,0xbf,0x81,0x02,0x04,0x7e,
    0x80,0x02,0x06,0x7e,0x88,0x10,0x94,0x7d,0x6a,0x20,0x88,0xbe,0x82,0x02,0x04,0x7e,0x80,0x02,0x06,0x7e,0x7e,0x08,0xfe,0x87,
    0x7e,0x04,0xfe,0x87,0x70,0x0f,0x8c,0xbf,0x00,0x82,0x74,0xdc,0x00,0x02,0x7f,0x00,0x7e,0x06,0xfe,0x87,0x70,0x0f,0x8c,0xbf,
    0x1e,0x1d,0x80,0xbe,0x00,0x00,0x00,0x00,0x06,0x00,0x00,0x00,0x00,0x00,0x00,0x00,0xf8,0x04,0x00,0x00,0x00,0x00,0x00,0x00,
    0x0b,0x00,0x00,0x00,0x00,0x00,0x00,0x00,0x18,0x00,0x00,0x00,0x00,0x00,0x00,0x00,0x05,0x00,0x00,0x00,0x00,0x00,0x00,0x00,
    0xa8,0x05,0x00,0x00,0x00,0x00,0x00,0x00,0x0a,0x00,0x00,0x00,0x00,0x00,0x00,0x00,0x5e,0x00,0x00,0x00,0x00,0x00,0x00,0x00,
    0xf5,0xfe,0xff,0x6f,0x00,0x00,0x00,0x00,0x58,0x05,0x00,0x00,0x00,0x00,0x00,0x00,0x04,0x00,0x00,0x00,0x00,0x00,0x00,0x00,
    0x80,0x05,0x00,0x00,0x00,0x00,0x00,0x00,0x00,0x00,0x00,0x00,0x00,0x00,0x00,0x00,0x00,0x00,0x00,0x00,0x00,0x00,0x00,0x00,
    0x48,0x6f,0x6d,0x65,0x62,0x72,0x65,0x77,0x20,0x63,0x6c,0x61,0x6e,0x67,0x20,0x76,0x65,0x72,0x73,0x69,0x6f,0x6e,0x20,0x32,
    0x31,0x2e,0x31,0x2e,0x38,0x00,0x00,0x4c,0x69,0x6e,0x6b,0x65,0x72,0x3a,0x20,0x48,0x6f,0x6d,0x65,0x62,0x72,0x65,0x77,0x20,
    0x4c,0x4c,0x44,0x20,0x32,0x31,0x2e,0x31,0x2e,0x38,0x00,0x00,0x00,0x00,0x00,0x00,0x00,0x00,0x00,0x00,0x00,0x00,0x00,0x00,
    0x00,0x00,0x00,0x00,0x00,0x00,0x00,0x00,0x00,0x00,0x00,0x00,0x00,0x00,0x00,0x00,0x01,0x00,0x00,0x00,0x00,0x00,0xf1,0xff,
    0x00,0x00,0x00,0x00,0x00,0x00,0x00,0x00,0x00,0x00,0x00,0x00,0x00,0x00,0x00,0x00,0x29,0x00,0x00,0x00,0x00,0x00,0xf1,0xff,
    0x00,0x00,0x00,0x00,0x00,0x00,0x00,0x00,0x00,0x00,0x00,0x00,0x00,0x00,0x00,0x00,0x49,0x00,0x00,0x00,0x00,0x00,0xf1,0xff,
    0x0f,0x00,0x00,0x00,0x00,0x00,0x00,0x00,0x00,0x00,0x00,0x00,0x00,0x00,0x00,0x00,0x69,0x00,0x00,0x00,0x00,0x00,0xf1,0xff,
    0x1a,0x00,0x00,0x00,0x00,0x00,0x00,0x00,0x00,0x00,0x00,0x00,0x00,0x00,0x00,0x00,0x8e,0x00,0x00,0x00,0x00,0x00,0xf1,0xff,
    0x01,0x00,0x00,0x00,0x00,0x00,0x00,0x00,0x00,0x00,0x00,0x00,0x00,0x00,0x00,0x00,0xae,0x00,0x00,0x00,0x00,0x00,0xf1,0xff,
    0x00,0x00,0x00,0x00,0x00,0x00,0x00,0x00,0x00,0x00,0x00,0x00,0x00,0x00,0x00,0x00,0xd7,0x00,0x00,0x00,0x00,0x00,0xf1,0xff,
    0x00,0x00,0x00,0x00,0x00,0x00,0x00,0x00,0x00,0x00,0x00,0x00,0x00,0x00,0x00,0x00,0x02,0x01,0x00,0x00,0x00,0x00,0xf1,0xff,
    0x00,0x00,0x00,0x00,0x00,0x00,0x00,0x00,0x00,0x00,0x00,0x00,0x00,0x00,0x00,0x00,0x84,0x01,0x00,0x00,0x00,0x02,0x08,0x00,
    0x38,0x32,0x00,0x00,0x00,0x00,0x00,0x00,0x00,0x00,0x00,0x00,0x00,0x00,0x00,0x00,0x27,0x01,0x00,0x00,0x12,0x03,0x07,0x00,
    0x00,0x17,0x00,0x00,0x00,0x00,0x00,0x00,0xd4,0x05,0x00,0x00,0x00,0x00,0x00,0x00,0x3e,0x01,0x00,0x00,0x11,0x03,0x06,0x00,
    0x40,0x06,0x00,0x00,0x00,0x00,0x00,0x00,0x40,0x00,0x00,0x00,0x00,0x00,0x00,0x00,0x58,0x01,0x00,0x00,0x12,0x03,0x07,0x00,
    0xd4,0x1c,0x00,0x00,0x00,0x00,0x00,0x00,0x60,0x05,0x00,0x00,0x00,0x00,0x00,0x00,0x00,0x2e,0x6e,0x6f,0x74,0x65,0x00,0x2e,
    0x64,0x79,0x6e,0x73,0x79,0x6d,0x00,0x2e,0x67,0x6e,0x75,0x2e,0x68,0x61,0x73,0x68,0x00,0x2e,0x68,0x61,0x73,0x68,0x00,0x2e,
    0x64,0x79,0x6e,0x73,0x74,0x72,0x00,0x2e,0x72,0x6f,0x64,0x61,0x74,0x61,0x00,0x2e,0x74,0x65,0x78,0x74,0x00,0x2e,0x64,0x79,
    0x6e,0x61,0x6d,0x69,0x63,0x00,0x2e,0x72,0x65,0x6c,0x72,0x6f,0x5f,0x70,0x61,0x64,0x64,0x69,0x6e,0x67,0x00,0x2e,0x41,0x4d,
    0x44,0x47,0x50,0x55,0x2e,0x67,0x70,0x72,0x5f,0x6d,0x61,0x78,0x69,0x6d,0x75,0x6d,0x73,0x00,0x2e,0x63,0x6f,0x6d,0x6d,0x65,
    0x6e,0x74,0x00,0x2e,0x73,0x79,0x6d,0x74,0x61,0x62,0x00,0x2e,0x73,0x68,0x73,0x74,0x72,0x74,0x61,0x62,0x00,0x2e,0x73,0x74,
    0x72,0x74,0x61,0x62,0x00,0x00,0x73,0x69,0x67,0x6e,0x61,0x6c,0x5f,0x6d,0x61,0x69,0x6c,0x62,0x6f,0x78,0x5f,0x73,0x65,0x72,
    0x76,0x69,0x63,0x65,0x2e,0x70,0x72,0x69,0x76,0x61,0x74,0x65,0x5f,0x73,0x65,0x67,0x5f,0x73,0x69,0x7a,0x65,0x00,0x73,0x69,
    0x67,0x6e,0x61,0x6c,0x5f,0x6d,0x61,0x69,0x6c,0x62,0x6f,0x78,0x5f,0x73,0x65,0x72,0x76,0x69,0x63,0x65,0x2e,0x6e,0x75,0x6d,
    0x5f,0x61,0x67,0x70,0x72,0x00,0x73,0x69,0x67,0x6e,0x61,0x6c,0x5f,0x6d,0x61,0x69,0x6c,0x62,0x6f,0x78,0x5f,0x73,0x65,0x72,
    0x76,0x69,0x63,0x65,0x2e,0x6e,0x75,0x6d,0x5f,0x76,0x67,0x70,0x72,0x00,0x73,0x69,0x67,0x6e,0x61,0x6c,0x5f,0x6d,0x61,0x69,
    0x6c,0x62,0x6f,0x78,0x5f,0x73,0x65,0x72,0x76,0x69,0x63,0x65,0x2e,0x6e,0x75,0x6d,0x62,0x65,0x72,0x65,0x64,0x5f,0x73,0x67,
    0x70,0x72,0x00,0x73,0x69,0x67,0x6e,0x61,0x6c,0x5f,0x6d,0x61,0x69,0x6c,0x62,0x6f,0x78,0x5f,0x73,0x65,0x72,0x76,0x69,0x63,
    0x65,0x2e,0x75,0x73,0x65,0x73,0x5f,0x76,0x63,0x63,0x00,0x73,0x69,0x67,0x6e,0x61,0x6c,0x5f,0x6d,0x61,0x69,0x6c,0x62,0x6f,
    0x78,0x5f,0x73,0x65,0x72,0x76,0x69,0x63,0x65,0x2e,0x75,0x73,0x65,0x73,0x5f,0x66,0x6c,0x61,0x74,0x5f,0x73,0x63,0x72,0x61,
    0x74,0x63,0x68,0x00,0x73,0x69,0x67,0x6e,0x61,0x6c,0x5f,0x6d,0x61,0x69,0x6c,0x62,0x6f,0x78,0x5f,0x73,0x65,0x72,0x76,0x69,
    0x63,0x65,0x2e,0x68,0x61,0x73,0x5f,0x64,0x79,0x6e,0x5f,0x73,0x69,0x7a,0x65,0x64,0x5f,0x73,0x74,0x61,0x63,0x6b,0x00,0x73,
    0x69,0x67,0x6e,0x61,0x6c,0x5f,0x6d,0x61,0x69,0x6c,0x62,0x6f,0x78,0x5f,0x73,0x65,0x72,0x76,0x69,0x63,0x65,0x2e,0x68,0x61,
    0x73,0x5f,0x72,0x65,0x63,0x75,0x72,0x73,0x69,0x6f,0x6e,0x00,0x73,0x69,0x67,0x6e,0x61,0x6c,0x5f,0x6d,0x61,0x69,0x6c,0x62,
    0x6f,0x78,0x5f,0x73,0x65,0x72,0x76,0x69,0x63,0x65,0x00,0x73,0x69,0x67,0x6e,0x61,0x6c,0x5f,0x6d,0x61,0x69,0x6c,0x62,0x6f,
    0x78,0x5f,0x73,0x65,0x72,0x76,0x69,0x63,0x65,0x2e,0x6b,0x64,0x00,0x5f,0x5f,0x63,0x6c,0x61,0x6e,0x67,0x5f,0x6f,0x63,0x6c,
    0x5f,0x6b,0x65,0x72,0x6e,0x5f,0x69,0x6d,0x70,0x5f,0x73,0x69,0x67,0x6e,0x61,0x6c,0x5f,0x6d,0x61,0x69,0x6c,0x62,0x6f,0x78,
    0x5f,0x73,0x65,0x72,0x76,0x69,0x63,0x65,0x00,0x5f,0x44,0x59,0x4e,0x41,0x4d,0x49,0x43,0x00,0x00,0x00,0x00,0x00,0x00,0x00,
    0x00,0x00,0x00,0x00,0x00,0x00,0x00,0x00,0x00,0x00,0x00,0x00,0x00,0x00,0x00,0x00,0x00,0x00,0x00,0x00,0x00,0x00,0x00,0x00,
    0x00,0x00,0x00,0x00,0x00,0x00,0x00,0x00,0x00,0x00,0x00,0x00,0x00,0x00,0x00,0x00,0x00,0x00,0x00,0x00,0x00,0x00,0x00,0x00,
    0x00,0x00,0x00,0x00,0x00,0x00,0x00,0x00,0x00,0x00,0x00,0x00,0x00,0x00,0x00,0x00,0x01,0x00,0x00,0x00,0x07,0x00,0x00,0x00,
    0x02,0x00,0x00,0x00,0x00,0x00,0x00,0x00,0x00,0x02,0x00,0x00,0x00,0x00,0x00,0x00,0x00,0x02,0x00,0x00,0x00,0x00,0x00,0x00,
    0xf4,0x02,0x00,0x00,0x00,0x00,0x00,0x00,0x00,0x00,0x00,0x00,0x00,0x00,0x00,0x00,0x04,0x00,0x00,0x00,0x00,0x00,0x00,0x00,
    0x00,0x00,0x00,0x00,0x00,0x00,0x00,0x00,0x07,0x00,0x00,0x00,0x0b,0x00,0x00,0x00,0x02,0x00,0x00,0x00,0x00,0x00,0x00,0x00,
    0xf8,0x04,0x00,0x00,0x00,0x00,0x00,0x00,0xf8,0x04,0x00,0x00,0x00,0x00,0x00,0x00,0x60,0x00,0x00,0x00,0x00,0x00,0x00,0x00,
    0x05,0x00,0x00,0x00,0x01,0x00,0x00,0x00,0x08,0x00,0x00,0x00,0x00,0x00,0x00,0x00,0x18,0x00,0x00,0x00,0x00,0x00,0x00,0x00,
    0x0f,0x00,0x00,0x00,0xf6,0xff,0xff,0x6f,0x02,0x00,0x00,0x00,0x00,0x00,0x00,0x00,0x58,0x05,0x00,0x00,0x00,0x00,0x00,0x00,
    0x58,0x05,0x00,0x00,0x00,0x00,0x00,0x00,0x28,0x00,0x00,0x00,0x00,0x00,0x00,0x00,0x02,0x00,0x00,0x00,0x00,0x00,0x00,0x00,
    0x08,0x00,0x00,0x00,0x00,0x00,0x00,0x00,0x00,0x00,0x00,0x00,0x00,0x00,0x00,0x00,0x19,0x00,0x00,0x00,0x05,0x00,0x00,0x00,
    0x02,0x00,0x00,0x00,0x00,0x00,0x00,0x00,0x80,0x05,0x00,0x00,0x00,0x00,0x00,0x00,0x80,0x05,0x00,0x00,0x00,0x00,0x00,0x00,
    0x28,0x00,0x00,0x00,0x00,0x00,0x00,0x00,0x02,0x00,0x00,0x00,0x00,0x00,0x00,0x00,0x04,0x00,0x00,0x00,0x00,0x00,0x00,0x00,
    0x04,0x00,0x00,0x00,0x00,0x00,0x00,0x00,0x1f,0x00,0x00,0x00,0x03,0x00,0x00,0x00,0x02,0x00,0x00,0x00,0x00,0x00,0x00,0x00,
    0xa8,0x05,0x00,0x00,0x00,0x00,0x00,0x00,0xa8,0x05,0x00,0x00,0x00,0x00,0x00,0x00,0x5e,0x00,0x00,0x00,0x00,0x00,0x00,0x00,
    0x00,0x00,0x00,0x00,0x00,0x00,0x00,0x00,0x01,0x00,0x00,0x00,0x00,0x00,0x00,0x00,0x00,0x00,0x00,0x00,0x00,0x00,0x00,0x00,
    0x27,0x00,0x00,0x00,0x01,0x00,0x00,0x00,0x02,0x00,0x00,0x00,0x00,0x00,0x00,0x00,0x40,0x06,0x00,0x00,0x00,0x00,0x00,0x00,
    0x40,0x06,0x00,0x00,0x00,0x00,0x00,0x00,0x40,0x00,0x00,0x00,0x00,0x00,0x00,0x00,0x00,0x00,0x00,0x00,0x00,0x00,0x00,0x00,
    0x40,0x00,0x00,0x00,0x00,0x00,0x00,0x00,0x00,0x00,0x00,0x00,0x00,0x00,0x00,0x00,0x2f,0x00,0x00,0x00,0x01,0x00,0x00,0x00,
    0x06,0x00,0x00,0x00,0x00,0x00,0x00,0x00,0x00,0x17,0x00,0x00,0x00,0x00,0x00,0x00,0x00,0x07,0x00,0x00,0x00,0x00,0x00,0x00,
    0x34,0x0b,0x00,0x00,0x00,0x00,0x00,0x00,0x00,0x00,0x00,0x00,0x00,0x00,0x00,0x00,0x00,0x01,0x00,0x00,0x00,0x00,0x00,0x00,
    0x00,0x00,0x00,0x00,0x00,0x00,0x00,0x00,0x35,0x00,0x00,0x00,0x06,0x00,0x00,0x00,0x03,0x00,0x00,0x00,0x00,0x00,0x00,0x00,
    0x38,0x32,0x00,0x00,0x00,0x00,0x00,0x00,0x38,0x12,0x00,0x00,0x00,0x00,0x00,0x00,0x70,0x00,0x00,0x00,0x00,0x00,0x00,0x00,
    0x05,0x00,0x00,0x00,0x00,0x00,0x00,0x00,0x08,0x00,0x00,0x00,0x00,0x00,0x00,0x00,0x10,0x00,0x00,0x00,0x00,0x00,0x00,0x00,
    0x3e,0x00,0x00,0x00,0x08,0x00,0x00,0x00,0x03,0x00,0x00,0x00,0x00,0x00,0x00,0x00,0xa8,0x32,0x00,0x00,0x00,0x00,0x00,0x00,
    0xa8,0x12,0x00,0x00,0x00,0x00,0x00,0x00,0x58,0x0d,0x00,0x00,0x00,0x00,0x00,0x00,0x00,0x00,0x00,0x00,0x00,0x00,0x00,0x00,
    0x01,0x00,0x00,0x00,0x00,0x00,0x00,0x00,0x00,0x00,0x00,0x00,0x00,0x00,0x00,0x00,0x4d,0x00,0x00,0x00,0x01,0x00,0x00,0x00,
    0x00,0x00,0x00,0x00,0x00,0x00,0x00,0x00,0x00,0x00,0x00,0x00,0x00,0x00,0x00,0x00,0xa8,0x12,0x00,0x00,0x00,0x00,0x00,0x00,
    0x00,0x00,0x00,0x00,0x00,0x00,0x00,0x00,0x00,0x00,0x00,0x00,0x00,0x00,0x00,0x00,0x01,0x00,0x00,0x00,0x00,0x00,0x00,0x00,
    0x00,0x00,0x00,0x00,0x00,0x00,0x00,0x00,0x62,0x00,0x00,0x00,0x01,0x00,0x00,0x00,0x30,0x00,0x00,0x00,0x00,0x00,0x00,0x00,
    0x00,0x00,0x00,0x00,0x00,0x00,0x00,0x00,0xa8,0x12,0x00,0x00,0x00,0x00,0x00,0x00,0x3b,0x00,0x00,0x00,0x00,0x00,0x00,0x00,
    0x00,0x00,0x00,0x00,0x00,0x00,0x00,0x00,0x01,0x00,0x00,0x00,0x00,0x00,0x00,0x00,0x01,0x00,0x00,0x00,0x00,0x00,0x00,0x00,
    0x6b,0x00,0x00,0x00,0x02,0x00,0x00,0x00,0x00,0x00,0x00,0x00,0x00,0x00,0x00,0x00,0x00,0x00,0x00,0x00,0x00,0x00,0x00,0x00,
    0xe8,0x12,0x00,0x00,0x00,0x00,0x00,0x00,0x38,0x01,0x00,0x00,0x00,0x00,0x00,0x00,0x0e,0x00,0x00,0x00,0x0a,0x00,0x00,0x00,
    0x08,0x00,0x00,0x00,0x00,0x00,0x00,0x00,0x18,0x00,0x00,0x00,0x00,0x00,0x00,0x00,0x73,0x00,0x00,0x00,0x03,0x00,0x00,0x00,
    0x00,0x00,0x00,0x00,0x00,0x00,0x00,0x00,0x00,0x00,0x00,0x00,0x00,0x00,0x00,0x00,0x20,0x14,0x00,0x00,0x00,0x00,0x00,0x00,
    0x85,0x00,0x00,0x00,0x00,0x00,0x00,0x00,0x00,0x00,0x00,0x00,0x00,0x00,0x00,0x00,0x01,0x00,0x00,0x00,0x00,0x00,0x00,0x00,
    0x00,0x00,0x00,0x00,0x00,0x00,0x00,0x00,0x7d,0x00,0x00,0x00,0x03,0x00,0x00,0x00,0x00,0x00,0x00,0x00,0x00,0x00,0x00,0x00,
    0x00,0x00,0x00,0x00,0x00,0x00,0x00,0x00,0xa5,0x14,0x00,0x00,0x00,0x00,0x00,0x00,0x8d,0x01,0x00,0x00,0x00,0x00,0x00,0x00,
    0x00,0x00,0x00,0x00,0x00,0x00,0x00,0x00,0x01,0x00,0x00,0x00,0x00,0x00,0x00,0x00,0x00,0x00,0x00,0x00,0x00,0x00,0x00,0x00,
};
}
namespace gfx90a {
// gfx90a signal_operations: e_flags=0x0000053f, 6328 bytes
inline constexpr uint8_t signal_operations[] = {
    0x7f,0x45,0x4c,0x46,0x02,0x01,0x01,0x40,0x04,0x00,0x00,0x00,0x00,0x00,0x00,0x00,0x03,0x00,0xe0,0x00,0x01,0x00,0x00,0x00,
    0x00,0x00,0x00,0x00,0x00,0x00,0x00,0x00,0x40,0x00,0x00,0x00,0x00,0x00,0x00,0x00,0xf8,0x14,0x00,0x00,0x00,0x00,0x00,0x00,
    0x3f,0x05,0x00,0x00,0x40,0x00,0x38,0x00,0x08,0x00,0x40,0x00,0x0f,0x00,0x0d,0x00,0x06,0x00,0x00,0x00,0x04,0x00,0x00,0x00,
    0x40,0x00,0x00,0x00,0x00,0x00,0x00,0x00,0x40,0x00,0x00,0x00,0x00,0x00,0x00,0x00,0x40,0x00,0x00,0x00,0x00,0x00,0x00,0x00,
    0xc0,0x01,0x00,0x00,0x00,0x00,0x00,0x00,0xc0,0x01,0x00,0x00,0x00,0x00,0x00,0x00,0x08,0x00,0x00,0x00,0x00,0x00,0x00,0x00,
    0x01,0x00,0x00,0x00,0x04,0x00,0x00,0x00,0x00,0x00,0x00,0x00,0x00,0x00,0x00,0x00,0x00,0x00,0x00,0x00,0x00,0x00,0x00,0x00,
    0x00,0x00,0x00,0x00,0x00,0x00,0x00,0x00,0x80,0x06,0x00,0x00,0x00,0x00,0x00,0x00,0x80,0x06,0x00,0x00,0x00,0x00,0x00,0x00,
    0x00,0x10,0x00,0x00,0x00,0x00,0x00,0x00,0x01,0x00,0x00,0x00,0x05,0x00,0x00,0x00,0x00,0x07,0x00,0x00,0x00,0x00,0x00,0x00,
    0x00,0x17,0x00,0x00,0x00,0x00,0x00,0x00,0x00,0x17,0x00,0x00,0x00,0x00,0x00,0x00,0x40,0x0a,0x00,0x00,0x00,0x00,0x00,0x00,
    0x40,0x0a,0x00,0x00,0x00,0x00,0x00,0x00,0x00,0x10,0x00,0x00,0x00,0x00,0x00,0x00,0x01,0x00,0x00,0x00,0x06,0x00,0x00,0x00,
    0x40,0x11,0x00,0x00,0x00,0x00,0x00,0x00,0x40,0x31,0x00,0x00,0x00,0x00,0x00,0x00,0x40,0x31,0x00,0x00,0x00,0x00,0x00,0x00,
    0x70,0x00,0x00,0x00,0x00,0x00,0x00,0x00,0xc0,0x0e,0x00,0x00,0x00,0x00,0x00,0x00,0x00,0x10,0x00,0x00,0x00,0x00,0x00,0x00,
    0x02,0x00,0x00,0x00,0x06,0x00,0x00,0x00,0x40,0x11,0x00,0x00,0x00,0x00,0x00,0x00,0x40,0x31,0x00,0x00,0x00,0x00,0x00,0x00,
    0x40,0x31,0x00,0x00,0x00,0x00,0x00,0x00,0x70,0x00,0x00,0x00,0x00,0x00,0x00,0x00,0x70,0x00,0x00,0x00,0x00,0x00,0x00,0x00,
    0x08,0x00,0x00,0x00,0x00,0x00,0x00,0x00,0x52,0xe5,0x74,0x64,0x04,0x00,0x00,0x00,0x40,0x11,0x00,0x00,0x00,0x00,0x00,0x00,
    0x40,0x31,0x00,0x00,0x00,0x00,0x00,0x00,0x40,0x31,0x00,0x00,0x00,0x00,0x00,0x00,0x70,0x00,0x00,0x00,0x00,0x00,0x00,0x00,
    0xc0,0x0e,0x00,0x00,0x00,0x00,0x00,0x00,0x01,0x00,0x00,0x00,0x00,0x00,0x00,0x00,0x51,0xe5,0x74,0x64,0x06,0x00,0x00,0x00,
    0x00,0x00,0x00,0x00,0x00,0x00,0x00,0x00,0x00,0x00,0x00,0x00,0x00,0x00,0x00,0x00,0x00,0x00,0x00,0x00,0x00,0x00,0x00,0x00,
    0x00,0x00,0x00,0x00,0x00,0x00,0x00,0x00,0x00,0x00,0x00,0x00,0x00,0x00,0x00,0x00,0x00,0x00,0x00,0x00,0x00,0x00,0x00,0x00,
    0x04,0x00,0x00,0x00,0x04,0x00,0x00,0x00,0x00,0x02,0x00,0x00,0x00,0x00,0x00,0x00,0x00,0x02,0x00,0x00,0x00,0x00,0x00,0x00,
    0x00,0x02,0x00,0x00,0x00,0x00,0x00,0x00,0x18,0x03,0x00,0x00,0x00,0x00,0x00,0x00,0x18,0x03,0x00,0x00,0x00,0x00,0x00,0x00,
    0x04,0x00,0x00,0x00,0x00,0x00,0x00,0x00,0x07,0x00,0x00,0x00,0x03,0x03,0x00,0x00,0x20,0x00,0x00,0x00,0x41,0x4d,0x44,0x47,
    0x50,0x55,0x00,0x00,0x83,0xae,0x61,0x6d,0x64,0x68,0x73,0x61,0x2e,0x6b,0x65,0x72,0x6e,0x65,0x6c,0x73,0x91,0xde,0x00,0x12,
    0xab,0x2e,0x61,0x67,0x70,0x72,0x5f,0x63,0x6f,0x75,0x6e,0x74,0x00,0xa5,0x2e,0x61,0x72,0x67,0x73,0x95,0x85,0xae,0x2e,0x61,
    0x64,0x64,0x72,0x65,0x73,0x73,0x5f,0x73,0x70,0x61,0x63,0x65,0xa6,0x67,0x6c,0x6f,0x62,0x61,0x6c,0xa7,0x2e,0x6f,0x66,0x66,
    0x73,0x65,0x74,0x00,0xa5,0x2e,0x73,0x69,0x7a,0x65,0x08,0xaa,0x2e,0x74,0x79,0x70,0x65,0x5f,0x6e,0x61,0x6d,0x65,0xa5,0x6c,
    0x6f,0x6e,0x67,0x2a,0xab,0x2e,0x76,0x61,0x6c,0x75,0x65,0x5f,0x6b,0x69,0x6e,0x64,0xad,0x67,0x6c,0x6f,0x62,0x61,0x6c,0x5f,
    0x62,0x75,0x66,0x66,0x65,0x72,0x85,0xae,0x2e,0x61,0x64,0x64,0x72,0x65,0x73,0x73,0x5f,0x73,0x70,0x61,0x63,0x65,0xa6,0x67,
    0x6c,0x6f,0x62,0x61,0x6c,0xa7,0x2e,0x6f,0x66,0x66,0x73,0x65,0x74,0x08,0xa5,0x2e,0x73,0x69,0x7a,0x65,0x08,0xaa,0x2e,0x74,
    0x79,0x70,0x65,0x5f,0x6e,0x61,0x6d,0x65,0xa5,0x6c,0x6f,0x6e,0x67,0x2a,0xab,0x2e,0x76,0x61,0x6c,0x75,0x65,0x5f,0x6b,0x69,
    0x6e,0x64,0xad,0x67,0x6c,0x6f,0x62,0x61,0x6c,0x5f,0x62,0x75,0x66,0x66,0x65,0x72,0x84,0xa7,0x2e,0x6f,0x66,0x66,0x73,0x65,
    0x74,0x10,0xa5,0x2e,0x73,0x69,0x7a,0x65,0x08,0xaa,0x2e,0x74,0x79,0x70,0x65,0x5f,0x6e,0x61,0x6d,0x65,0xa4,0x6c,0x6f,0x6e,
    0x67,0xab,0x2e,0x76,0x61,0x6c,0x75,0x65,0x5f,0x6b,0x69,0x6e,0x64,0xa8,0x62,0x79,0x5f,0x76,0x61,0x6c,0x75,0x65,0x84,0xa7,
    0x2e,0x6f,0x66,0x66,0x73,0x65,0x74,0x18,0xa5,0x2e,0x73,0x69,0x7a,0x65,0x08,0xaa,0x2e,0x74,0x79,0x70,0x65,0x5f,0x6e,0x61,
    0x6d,0x65,0xa4,0x6c,0x6f,0x6e,0x67,0xab,0x2e,0x76,0x61,0x6c,0x75,0x65,0x5f,0x6b,0x69,0x6e,0x64,0xa8,0x62,0x79,0x5f,0x76,
    0x61,0x6c,0x75,0x65,0x84,0xa7,0x2e,0x6f,0x66,0x66,0x73,0x65,0x74,0x20,0xa5,0x2e,0x73,0x69,0x7a,0x65,0x04,0xaa,0x2e,0x74,
    0x79,0x70,0x65,0x5f,0x6e,0x61,0x6d,0x65,0xa4,0x75,0x69,0x6e,0x74,0xab,0x2e,0x76,0x61,0x6c,0x75,0x65,0x5f,0x6b,0x69,0x6e,
    0x64,0xa8,0x62,0x79,0x5f,0x76,0x61,0x6c,0x75,0x65,0xb9,0x2e,0x67,0x72,0x6f,0x75,0x70,0x5f,0x73,0x65,0x67,0x6d,0x65,0x6e,
    0x74,0x5f,0x66,0x69,0x78,0x65,0x64,0x5f,0x73,0x69,0x7a,0x65,0x00,0xb6,0x2e,0x6b,0x65,0x72,0x6e,0x61,0x72,0x67,0x5f,0x73,
    0x65,0x67,0x6d,0x65,0x6e,0x74,0x5f,0x61,0x6c,0x69,0x67,0x6e,0x08,0xb5,0x2e,0x6b,0x65,0x72,0x6e,0x61,0x72,0x67,0x5f,0x73,
    0x65,0x67,0x6d,0x65,0x6e,0x74,0x5f,0x73,0x69,0x7a,0x65,0x24,0xa9,0x2e,0x6c,0x61,0x6e,0x67,0x75,0x61,0x67,0x65,0xa8,0x4f,
    0x70,0x65,0x6e,0x43,0x4c,0x20,0x43,0xb1,0x2e,0x6c,0x61,0x6e,0x67,0x75,0x61,0x67,0x65,0x5f,0x76,0x65,0x72,0x73,0x69,0x6f,
    0x6e,0x92,0x02,0x00,0xb8,0x2e,0x6d,0x61,0x78,0x5f,0x66,0x6c,0x61,0x74,0x5f,0x77,0x6f,0x72,0x6b,0x67,0x72,0x6f,0x75,0x70,
    0x5f,0x73,0x69,0x7a,0x65,0x20,0xa5,0x2e,0x6e,0x61,0x6d,0x65,0xb0,0x73,0x69,0x67,0x6e,0x61,0x6c,0x5f,0x6f,0x70,0x65,0x72,
    0x61,0x74,0x69,0x6f,0x6e,0xbb,0x2e,0x70,0x72,0x69,0x76,0x61,0x74,0x65,0x5f,0x73,0x65,0x67,0x6d,0x65,0x6e,0x74,0x5f,0x66,
    0x69,0x78,0x65,0x64,0x5f,0x73,0x69,0x7a,0x65,0x00,0xb4,0x2e,0x72,0x65,0x71,0x64,0x5f,0x77,0x6f,0x72,0x6b,0x67,0x72,0x6f,
    0x75,0x70,0x5f,0x73,0x69,0x7a,0x65,0x93,0x20,0x01,0x01,0xab,0x2e,0x73,0x67,0x70,0x72,0x5f,0x63,0x6f,0x75,0x6e,0x74,0x14,
    0xb1,0x2e,0x73,0x67,0x70,0x72,0x5f,0x73,0x70,0x69,0x6c,0x6c,0x5f,0x63,0x6f,0x75,0x6e,0x74,0x00,0xa7,0x2e,0x73,0x79,0x6d,
    0x62,0x6f,0x6c,0xb3,0x73,0x69,0x67,0x6e,0x61,0x6c,0x5f,0x6f,0x70,0x65,0x72,0x61,0x74,0x69,0x6f,0x6e,0x2e,0x6b,0x64,0xb3,
    0x2e,0x75,0x73,0x65,0x73,0x5f,0x64,0x79,0x6e,0x61,0x6d,0x69,0x63,0x5f,0x73,0x74,0x61,0x63,0x6b,0xc2,0xab,0x2e,0x76,0x67,
    0x70,0x72,0x5f,0x63,0x6f,0x75,0x6e,0x74,0x06,0xb1,0x2e,0x76,0x67,0x70,0x72,0x5f,0x73,0x70,0x69,0x6c,0x6c,0x5f,0x63,0x6f,
    0x75,0x6e,0x74,0x00,0xaf,0x2e,0x77,0x61,0x76,0x65,0x66,0x72,0x6f,0x6e,0x74,0x5f,0x73,0x69,0x7a,0x65,0x40,0xad,0x61,0x6d,
    0x64,0x68,0x73,0x61,0x2e,0x74,0x61,0x72,0x67,0x65,0x74,0xb9,0x61,0x6d,0x64,0x67,0x63,0x6e,0x2d,0x61,0x6d,0x64,0x2d,0x61,
    0x6d,0x64,0x68,0x73,0x61,0x2d,0x2d,0x67,0x66,0x78,0x39,0x30,0x61,0xae,0x61,0x6d,0x64,0x68,0x73,0x61,0x2e,0x76,0x65,0x72,
    0x73,0x69,0x6f,0x6e,0x92,0x01,0x02,0x00,0x00,0x00,0x00,0x00,0x00,0x00,0x00,0x00,0x00,0x00,0x00,0x00,0x00,0x00,0x00,0x00,
    0x00,0x00,0x00,0x00,0x00,0x00,0x00,0x00,0x01,0x00,0x00,0x00,0x12,0x03,0x07,0x00,0x00,0x17,0x00,0x00,0x00,0x00,0x00,0x00,
    0xdc,0x03,0x00,0x00,0x00,0x00,0x00,0x00,0x12,0x00,0x00,0x00,0x11,0x03,0x06,0x00,0x40,0x06,0x00,0x00,0x00,0x00,0x00,0x00,
    0x40,0x00,0x00,0x00,0x00,0x00,0x00,0x00,0x26,0x00,0x00,0x00,0x12,0x03,0x07,0x00,0xdc,0x1a,0x00,0x00,0x00,0x00,0x00,0x00,
    0x54,0x02,0x00,0x00,0x00,0x00,0x00,0x00,0x01,0x00,0x00,0x00,0x01,0x00,0x00,0x00,0x01,0x00,0x00,0x00,0x1a,0x00,0x00,0x00,
    0x00,0x00,0x89,0x00,0x40,0x00,0x01,0x10,0x01,0x00,0x00,0x00,0xd2,0x64,0x68,0xc1,0xd0,0x69,0xb2,0x5f,0xe7,0x24,0x33,0xf0,
    0x04,0x00,0x00,0x00,0x04,0x00,0x00,0x00,0x02,0x00,0x00,0x00,0x00,0x00,0x00,0x00,0x03,0x00,0x00,0x00,0x00,0x00,0x00,0x00,
    0x00,0x00,0x00,0x00,0x00,0x00,0x00,0x00,0x00,0x00,0x00,0x00,0x01,0x00,0x00,0x00,0x00,0x73,0x69,0x67,0x6e,0x61,0x6c,0x5f,
    0x6f,0x70,0x65,0x72,0x61,0x74,0x69,0x6f,0x6e,0x00,0x73,0x69,0x67,0x6e,0x61,0x6c,0x5f,0x6f,0x70,0x65,0x72,0x61,0x74,0x69,
    0x6f,0x6e,0x2e,0x6b,0x64,0x00,0x5f,0x5f,0x63,0x6c,0x61,0x6e,0x67,0x5f,0x6f,0x63,0x6c,0x5f,0x6b,0x65,0x72,0x6e,0x5f,0x69,
    0x6d,0x70,0x5f,0x73,0x69,0x67,0x6e,0x61,0x6c,0x5f,0x6f,0x70,0x65,0x72,0x61,0x74,0x69,0x6f,0x6e,0x00,0x00,0x00,0x00,0x00,
    0x00,0x00,0x00,0x00,0x00,0x00,0x00,0x00,0x00,0x00,0x00,0x00,0x00,0x00,0x00,0x00,0x00,0x00,0x00,0x00,0x00,0x00,0x00,0x00,
    0x00,0x00,0x00,0x00,0x00,0x00,0x00,0x00,0x00,0x00,0x00,0x00,0x00,0x00,0x00,0x00,0x00,0x00,0x00,0x00,0x00,0x00,0x00,0x00,
    0x24,0x00,0x00,0x00,0x00,0x00,0x00,0x00,0xc0,0x10,0x00,0x00,0x00,0x00,0x00,0x00,0x00,0x00,0x00,0x00,0x00,0x00,0x00,0x00,
    0x00,0x00,0x00,0x00,0x00,0x00,0x00,0x00,0x00,0x00,0x00,0x00,0x01,0x00,0x00,0x00,0x80,0x00,0xaf,0x00,0x8c,0x00,0x00,0x00,
    0x09,0x00,0x00,0x00,0x00,0x00,0x00,0x00,0x00,0x00,0x00,0x00,0x00,0x00,0x00,0x00,0x00,0x00,0x00,0x00,0x00,0x00,0x00,0x00,
    0x00,0x00,0x00,0x00,0x00,0x00,0x00,0x00,0x00,0x00,0x00,0x00,0x00,0x00,0x00,0x00,0x00,0x00,0x00,0x00,0x00,0x00,0x00,0x00,
    0x00,0x00,0x00,0x00,0x00,0x00,0x00,0x00,0x00,0x00,0x00,0x00,0x00,0x00,0x00,0x00,0x00,0x00,0x00,0x00,0x00,0x00,0x00,0x00,
    0x00,0x00,0x00,0x00,0x00,0x00,0x00,0x00,0x00,0x00,0x00,0x00,0x00,0x00,0x00,0x00,0x00,0x00,0x00,0x00,0x00,0x00,0x00,0x00,
    0x00,0x00,0x00,0x00,0x00,0x00,0x00,0x00,0x00,0x00,0x00,0x00,0x00,0x00,0x00,0x00,0x00,0x00,0x00,0x00,0x00,0x00,0x00,0x00,
    0x00,0x00,0x00,0x00,0x00,0x00,0x00,0x00,0x00,0x00,0x00,0x00,0x00,0x00,0x00,0x00,0x80,0x00,0x94,0x7d,0x6a,0x20,0x80,0xbe,
    0xf3,0x00,0x88,0xbf,0x82,0x01,0x02,0xc0,0x20,0x00,0x00,0x00,0x02,0x02,0x0e,0xc0,0x00,0x00,0x00,0x00,0x7f,0xc0,0x8c,0xbf,
    0x06,0x85,0x04,0xbf,0x18,0x00,0x85,0xbf,0x06,0x86,0x02,0xbf,0x19,0x00,0x84,0xbf,0x06,0x87,0x02,0xbf,0x1a,0x00,0x84,0xbf,
    0x06,0x88,0x06,0xbf,0x00,0x40,0xb3,0xd3,0x80,0x00,0x01,0x18,0x0e,0x00,0x84,0xbf,0x0c,0x02,0x00,0x7e,0x0d,0x02,0x02,0x7e,
    0x0e,0x02,0x04,0x7e,0x0f,0x02,0x06,0x7e,0x80,0x02,0x08,0x7e,0x00,0xc0,0xa0,0xe0,0x00,0x00,0x00,0x00,0x00,0x80,0x85,0xdd,
    0x04,0x00,0x08,0x00,0x70,0x0f,0x8c,0xbf,0x00,0x00,0xa4,0xe0,0x00,0x00,0x00,0x00,0x00,0x00,0xfc,0xe0,0x00,0x00,0x00,0x00,
    0x80,0x01,0x80,0xbe,0x07,0x00,0x82,0xbf,0x80,0x01,0x80,0xbe,0x4b,0x00,0x89,0xbf,0xc0,0x00,0x82,0xbf,0x80,0x01,0x80,0xbe,
    0x03,0x00,0x89,0xbf,0x46,0x00,0x82,0xbf,0xc1,0x01,0x80,0xbe,0x44,0x00,0x82,0xbf,0x06,0x85,0x02,0xbf,0x23,0x00,0x84,0xbf,
    0x7e,0x01,0x84,0xbe,0x00,0x00,0x8c,0xd2,0x04,0x00,0x01,0x00,0x02,0x00,0x8d,0xd2,0x05,0x00,0x02,0x00,0x80,0x04,0x94,0x7d,
    0x6a,0x20,0x82,0xbe,0x10,0x00,0x88,0xbf,0x04,0x0d,0x84,0xbe,0x04,0x81,0x04,0x86,0x0d,0x04,0x05,0x92,0x0c,0x04,0x04,0x92,
    0x04,0x02,0x00,0x7e,0x05,0x02,0x02,0x7e,0x80,0x02,0x06,0x7e,0x00,0xc0,0xa0,0xe0,0x00,0x00,0x00,0x00,0x00,0x80,0xa9,0xdd,
    0x03,0x00,0x08,0x00,0x70,0x0f,0x8c,0xbf,0x00,0x00,0xa4,0xe0,0x00,0x00,0x00,0x00,0x00,0x00,0xfc,0xe0,0x00,0x00,0x00,0x00,
    0x7e,0x02,0xfe,0x87,0x00,0x05,0x06,0x7e,0x81,0x04,0x00,0x26,0x01,0x05,0x04,0x7e,0x01,0x00,0x85,0xd2,0x0d,0x00,0x02,0x00,
    0x00,0x00,0x85,0xd2,0x0c,0x00,0x02,0x00,0x02,0x02,0x02,0x2a,0x03,0x00,0x00,0x2a,0x1f,0x00,0x82,0xbf,0x1e,0x00,0x88,0xbf,
    0x00,0x00,0x8c,0xd2,0x7e,0x00,0x01,0x00,0x00,0x00,0x8d,0xd2,0x7f,0x00,0x02,0x00,0x80,0x00,0x94,0x7d,0x6a,0x20,0x82,0xbe,
    0x0c,0x00,0x88,0xbf,0x80,0x02,0x04,0x7e,0x00,0x50,0xb3,0xd3,0x0c,0x18,0x00,0x18,0x00,0xc0,0xa0,0xe0,0x00,0x00,0x00,0x00,
    0x00,0x80,0xa5,0xdd,0x02,0x00,0x08,0x00,0x70,0x0f,0x8c,0xbf,0x00,0x00,0xa4,0xe0,0x00,0x00,0x00,0x00,0x00,0x00,0xfc,0xe0,
    0x00,0x00,0x00,0x00,0x7e,0x02,0xfe,0x87,0x01,0x05,0x04,0x7e,0x00,0x05,0x06,0x7e,0x0d,0x02,0x00,0x7e,0x0c,0x02,0x02,0x7e,
    0x00,0x00,0x00,0xd1,0x00,0x01,0xa9,0x01,0x02,0x00,0x00,0xd1,0x01,0x01,0xa9,0x01,0x02,0x00,0x02,0x28,0x03,0x04,0x00,0x28,
    0x76,0x00,0x82,0xbf,0x06,0x82,0x02,0xbf,0x21,0x00,0x84,0xbf,0x06,0x83,0x02,0xbf,0x20,0x00,0x84,0xbf,0x00,0x00,0x8c,0xd2,
    0x7e,0x00,0x01,0x00,0x00,0x00,0x8d,0xd2,0x7f,0x00,0x02,0x00,0x80,0x00,0x94,0x7d,0x6a,0x20,0x82,0xbe,0x0c,0x00,0x88,0xbf,
    0x80,0x02,0x04,0x7e,0x00,0x50,0xb3,0xd3,0x0c,0x18,0x00,0x18,0x00,0xc0,0xa0,0xe0,0x00,0x00,0x00,0x00,0x00,0x80,0xa1,0xdd,
    0x02,0x00,0x08,0x00,0x70,0x0f,0x8c,0xbf,0x00,0x00,0xa4,0xe0,0x00,0x00,0x00,0x00,0x00,0x00,0xfc,0xe0,0x00,0x00,0x00,0x00,
    0x7e,0x02,0xfe,0x87,0x01,0x05,0x04,0x7e,0x00,0x05,0x06,0x7e,0x0d,0x02,0x00,0x7e,0x0c,0x02,0x02,0x7e,0x00,0x00,0x00,0xd1,
    0x00,0x83,0xa9,0x01,0x02,0x00,0x00,0xd1,0x01,0x83,0xa9,0x01,0x02,0x00,0x02,0x26,0x03,0x04,0x00,0x26,0x26,0x00,0x82,0xbf,
    0x26,0x00,0x82,0xbf,0x24,0x00,0x88,0xbf,0x7e,0x01,0x84,0xbe,0x00,0x00,0x8c,0xd2,0x04,0x00,0x01,0x00,0x02,0x00,0x8d,0xd2,
    0x05,0x00,0x02,0x00,0x80,0x04,0x94,0x7d,0x6a,0x20,0x82,0xbe,0x11,0x00,0x88,0xbf,0x04,0x0d,0x84,0xbe,0x0d,0x04,0x05,0x92,
    0x0c,0x04,0x07,0x96,0x07,0x05,0x07,0x81,0x0c,0x04,0x04,0x92,0x04,0x02,0x00,0x7e,0x07,0x02,0x02,0x7e,0x80,0x02,0x06,0x7e,
    0x00,0xc0,0xa0,0xe0,0x00,0x00,0x00,0x00,0x00,0x80,0x8d,0xdd,0x03,0x00,0x08,0x00,0x70,0x0f,0x8c,0xbf,0x00,0x00,0xa4,0xe0,
    0x00,0x00,0x00,0x00,0x00,0x00,0xfc,0xe0,0x00,0x00,0x00,0x00,0x7e,0x02,0xfe,0x87,0x01,0x05,0x08,0x7e,0x00,0x05,0x0a,0x7e,
    0x00,0x02,0xe8,0xd1,0x0c,0x04,0x02,0x02,0x01,0x03,0x08,0x7e,0x02,0x02,0xe8,0xd1,0x0d,0x04,0x12,0x04,0x04,0x02,0x02,0x7e,
    0x05,0x00,0x00,0x34,0x01,0x05,0x02,0x3a,0x2c,0x00,0x89,0xbf,0x06,0x81,0x02,0xbf,0x25,0x00,0x84,0xbf,0x7e,0x01,0x84,0xbe,
    0x00,0x00,0x8c,0xd2,0x04,0x00,0x01,0x00,0x02,0x00,0x8d,0xd2,0x05,0x00,0x02,0x00,0x80,0x04,0x94,0x7d,0x6a,0x20,0x82,0xbe,
    0x11,0x00,0x88,0xbf,0x04,0x0d,0x84,0xbe,0x0d,0x04,0x05,0x92,0x0c,0x04,0x07,0x96,0x07,0x05,0x07,0x81,0x0c,0x04,0x04,0x92,
    0x04,0x02,0x00,0x7e,0x07,0x02,0x02,0x7e,0x80,0x02,0x06,0x7e,0x00,0xc0,0xa0,0xe0,0x00,0x00,0x00,0x00,0x00,0x80,0x89,0xdd,
    0x03,0x00,0x08,0x00,0x70,0x0f,0x8c,0xbf,0x00,0x00,0xa4,0xe0,0x00,0x00,0x00,0x00,0x00,0x00,0xfc,0xe0,0x00,0x00,0x00,0x00,
    0x7e,0x02,0xfe,0x87,0x01,0x05,0x04,0x7e,0x00,0x05,0x06,0x7e,0x03,0x02,0x00,0x7e,0x02,0x02,0x02,0x7e,0x00,0x02,0xe8,0xd1,
    0x0c,0x04,0x02,0x04,0x01,0x03,0x08,0x7e,0x02,0x02,0xe8,0xd1,0x0d,0x04,0x12,0x04,0x02,0x03,0x02,0x7e,0x05,0x00,0x82,0xbf,
    0x04,0x00,0x88,0xbf,0x06,0x81,0x06,0xbf,0x00,0x40,0xb3,0xd3,0x80,0x00,0x01,0x18,0xc1,0x80,0x80,0x85,0x7e,0x00,0xea,0x86,
    0x0c,0x00,0x86,0xbf,0x80,0x02,0x04,0x7e,0x00,0x50,0xb3,0xd3,0x0c,0x18,0x00,0x18,0x00,0xc0,0xa0,0xe0,0x00,0x00,0x00,0x00,
    0x00,0x80,0x81,0xdd,0x02,0x00,0x08,0x00,0x70,0x0f,0x8c,0xbf,0x00,0x00,0xa4,0xe0,0x00,0x00,0x00,0x00,0x00,0x00,0xfc,0xe0,
    0x00,0x00,0x00,0x00,0x80,0x02,0x04,0x7e,0x00,0x80,0x74,0xdc,0x02,0x00,0x0a,0x00,0x00,0x00,0x81,0xbf,0x00,0x00,0x8c,0xbf,
    0xff,0x3e,0x12,0x26,0xff,0x03,0x00,0x00,0x80,0x12,0x94,0x7d,0x6a,0x20,0x84,0xbe,0x8c,0x00,0x88,0xbf,0x84,0x10,0x82,0x7d,
    0x80,0x01,0x86,0xbe,0x6a,0x20,0x88,0xbe,0x7e,0x08,0x88,0x88,0x37,0x00,0x88,0xbf,0x86,0x10,0x82,0x7d,0x6a,0x20,0x8a,0xbe,
    0x7e,0x0a,0x8a,0x88,0x16,0x00,0x88,0xbf,0x87,0x10,0x82,0x7d,0xc1,0x01,0x8c,0xbe,0x6a,0x20,0x86,0xbe,0x10,0x00,0x88,0xbf,
    0x88,0x10,0x94,0x7d,0x0a,0x40,0xb3,0xd3,0x80,0x00,0x01,0x18,0x6a,0x20,0x8c,0xbe,0x09,0x00,0x88,0xbf,0x00,0xc0,0xa0,0xe0,
    0x00,0x00,0x00,0x00,0x00,0x80,0x85,0xdd,0x00,0x04,0x7f,0x0a,0x70,0x0f,0x8c,0xbf,0x00,0x00,0xa4,0xe0,0x00,0x00,0x00,0x00,
    0x00,0x00,0xfc,0xe0,0x00,0x00,0x00,0x00,0x7e,0x0c,0xfe,0x87,0x7e,0xc1,0x8c,0x88,0x7e,0x06,0xfe,0x87,0x0c,0x7e,0x86,0x86,
    0x0a,0x23,0x8a,0xbe,0x19,0x00,0x88,0xbf,0x85,0x10,0x82,0x7d,0x6a,0x20,0x8c,0xbe,0x7e,0x0c,0x8c,0x88,0x09,0x00,0x88,0xbf,
    0x00,0xc0,0xa0,0xe0,0x00,0x00,0x00,0x00,0x00,0x80,0xa9,0xdd,0x00,0x04,0x7f,0x0a,0x70,0x0f,0x8c,0xbf,0x00,0x00,0xa4,0xe0,
    0x00,0x00,0x00,0x00,0x00,0x00,0xfc,0xe0,0x00,0x00,0x00,0x00,0x0c,0x23,0x8c,0xbe,0x09,0x00,0x88,0xbf,0x00,0xc0,0xa0,0xe0,
    0x00,0x00,0x00,0x00,0x00,0x80,0xa5,0xdd,0x00,0x04,0x7f,0x0a,0x70,0x0f,0x8c,0xbf,0x00,0x00,0xa4,0xe0,0x00,0x00,0x00,0x00,
    0x00,0x00,0xfc,0xe0,0x00,0x00,0x00,0x00,0x7e,0x0c,0xfe,0x87,0x7e,0x0a,0xfe,0x87,0x06,0x7e,0x86,0x86,0x08,0x23,0x88,0xbe,
    0x3f,0x00,0x88,0xbf,0x82,0x10,0x82,0x7d,0x6a,0x20,0x8a,0xbe,0x7e,0x0a,0x8a,0x88,0x19,0x00,0x88,0xbf,0x83,0x10,0x82,0x7d,
    0x6a,0x20,0x8c,0xbe,0x7e,0x0c,0x8c,0x88,0x09,0x00,0x88,0xbf,0x00,0xc0,0xa0,0xe0,0x00,0x00,0x00,0x00,0x00,0x80,0xa1,0xdd,
    0x00,0x04,0x7f,0x0a,0x70,0x0f,0x8c,0xbf,0x00,0x00,0xa4,0xe0,0x00,0x00,0x00,0x00,0x00,0x00,0xfc,0xe0,0x00,0x00,0x00,0x00,
    0x0c,0x23,0x8c,0xbe,0x09,0x00,0x88,0xbf,0x00,0xc0,0xa0,0xe0,0x00,0x00,0x00,0x00,0x00,0x80,0x8d,0xdd,0x00,0x04,0x7f,0x0a,
    0x70,0x0f,0x8c,0xbf,0x00,0x00,0xa4,0xe0,0x00,0x00,0x00,0x00,0x00,0x00,0xfc,0xe0,0x00,0x00,0x00,0x00,0x7e,0x0c,0xfe,0x87,
    0x0a,0x21,0x8a,0xbe,0x06,0x01,0x8c,0xbe,0x7e,0x0a,0xfe,0x88,0x1a,0x00,0x88,0xbf,0x81,0x10,0x82,0x7d,0x6a,0x20,0x8c,0xbe,
    0x7e,0x0c,0x8c,0x88,0x09,0x00,0x88,0xbf,0x00,0xc0,0xa0,0xe0,0x00,0x00,0x00,0x00,0x00,0x80,0x89,0xdd,0x00,0x04,0x7f,0x0a,
    0x70,0x0f,0x8c,0xbf,0x00,0x00,0xa4,0xe0,0x00,0x00,0x00,0x00,0x00,0x00,0xfc,0xe0,0x00,0x00,0x00,0x00,0x0c,0x21,0x8c,0xbe,
    0x06,0x01,0x8e,0xbe,0x7e,0x0c,0xfe,0x88,0x81,0x10,0x94,0x7d,0x06,0x7e,0x8e,0x89,0x6a,0x7e,0x90,0x86,0x0a,0x40,0xb3,0xd3,
    0x80,0x00,0x01,0x18,0x0e,0x10,0x8e,0x87,0x7e,0x0c,0xfe,0x87,0x06,0x7e,0x8c,0x89,0x0e,0x7e,0x8e,0x86,0x0c,0x0e,0x8c,0x87,
    0x7e,0x0a,0xfe,0x87,0x06,0x7e,0x86,0x89,0x0c,0x7e,0x8a,0x86,0x06,0x0a,0x86,0x87,0x7e,0x08,0xfe,0x87,0x06,0x20,0x88,0xbe,
    0x09,0x00,0x88,0xbf,0x00,0xc0,0xa0,0xe0,0x00,0x00,0x00,0x00,0x00,0x80,0x81,0xdd,0x00,0x04,0x7f,0x0a,0x70,0x0f,0x8c,0xbf,
    0x00,0x00,0xa4,0xe0,0x00,0x00,0x00,0x00,0x00,0x00,0xfc,0xe0,0x00,0x00,0x00,0x00,0x7e,0x08,0xfe,0x87,0x00,0x80,0x74,0xdc,
    0x02,0x0a,0x7f,0x00,0x7e,0x04,0xfe,0x87,0x70,0x0f,0x8c,0xbf,0x1e,0x1d,0x80,0xbe,0x00,0x00,0x80,0xbf,0x00,0x00,0x80,0xbf,
    0x00,0x00,0x80,0xbf,0x00,0x00,0x80,0xbf,0x00,0x00,0x80,0xbf,0x00,0x00,0x80,0xbf,0x00,0x00,0x80,0xbf,0x00,0x00,0x80,0xbf,
    0x00,0x00,0x80,0xbf,0x00,0x00,0x80,0xbf,0x00,0x00,0x80,0xbf,0x00,0x00,0x80,0xbf,0x00,0x00,0x80,0xbf,0x00,0x00,0x80,0xbf,
    0x00,0x00,0x80,0xbf,0x00,0x00,0x80,0xbf,0x00,0x00,0x80,0xbf,0x00,0x00,0x80,0xbf,0x00,0x00,0x80,0xbf,0x00,0x00,0x80,0xbf,
    0x00,0x00,0x80,0xbf,0x00,0x00,0x80,0xbf,0x00,0x00,0x80,0xbf,0x00,0x00,0x80,0xbf,0x00,0x00,0x80,0xbf,0x00,0x00,0x80,0xbf,
    0x00,0x00,0x80,0xbf,0x00,0x00,0x80,0xbf,0x00,0x00,0x80,0xbf,0x00,0x00,0x80,0xbf,0x00,0x00,0x80,0xbf,0x00,0x00,0x80,0xbf,
    0x00,0x00,0x80,0xbf,0x00,0x00,0x80,0xbf,0x00,0x00,0x80,0xbf,0x00,0x00,0x80,0xbf,0x00,0x00,0x80,0xbf,0x00,0x00,0x80,0xbf,
    0x00,0x00,0x80,0xbf,0x00,0x00,0x80,0xbf,0x00,0x00,0x80,0xbf,0x00,0x00,0x80,0xbf,0x00,0x00,0x80,0xbf,0x00,0x00,0x80,0xbf,
    0x00,0x00,0x80,0xbf,0x00,0x00,0x80,0xbf,0x00,0x00,0x80,0xbf,0x00,0x00,0x80,0xbf,0x00,0x00,0x80,0xbf,0x00,0x00,0x80,0xbf,
    0x00,0x00,0x80,0xbf,0x00,0x00,0x80,0xbf,0x00,0x00,0x80,0xbf,0x00,0x00,0x80,0xbf,0x00,0x00,0x80,0xbf,0x00,0x00,0x80,0xbf,
    0x00,0x00,0x80,0xbf,0x00,0x00,0x80,0xbf,0x00,0x00,0x80,0xbf,0x00,0x00,0x80,0xbf,0x00,0x00,0x80,0xbf,0x00,0x00,0x80,0xbf,
    0x00,0x00,0x80,0xbf,0x00,0x00,0x80,0xbf,0x00,0x00,0x80,0xbf,0x00,0x00,0x80,0xbf,0x00,0x00,0x80,0xbf,0x00,0x00,0x80,0xbf,
    0x00,0x00,0x80,0xbf,0x00,0x00,0x80,0xbf,0x00,0x00,0x80,0xbf,0x00,0x00,0x80,0xbf,0x00,0x00,0x80,0xbf,0x00,0x00,0x80,0xbf,
    0x00,0x00,0x80,0xbf,0x00,0x00,0x80,0xbf,0x00,0x00,0x80,0xbf,0x00,0x00,0x80,0xbf,0x00,0x00,0x80,0xbf,0x00,0x00,0x80,0xbf,
    0x00,0x00,0x80,0xbf,0x00,0x00,0x80,0xbf,0x00,0x00,0x80,0xbf,0x00,0x00,0x80,0xbf,0x00,0x00,0x80,0xbf,0x00,0x00,0x80,0xbf,
    0x00,0x00,0x80,0xbf,0x00,0x00,0x80,0xbf,0x00,0x00,0x80,0xbf,0x00,0x00,0x80,0xbf,0x00,0x00,0x80,0xbf,0x00,0x00,0x80,0xbf,
    0x00,0x00,0x80,0xbf,0x00,0x00,0x80,0xbf,0x00,0x00,0x80,0xbf,0x00,0x00,0x80,0xbf,0x00,0x00,0x80,0xbf,0x00,0x00,0x80,0xbf,
    0x00,0x00,0x80,0xbf,0x00,0x00,0x80,0xbf,0x00,0x00,0x80,0xbf,0x00,0x00,0x80,0xbf,0x00,0x00,0x80,0xbf,0x00,0x00,0x80,0xbf,
    0x00,0x00,0x80,0xbf,0x00,0x00,0x80,0xbf,0x00,0x00,0x80,0xbf,0x00,0x00,0x80,0xbf,0x00,0x00,0x80,0xbf,0x00,0x00,0x80,0xbf,
    0x00,0x00,0x80,0xbf,0x00,0x00,0x80,0xbf,0x00,0x00,0x80,0xbf,0x00,0x00,0x80,0xbf,0x00,0x00,0x80,0xbf,0x00,0x00,0x80,0xbf,
    0x00,0x00,0x80,0xbf,0x00,0x00,0x80,0xbf,0x00,0x00,0x80,0xbf,0x00,0x00,0x80,0xbf,0x00,0x00,0x80,0xbf,0x00,0x00,0x80,0xbf,
    0x00,0x00,0x80,0xbf,0x00,0x00,0x80,0xbf,0x00,0x00,0x80,0xbf,0x00,0x00,0x80,0xbf,0x00,0x00,0x80,0xbf,0x00,0x00,0x80,0xbf,
    0x00,0x00,0x80,0xbf,0x00,0x00,0x80,0xbf,0x00,0x00,0x80,0xbf,0x00,0x00,0x80,0xbf,0x00,0x00,0x80,0xbf,0x00,0x00,0x80,0xbf,
    0x00,0x00,0x80,0xbf,0x00,0x00,0x80,0xbf,0x00,0x00,0x80,0xbf,0x00,0x00,0x80,0xbf,0x00,0x00,0x80,0xbf,0x00,0x00,0x80,0xbf,
    0x00,0x00,0x80,0xbf,0x00,0x00,0x80,0xbf,0x00,0x00,0x80,0xbf,0x00,0x00,0x80,0xbf,0x00,0x00,0x80,0xbf,0x00,0x00,0x80,0xbf,
    0x00,0x00,0x80,0xbf,0x00,0x00,0x80,0xbf,0x00,0x00,0x80,0xbf,0x00,0x00,0x80,0xbf,0x00,0x00,0x80,0xbf,0x00,0x00,0x80,0xbf,
    0x00,0x00,0x80,0xbf,0x00,0x00,0x80,0xbf,0x00,0x00,0x80,0xbf,0x00,0x00,0x80,0xbf,0x00,0x00,0x80,0xbf,0x00,0x00,0x80,0xbf,
    0x00,0x00,0x80,0xbf,0x00,0x00,0x80,0xbf,0x00,0x00,0x80,0xbf,0x00,0x00,0x80,0xbf,0x00,0x00,0x80,0xbf,0x00,0x00,0x80,0xbf,
    0x00,0x00,0x80,0xbf,0x00,0x00,0x80,0xbf,0x00,0x00,0x80,0xbf,0x00,0x00,0x80,0xbf,0x00,0x00,0x80,0xbf,0x00,0x00,0x80,0xbf,
    0x00,0x00,0x80,0xbf,0x00,0x00,0x80,0xbf,0x00,0x00,0x80,0xbf,0x00,0x00,0x80,0xbf,0x00,0x00,0x80,0xbf,0x00,0x00,0x80,0xbf,
    0x00,0x00,0x80,0xbf,0x00,0x00,0x80,0xbf,0x00,0x00,0x80,0xbf,0x00,0x00,0x80,0xbf,0x00,0x00,0x80,0xbf,0x00,0x00,0x80,0xbf,
    0x00,0x00,0x80,0xbf,0x00,0x00,0x80,0xbf,0x00,0x00,0x80,0xbf,0x00,0x00,0x80,0xbf,0x00,0x00,0x80,0xbf,0x00,0x00,0x80,0xbf,
    0x00,0x00,0x80,0xbf,0x00,0x00,0x80,0xbf,0x00,0x00,0x80,0xbf,0x00,0x00,0x80,0xbf,0x00,0x00,0x80,0xbf,0x00,0x00,0x80,0xbf,
    0x00,0x00,0x80,0xbf,0x00,0x00,0x80,0xbf,0x00,0x00,0x80,0xbf,0x00,0x00,0x80,0xbf,0x00,0x00,0x80,0xbf,0x00,0x00,0x80,0xbf,
    0x00,0x00,0x80,0xbf,0x00,0x00,0x80,0xbf,0x00,0x00,0x80,0xbf,0x00,0x00,0x80,0xbf,0x00,0x00,0x80,0xbf,0x00,0x00,0x80,0xbf,
    0x00,0x00,0x80,0xbf,0x00,0x00,0x80,0xbf,0x00,0x00,0x80,0xbf,0x00,0x00,0x80,0xbf,0x00,0x00,0x80,0xbf,0x00,0x00,0x80,0xbf,
    0x00,0x00,0x80,0xbf,0x00,0x00,0x80,0xbf,0x00,0x00,0x80,0xbf,0x00,0x00,0x80,0xbf,0x00,0x00,0x80,0xbf,0x00,0x00,0x80,0xbf,
    0x00,0x00,0x80,0xbf,0x00,0x00,0x80,0xbf,0x00,0x00,0x80,0xbf,0x00,0x00,0x80,0xbf,0x00,0x00,0x80,0xbf,0x00,0x00,0x80,0xbf,
    0x00,0x00,0x80,0xbf,0x00,0x00,0x80,0xbf,0x00,0x00,0x80,0xbf,0x00,0x00,0x80,0xbf,0x00,0x00,0x80,0xbf,0x00,0x00,0x80,0xbf,
    0x00,0x00,0x80,0xbf,0x00,0x00,0x80,0xbf,0x00,0x00,0x80,0xbf,0x00,0x00,0x80,0xbf,0x00,0x00,0x80,0xbf,0x00,0x00,0x80,0xbf,
    0x00,0x00,0x80,0xbf,0x00,0x00,0x80,0xbf,0x00,0x00,0x80,0xbf,0x00,0x00,0x80,0xbf,0x00,0x00,0x80,0xbf,0x00,0x00,0x80,0xbf,
    0x00,0x00,0x80,0xbf,0x00,0x00,0x80,0xbf,0x00,0x00,0x80,0xbf,0x00,0x00,0x80,0xbf,0x00,0x00,0x80,0xbf,0x00,0x00,0x80,0xbf,
    0x00,0x00,0x80,0xbf,0x00,0x00,0x80,0xbf,0x00,0x00,0x80,0xbf,0x00,0x00,0x80,0xbf,0x00,0x00,0x80,0xbf,0x00,0x00,0x80,0xbf,
    0x00,0x00,0x80,0xbf,0x00,0x00,0x80,0xbf,0x00,0x00,0x80,0xbf,0x00,0x00,0x80,0xbf,0x00,0x00,0x80,0xbf,0x00,0x00,0x80,0xbf,
    0x06,0x00,0x00,0x00,0x00,0x00,0x00,0x00,0x18,0x05,0x00,0x00,0x00,0x00,0x00,0x00,0x0b,0x00,0x00,0x00,0x00,0x00,0x00,0x00,
    0x18,0x00,0x00,0x00,0x00,0x00,0x00,0x00,0x05,0x00,0x00,0x00,0x00,0x00,0x00,0x00,0xc8,0x05,0x00,0x00,0x00,0x00,0x00,0x00,
    0x0a,0x00,0x00,0x00,0x00,0x00,0x00,0x00,0x4c,0x00,0x00,0x00,0x00,0x00,0x00,0x00,0xf5,0xfe,0xff,0x6f,0x00,0x00,0x00,0x00,
    0x78,0x05,0x00,0x00,0x00,0x00,0x00,0x00,0x04,0x00,0x00,0x00,0x00,0x00,0x00,0x00,0xa0,0x05,0x00,0x00,0x00,0x00,0x00,0x00,
    0x00,0x00,0x00,0x00,0x00,0x00,0x00,0x00,0x00,0x00,0x00,0x00,0x00,0x00,0x00,0x00,0x48,0x6f,0x6d,0x65,0x62,0x72,0x65,0x77,
    0x20,0x63,0x6c,0x61,0x6e,0x67,0x20,0x76,0x65,0x72,0x73,0x69,0x6f,0x6e,0x20,0x32,0x31,0x2e,0x31,0x2e,0x38,0x00,0x00,0x4c,
    0x69,0x6e,0x6b,0x65,0x72,0x3a,0x20,0x48,0x6f,0x6d,0x65,0x62,0x72,0x65,0x77,0x20,0x4c,0x4c,0x44,0x20,0x32,0x31,0x2e,0x31,
    0x2e,0x38,0x00,0x00,0x00,0x00,0x00,0x00,0x00,0x00,0x00,0x00,0x00,0x00,0x00,0x00,0x00,0x00,0x00,0x00,0x00,0x00,0x00,0x00,
    0x00,0x00,0x00,0x00,0x00,0x00,0x00,0x00,0x01,0x00,0x00,0x00,0x00,0x00,0xf1,0xff,0x00,0x00,0x00,0x00,0x00,0x00,0x00,0x00,
    0x00,0x00,0x00,0x00,0x00,0x00,0x00,0x00,0x23,0x00,0x00,0x00,0x00,0x00,0xf1,0xff,0x06,0x00,0x00,0x00,0x00,0x00,0x00,0x00,
    0x00,0x00,0x00,0x00,0x00,0x00,0x00,0x00,0x3d,0x00,0x00,0x00,0x00,0x00,0xf1,0xff,0x00,0x00,0x00,0x00,0x00,0x00,0x00,0x00,
    0x00,0x00,0x00,0x00,0x00,0x00,0x00,0x00,0x57,0x00,0x00,0x00,0x00,0x00,0xf1,0xff,0x10,0x00,0x00,0x00,0x00,0x00,0x00,0x00,
    0x00,0x00,0x00,0x00,0x00,0x00,0x00,0x00,0x76,0x00,0x00,0x00,0x00,0x00,0xf1,0xff,0x01,0x00,0x00,0x00,0x00,0x00,0x00,0x00,
    0x00,0x00,0x00,0x00,0x00,0x00,0x00,0x00,0x90,0x00,0x00,0x00,0x00,0x00,0xf1,0xff,0x00,0x00,0x00,0x00,0x00,0x00,0x00,0x00,
    0x00,0x00,0x00,0x00,0x00,0x00,0x00,0x00,0xb3,0x00,0x00,0x00,0x00,0x00,0xf1,0xff,0x00,0x00,0x00,0x00,0x00,0x00,0x00,0x00,
    0x00,0x00,0x00,0x00,0x00,0x00,0x00,0x00,0xd8,0x00,0x00,0x00,0x00,0x00,0xf1,0xff,0x00,0x00,0x00,0x00,0x00,0x00,0x00,0x00,
    0x00,0x00,0x00,0x00,0x00,0x00,0x00,0x00,0x42,0x01,0x00,0x00,0x00,0x02,0x08,0x00,0x40,0x31,0x00,0x00,0x00,0x00,0x00,0x00,
    0x00,0x00,0x00,0x00,0x00,0x00,0x00,0x00,0xf7,0x00,0x00,0x00,0x12,0x03,0x07,0x00,0x00,0x17,0x00,0x00,0x00,0x00,0x00,0x00,
    0xdc,0x03,0x00,0x00,0x00,0x00,0x00,0x00,0x08,0x01,0x00,0x00,0x11,0x03,0x06,0x00,0x40,0x06,0x00,0x00,0x00,0x00,0x00,0x00,
    0x40,0x00,0x00,0x00,0x00,0x00,0x00,0x00,0x1c,0x01,0x00,0x00,0x12,0x03,0x07,0x00,0xdc,0x1a,0x00,0x00,0x00,0x00,0x00,0x00,
    0x54,0x02,0x00,0x00,0x00,0x00,0x00,0x00,0x00,0x2e,0x6e,0x6f,0x74,0x65,0x00,0x2e,0x64,0x79,0x6e,0x73,0x79,0x6d,0x00,0x2e,
    0x67,0x6e,0x75,0x2e,0x68,0x61,0x73,0x68,0x00,0x2e,0x68,0x61,0x73,0x68,0x00,0x2e,0x64,0x79,0x6e,0x73,0x74,0x72,0x00,0x2e,
    0x72,0x6f,0x64,0x61,0x74,0x61,0x00,0x2e,0x74,0x65,0x78,0x74,0x00,0x2e,0x64,0x79,0x6e,0x61,0x6d,0x69,0x63,0x00,0x2e,0x72,
    0x65,0x6c,0x72,0x6f,0x5f,0x70,0x61,0x64,0x64,0x69,0x6e,0x67,0x00,0x2e,0x41,0x4d,0x44,0x47,0x50,0x55,0x2e,0x67,0x70,0x72,
    0x5f,0x6d,0x61,0x78,0x69,0x6d,0x75,0x6d,0x73,0x00,0x2e,0x63,0x6f,0x6d,0x6d,0x65,0x6e,0x74,0x00,0x2e,0x73,0x79,0x6d,0x74,
    0x61,0x62,0x00,0x2e,0x73,0x68,0x73,0x74,0x72,0x74,0x61,0x62,0x00,0x2e,0x73,0x74,0x72,0x74,0x61,0x62,0x00,0x00,0x73,0x69,
    0x67,0x6e,0x61,0x6c,0x5f,0x6f,0x70,0x65,0x72,0x61,0x74,0x69,0x6f,0x6e,0x2e,0x70,0x72,0x69,0x76,0x61,0x74,0x65,0x5f,0x73,
    0x65,0x67,0x5f,0x73,0x69,0x7a,0x65,0x00,0x73,0x69,0x67,0x6e,0x61,0x6c,0x5f,0x6f,0x70,0x65,0x72,0x61,0x74,0x69,0x6f,0x6e,
    0x2e,0x6e,0x75,0x6d,0x5f,0x76,0x67,0x70,0x72,0x00,0x73,0x69,0x67,0x6e,0x61,0x6c,0x5f,0x6f,0x70,0x65,0x72,0x61,0x74,0x69,
    0x6f,0x6e,0x2e,0x6e,0x75,0x6d,0x5f,0x61,0x67,0x70,0x72,0x00,0x73,0x69,0x67,0x6e,0x61,0x6c,0x5f,0x6f,0x70,0x65,0x72,0x61,
    0x74,0x69,0x6f,0x6e,0x2e,0x6e,0x75,0x6d,0x62,0x65,0x72,0x65,0x64,0x5f,0x73,0x67,0x70,0x72,0x00,0x73,0x69,0x67,0x6e,0x61,
    0x6c,0x5f,0x6f,0x70,0x65,0x72,0x61,0x74,0x69,0x6f,0x6e,0x2e,0x75,0x73,0x65,0x73,0x5f,0x76,0x63,0x63,0x00,0x73,0x69,0x67,
    0x6e,0x61,0x6c,0x5f,0x6f,0x70,0x65,0x72,0x61,0x74,0x69,0x6f,0x6e,0x2e,0x75,0x73,0x65,0x73,0x5f,0x66,0x6c,0x61,0x74,0x5f,
    0x73,0x63,0x72,0x61,0x74,0x63,0x68,0x00,0x73,0x69,0x67,0x6e,0x61,0x6c,0x5f,0x6f,0x70,0x65,0x72,0x61,0x74,0x69,0x6f,0x6e,
    0x2e,0x68,0x61,0x73,0x5f,0x64,0x79,0x6e,0x5f,0x73,0x69,0x7a,0x65,0x64,0x5f,0x73,0x74,0x61,0x63,0x6b,0x00,0x73,0x69,0x67,
    0x6e,0x61,0x6c,0x5f,0x6f,0x70,0x65,0x72,0x61,0x74,0x69,0x6f,0x6e,0x2e,0x68,0x61,0x73,0x5f,0x72,0x65,0x63,0x75,0x72,0x73,
    0x69,0x6f,0x6e,0x00,0x73,0x69,0x67,0x6e,0x61,0x6c,0x5f,0x6f,0x70,0x65,0x72,0x61,0x74,0x69,0x6f,0x6e,0x00,0x73,0x69,0x67,
    0x6e,0x61,0x6c,0x5f,0x6f,0x70,0x65,0x72,0x61,0x74,0x69,0x6f,0x6e,0x2e,0x6b,0x64,0x00,0x5f,0x5f,0x63,0x6c,0x61,0x6e,0x67,
    0x5f,0x6f,0x63,0x6c,0x5f,0x6b,0x65,0x72,0x6e,0x5f,0x69,0x6d,0x70,0x5f,0x73,0x69,0x67,0x6e,0x61,0x6c,0x5f,0x6f,0x70,0x65,
    0x72,0x61,0x74,0x69,0x6f,0x6e,0x00,0x5f,0x44,0x59,0x4e,0x41,0x4d,0x49,0x43,0x00,0x00,0x00,0x00,0x00,0x00,0x00,0x00,0x00,
    0x00,0x00,0x00,0x00,0x00,0x00,0x00,0x00,0x00,0x00,0x00,0x00,0x00,0x00,0x00,0x00,0x00,0x00,0x00,0x00,0x00,0x00,0x00,0x00,
    0x00,0x00,0x00,0x00,0x00,0x00,0x00,0x00,0x00,0x00,0x00,0x00,0x00,0x00,0x00,0x00,0x00,0x00,0x00,0x00,0x00,0x00,0x00,0x00,
    0x00,0x00,0x00,0x00,0x00,0x00,0x00,0x00,0x01,0x00,0x00,0x00,0x07,0x00,0x00,0x00,0x02,0x00,0x00,0x00,0x00,0x00,0x00,0x00,
    0x00,0x02,0x00,0x00,0x00,0x00,0x00,0x00,0x00,0x02,0x00,0x00,0x00,0x00,0x00,0x00,0x18,0x03,0x00,0x00,0x00,0x00,0x00,0x00,
    0x00,0x00,0x00,0x00,0x00,0x00,0x00,0x00,0x04,0x00,0x00,0x00,0x00,0x00,0x00,0x00,0x00,0x00,0x00,0x00,0x00,0x00,0x00,0x00,
    0x07,0x00,0x00,0x00,0x0b,0x00,0x00,0x00,0x02,0x00,0x00,0x00,0x00,0x00,0x00,0x00,0x18,0x05,0x00,0x00,0x00,0x00,0x00,0x00,
    0x18,0x05,0x00,0x00,0x00,0x00,0x00,0x00,0x60,0x00,0x00,0x00,0x00,0x00,0x00,0x00,0x05,0x00,0x00,0x00,0x01,0x00,0x00,0x00,
    0x08,0x00,0x00,0x00,0x00,0x00,0x00,0x00,0x18,0x00,0x00,0x00,0x00,0x00,0x00,0x00,0x0f,0x00,0x00,0x00,0xf6,0xff,0xff,0x6f,
    0x02,0x00,0x00,0x00,0x00,0x00,0x00,0x00,0x78,0x05,0x00,0x00,0x00,0x00,0x00,0x00,0x78,0x05,0x00,0x00,0x00,0x00,0x00,0x00,
    0x28,0x00,0x00,0x00,0x00,0x00,0x00,0x00,0x02,0x00,0x00,0x00,0x00,0x00,0x00,0x00,0x08,0x00,0x00,0x00,0x00,0x00,0x00,0x00,
    0x00,0x00,0x00,0x00,0x00,0x00,0x00,0x00,0x19,0x00,0x00,0x00,0x05,0x00,0x00,0x00,0x02,0x00,0x00,0x00,0x00,0x00,0x00,0x00,
    0xa0,0x05,0x00,0x00,0x00,0x00,0x00,0x00,0xa0,0x05,0x00,0x00,0x00,0x00,0x00,0x00,0x28,0x00,0x00,0x00,0x00,0x00,0x00,0x00,
    0x02,0x00,0x00,0x00,0x00,0x00,0x00,0x00,0x04,0x00,0x00,0x00,0x00,0x00,0x00,0x00,0x04,0x00,0x00,0x00,0x00,0x00,0x00,0x00,
    0x1f,0x00,0x00,0x00,0x03,0x00,0x00,0x00,0x02,0x00,0x00,0x00,0x00,0x00,0x00,0x00,0xc8,0x05,0x00,0x00,0x00,0x00,0x00,0x00,
    0xc8,0x05,0x00,0x00,0x00,0x00,0x00,0x00,0x4c,0x00,0x00,0x00,0x00,0x00,0x00,0x00,0x00,0x00,0x00,0x00,0x00,0x00,0x00,0x00,
    0x01,0x00,0x00,0x00,0x00,0x00,0x00,0x00,0x00,0x00,0x00,0x00,0x00,0x00,0x00,0x00,0x27,0x00,0x00,0x00,0x01,0x00,0x00,0x00,
    0x02,0x00,0x00,0x00,0x00,0x00,0x00,0x00,0x40,0x06,0x00,0x00,0x00,0x00,0x00,0x00,0x40,0x06,0x00,0x00,0x00,0x00,0x00,0x00,
    0x40,0x00,0x00,0x00,0x00,0x00,0x00,0x00,0x00,0x00,0x00,0x00,0x00,0x00,0x00,0x00,0x40,0x00,0x00,0x00,0x00,0x00,0x00,0x00,
    0x00,0x00,0x00,0x00,0x00,0x00,0x00,0x00,0x2f,0x00,0x00,0x00,0x01,0x00,0x00,0x00,0x06,0x00,0x00,0x00,0x00,0x00,0x00,0x00,
    0x00,0x17,0x00,0x00,0x00,0x00,0x00,0x00,0x00,0x07,0x00,0x00,0x00,0x00,0x00,0x00,0x40,0x0a,0x00,0x00,0x00,0x00,0x00,0x00,
    0x00,0x00,0x00,0x00,0x00,0x00,0x00,0x00,0x00,0x01,0x00,0x00,0x00,0x00,0x00,0x00,0x00,0x00,0x00,0x00,0x00,0x00,0x00,0x00,
    0x35,0x00,0x00,0x00,0x06,0x00,0x00,0x00,0x03,0x00,0x00,0x00,0x00,0x00,0x00,0x00,0x40,0x31,0x00,0x00,0x00,0x00,0x00,0x00,
    0x40,0x11,0x00,0x00,0x00,0x00,0x00,0x00,0x70,0x00,0x00,0x00,0x00,0x00,0x00,0x00,0x05,0x00,0x00,0x00,0x00,0x00,0x00,0x00,
    0x08,0x00,0x00,0x00,0x00,0x00,0x00,0x00,0x10,0x00,0x00,0x00,0x00,0x00,0x00,0x00,0x3e,0x00,0x00,0x00,0x08,0x00,0x00,0x00,
    0x03,0x00,0x00,0x00,0x00,0x00,0x00,0x00,0xb0,0x31,0x00,0x00,0x00,0x00,0x00,0x00,0xb0,0x11,0x00,0x00,0x00,0x00,0x00,0x00,
    0x50,0x0e,0x00,0x00,0x00,0x00,0x00,0x00,0x00,0x00,0x00,0x00,0x00,0x00,0x00,0x00,0x01,0x00,0x00,0x00,0x00,0x00,0x00,0x00,
    0x00,0x00,0x00,0x00,0x00,0x00,0x00,0x00,0x4d,0x00,0x00,0x00,0x01,0x00,0x00,0x00,0x00,0x00,0x00,0x00,0x00,0x00,0x00,0x00,
    0x00,0x00,0x00,0x00,0x00,0x00,0x00,0x00,0xb0,0x11,0x00,0x00,0x00,0x00,0x00,0x00,0x00,0x00,0x00,0x00,0x00,0x00,0x00,0x00,
    0x00,0x00,0x00,0x00,0x00,0x00,0x00,0x00,0x01,0x00,0x00,0x00,0x00,0x00,0x00,0x00,0x00,0x00,0x00,0x00,0x00,0x00,0x00,0x00,
    0x62,0x00,0x00,0x00,0x01,0x00,0x00,0x00,0x30,0x00,0x00,0x00,0x00,0x00,0x00,0x00,0x00,0x00,0x00,0x00,0x00,0x00,0x00,0x00,
    0xb0,0x11,0x00,0x00,0x00,0x00,0x00,0x00,0x3b,0x00,0x00,0x00,0x00,0x00,0x00,0x00,0x00,0x00,0x00,0x00,0x00,0x00,0x00,0x00,
    0x01,0x00,0x00,0x00,0x00,0x00,0x00,0x00,0x01,0x00,0x00,0x00,0x00,0x00,0x00,0x00,0x6b,0x00,0x00,0x00,0x02,0x00,0x00,0x00,
    0x00,0x00,0x00,0x00,0x00,0x00,0x00,0x00,0x00,0x00,0x00,0x00,0x00,0x00,0x00,0x00,0xf0,0x11,0x00,0x00,0x00,0x00,0x00,0x00,
    0x38,0x01,0x00,0x00,0x00,0x00,0x00,0x00,0x0e,0x00,0x00,0x00,0x0a,0x00,0x00,0x00,0x08,0x00,0x00,0x00,0x00,0x00,0x00,0x00,
    0x18,0x00,0x00,0x00,0x00,0x00,0x00,0x00,0x73,0x00,0x00,0x00,0x03,0x00,0x00,0x00,0x00,0x00,0x00,0x00,0x00,0x00,0x00,0x00,
    0x00,0x00,0x00,0x00,0x00,0x00,0x00,0x00,0x28,0x13,0x00,0x00,0x00,0x00,0x00,0x00,0x85,0x00,0x00,0x00,0x00,0x00,0x00,0x00,
    0x00,0x00,0x00,0x00,0x00,0x00,0x00,0x00,0x01,0x00,0x00,0x00,0x00,0x00,0x00,0x00,0x00,0x00,0x00,0x00,0x00,0x00,0x00,0x00,
    0x7d,0x00,0x00,0x00,0x03,0x00,0x00,0x00,0x00,0x00,0x00,0x00,0x00,0x00,0x00,0x00,0x00,0x00,0x00,0x00,0x00,0x00,0x00,0x00,
    0xad,0x13,0x00,0x00,0x00,0x00,0x00,0x00,0x4b,0x01,0x00,0x00,0x00,0x00,0x00,0x00,0x00,0x00,0x00,0x00,0x00,0x00,0x00,0x00,
    0x01,0x00,0x00,0x00,0x00,0x00,0x00,0x00,0x00,0x00,0x00,0x00,0x00,0x00,0x00,0x00,
};
// gfx90a signal_mailbox_service: e_flags=0x0000053f, 8000 bytes
inline constexpr uint8_t signal_mailbox_service[] = {
    0x7f,0x45,0x4c,0x46,0x02,0x01,0x01,0x40,0x04,0x00,0x00,0x00,0x00,0x00,0x00,0x00,0x03,0x00,0xe0,0x00,0x01,0x00,0x00,0x00,
    0x00,0x00,0x00,0x00,0x00,0x00,0x00,0x00,0x40,0x00,0x00,0x00,0x00,0x00,0x00,0x00,0x80,0x1b,0x00,0x00,0x00,0x00,0x00,0x00,
    0x3f,0x05,0x00,0x00,0x40,0x00,0x38,0x00,0x08,0x00,0x40,0x00,0x0f,0x00,0x0d,0x00,0x06,0x00,0x00,0x00,0x04,0x00,0x00,0x00,
    0x40,0x00,0x00,0x00,0x00,0x00,0x00,0x00,0x40,0x00,0x00,0x00,0x00,0x00,0x00,0x00,0x40,0x00,0x00,0x00,0x00,0x00,0x00,0x00,
    0xc0,0x01,0x00,0x00,0x00,0x00,0x00,0x00,0xc0,0x01,0x00,0x00,0x00,0x00,0x00,0x00,0x08,0x00,0x00,0x00,0x00,0x00,0x00,0x00,
    0x01,0x00,0x00,0x00,0x04,0x00,0x00,0x00,0x00,0x00,0x00,0x00,0x00,0x00,0x00,0x00,0x00,0x00,0x00,0x00,0x00,0x00,0x00,0x00,
    0x00,0x00,0x00,0x00,0x00,0x00,0x00,0x00,0x80,0x06,0x00,0x00,0x00,0x00,0x00,0x00,0x80,0x06,0x00,0x00,0x00,0x00,0x00,0x00,
    0x00,0x10,0x00,0x00,0x00,0x00,0x00,0x00,0x01,0x00,0x00,0x00,0x05,0x00,0x00,0x00,0x00,0x07,0x00,0x00,0x00,0x00,0x00,0x00,
    0x00,0x17,0x00,0x00,0x00,0x00,0x00,0x00,0x00,0x17,0x00,0x00,0x00,0x00,0x00,0x00,0x80,0x10,0x00,0x00,0x00,0x00,0x00,0x00,
    0x80,0x10,0x00,0x00,0x00,0x00,0x00,0x00,0x00,0x10,0x00,0x00,0x00,0x00,0x00,0x00,0x01,0x00,0x00,0x00,0x06,0x00,0x00,0x00,
    0x80,0x17,0x00,0x00,0x00,0x00,0x00,0x00,0x80,0x37,0x00,0x00,0x00,0x00,0x00,0x00,0x80,0x37,0x00,0x00,0x00,0x00,0x00,0x00,
    0x70,0x00,0x00,0x00,0x00,0x00,0x00,0x00,0x80,0x08,0x00,0x00,0x00,0x00,0x00,0x00,0x00,0x10,0x00,0x00,0x00,0x00,0x00,0x00,
    0x02,0x00,0x00,0x00,0x06,0x00,0x00,0x00,0x80,0x17,0x00,0x00,0x00,0x00,0x00,0x00,0x80,0x37,0x00,0x00,0x00,0x00,0x00,0x00,
    0x80,0x37,0x00,0x00,0x00,0x00,0x00,0x00,0x70,0x00,0x00,0x00,0x00,0x00,0x00,0x00,0x70,0x00,0x00,0x00,0x00,0x00,0x00,0x00,
    0x08,0x00,0x00,0x00,0x00,0x00,0x00,0x00,0x52,0xe5,0x74,0x64,0x04,0x00,0x00,0x00,0x80,0x17,0x00,0x00,0x00,0x00,0x00,0x00,
    0x80,0x37,0x00,0x00,0x00,0x00,0x00,0x00,0x80,0x37,0x00,0x00,0x00,0x00,0x00,0x00,0x70,0x00,0x00,0x00,0x00,0x00,0x00,0x00,
    0x80,0x08,0x00,0x00,0x00,0x00,0x00,0x00,0x01,0x00,0x00,0x00,0x00,0x00,0x00,0x00,0x51,0xe5,0x74,0x64,0x06,0x00,0x00,0x00,
    0x00,0x00,0x00,0x00,0x00,0x00,0x00,0x00,0x00,0x00,0x00,0x00,0x00,0x00,0x00,0x00,0x00,0x00,0x00,0x00,0x00,0x00,0x00,0x00,
    0x00,0x00,0x00,0x00,0x00,0x00,0x00,0x00,0x00,0x00,0x00,0x00,0x00,0x00,0x00,0x00,0x00,0x00,0x00,0x00,0x00,0x00,0x00,0x00,
    0x04,0x00,0x00,0x00,0x04,0x00,0x00,0x00,0x00,0x02,0x00,0x00,0x00,0x00,0x00,0x00,0x00,0x02,0x00,0x00,0x00,0x00,0x00,0x00,
    0x00,0x02,0x00,0x00,0x00,0x00,0x00,0x00,0xf4,0x02,0x00,0x00,0x00,0x00,0x00,0x00,0xf4,0x02,0x00,0x00,0x00,0x00,0x00,0x00,
    0x04,0x00,0x00,0x00,0x00,0x00,0x00,0x00,0x07,0x00,0x00,0x00,0xdd,0x02,0x00,0x00,0x20,0x00,0x00,0x00,0x41,0x4d,0x44,0x47,
    0x50,0x55,0x00,0x00,0x83,0xae,0x61,0x6d,0x64,0x68,0x73,0x61,0x2e,0x6b,0x65,0x72,0x6e,0x65,0x6c,0x73,0x91,0xde,0x00,0x12,
    0xab,0x2e,0x61,0x67,0x70,0x72,0x5f,0x63,0x6f,0x75,0x6e,0x74,0x00,0xa5,0x2e,0x61,0x72,0x67,0x73,0x94,0x85,0xae,0x2e,0x61,
    0x64,0x64,0x72,0x65,0x73,0x73,0x5f,0x73,0x70,0x61,0x63,0x65,0xa6,0x67,0x6c,0x6f,0x62,0x61,0x6c,0xa7,0x2e,0x6f,0x66,0x66,
    0x73,0x65,0x74,0x00,0xa5,0x2e,0x73,0x69,0x7a,0x65,0x08,0xaa,0x2e,0x74,0x79,0x70,0x65,0x5f,0x6e,0x61,0x6d,0x65,0xa6,0x75,
    0x6c,0x6f,0x6e,0x67,0x2a,0xab,0x2e,0x76,0x61,0x6c,0x75,0x65,0x5f,0x6b,0x69,0x6e,0x64,0xad,0x67,0x6c,0x6f,0x62,0x61,0x6c,
    0x5f,0x62,0x75,0x66,0x66,0x65,0x72,0x85,0xae,0x2e,0x61,0x64,0x64,0x72,0x65,0x73,0x73,0x5f,0x73,0x70,0x61,0x63,0x65,0xa6,
    0x67,0x6c,0x6f,0x62,0x61,0x6c,0xa7,0x2e,0x6f,0x66,0x66,0x73,0x65,0x74,0x08,0xa5,0x2e,0x73,0x69,0x7a,0x65,0x08,0xaa,0x2e,
    0x74,0x79,0x70,0x65,0x5f,0x6e,0x61,0x6d,0x65,0xa6,0x75,0x6c,0x6f,0x6e,0x67,0x2a,0xab,0x2e,0x76,0x61,0x6c,0x75,0x65,0x5f,
    0x6b,0x69,0x6e,0x64,0xad,0x67,0x6c,0x6f,0x62,0x61,0x6c,0x5f,0x62,0x75,0x66,0x66,0x65,0x72,0x84,0xa7,0x2e,0x6f,0x66,0x66,
    0x73,0x65,0x74,0x10,0xa5,0x2e,0x73,0x69,0x7a,0x65,0x08,0xaa,0x2e,0x74,0x79,0x70,0x65,0x5f,0x6e,0x61,0x6d,0x65,0xa5,0x75,
    0x6c,0x6f,0x6e,0x67,0xab,0x2e,0x76,0x61,0x6c,0x75,0x65,0x5f,0x6b,0x69,0x6e,0x64,0xa8,0x62,0x79,0x5f,0x76,0x61,0x6c,0x75,
    0x65,0x84,0xa7,0x2e,0x6f,0x66,0x66,0x73,0x65,0x74,0x18,0xa5,0x2e,0x73,0x69,0x7a,0x65,0x08,0xaa,0x2e,0x74,0x79,0x70,0x65,
    0x5f,0x6e,0x61,0x6d,0x65,0xa5,0x75,0x6c,0x6f,0x6e,0x67,0xab,0x2e,0x76,0x61,0x6c,0x75,0x65,0x5f,0x6b,0x69,0x6e,0x64,0xa8,
    0x62,0x79,0x5f,0x76,0x61,0x6c,0x75,0x65,0xb9,0x2e,0x67,0x72,0x6f,0x75,0x70,0x5f,0x73,0x65,0x67,0x6d,0x65,0x6e,0x74,0x5f,
    0x66,0x69,0x78,0x65,0x64,0x5f,0x73,0x69,0x7a,0x65,0x00,0xb6,0x2e,0x6b,0x65,0x72,0x6e,0x61,0x72,0x67,0x5f,0x73,0x65,0x67,
    0x6d,0x65,0x6e,0x74,0x5f,0x61,0x6c,0x69,0x67,0x6e,0x08,0xb5,0x2e,0x6b,0x65,0x72,0x6e,0x61,0x72,0x67,0x5f,0x73,0x65,0x67,
    0x6d,0x65,0x6e,0x74,0x5f,0x73,0x69,0x7a,0x65,0x20,0xa9,0x2e,0x6c,0x61,0x6e,0x67,0x75,0x61,0x67,0x65,0xa8,0x4f,0x70,0x65,
    0x6e,0x43,0x4c,0x20,0x43,0xb1,0x2e,0x6c,0x61,0x6e,0x67,0x75,0x61,0x67,0x65,0x5f,0x76,0x65,0x72,0x73,0x69,0x6f,0x6e,0x92,
    0x02,0x00,0xb8,0x2e,0x6d,0x61,0x78,0x5f,0x66,0x6c,0x61,0x74,0x5f,0x77,0x6f,0x72,0x6b,0x67,0x72,0x6f,0x75,0x70,0x5f,0x73,
    0x69,0x7a,0x65,0x20,0xa5,0x2e,0x6e,0x61,0x6d,0x65,0xb6,0x73,0x69,0x67,0x6e,0x61,0x6c,0x5f,0x6d,0x61,0x69,0x6c,0x62,0x6f,
    0x78,0x5f,0x73,0x65,0x72,0x76,0x69,0x63,0x65,0xbb,0x2e,0x70,0x72,0x69,0x76,0x61,0x74,0x65,0x5f,0x73,0x65,0x67,0x6d,0x65,
    0x6e,0x74,0x5f,0x66,0x69,0x78,0x65,0x64,0x5f,0x73,0x69,0x7a,0x65,0x00,0xb4,0x2e,0x72,0x65,0x71,0x64,0x5f,0x77,0x6f,0x72,
    0x6b,0x67,0x72,0x6f,0x75,0x70,0x5f,0x73,0x69,0x7a,0x65,0x93,0x20,0x01,0x01,0xab,0x2e,0x73,0x67,0x70,0x72,0x5f,0x63,0x6f,
    0x75,0x6e,0x74,0x1e,0xb1,0x2e,0x73,0x67,0x70,0x72,0x5f,0x73,0x70,0x69,0x6c,0x6c,0x5f,0x63,0x6f,0x75,0x6e,0x74,0x00,0xa7,
    0x2e,0x73,0x79,0x6d,0x62,0x6f,0x6c,0xb9,0x73,0x69,0x67,0x6e,0x61,0x6c,0x5f,0x6d,0x61,0x69,0x6c,0x62,0x6f,0x78,0x5f,0x73,
    0x65,0x72,0x76,0x69,0x63,0x65,0x2e,0x6b,0x64,0xb3,0x2e,0x75,0x73,0x65,0x73,0x5f,0x64,0x79,0x6e,0x61,0x6d,0x69,0x63,0x5f,
    0x73,0x74,0x61,0x63,0x6b,0xc2,0xab,0x2e,0x76,0x67,0x70,0x72,0x5f,0x63,0x6f,0x75,0x6e,0x74,0x10,0xb1,0x2e,0x76,0x67,0x70,
    0x72,0x5f,0x73,0x70,0x69,0x6c,0x6c,0x5f,0x63,0x6f,0x75,0x6e,0x74,0x00,0xaf,0x2e,0x77,0x61,0x76,0x65,0x66,0x72,0x6f,0x6e,
    0x74,0x5f,0x73,0x69,0x7a,0x65,0x40,0xad,0x61,0x6d,0x64,0x68,0x73,0x61,0x2e,0x74,0x61,0x72,0x67,0x65,0x74,0xb9,0x61,0x6d,
    0x64,0x67,0x63,0x6e,0x2d,0x61,0x6d,0x64,0x2d,0x61,0x6d,0x64,0x68,0x73,0x61,0x2d,0x2d,0x67,0x66,0x78,0x39,0x30,0x61,0xae,
    0x61,0x6d,0x64,0x68,0x73,0x61,0x2e,0x76,0x65,0x72,0x73,0x69,0x6f,0x6e,0x92,0x01,0x02,0x00,0x00,0x00,0x00,0x00,0x00,0x00,
    0x00,0x00,0x00,0x00,0x00,0x00,0x00,0x00,0x00,0x00,0x00,0x00,0x00,0x00,0x00,0x00,0x00,0x00,0x00,0x00,0x00,0x00,0x00,0x00,
    0x01,0x00,0x00,0x00,0x12,0x03,0x07,0x00,0x00,0x17,0x00,0x00,0x00,0x00,0x00,0x00,0x70,0x06,0x00,0x00,0x00,0x00,0x00,0x00,
    0x18,0x00,0x00,0x00,0x11,0x03,0x06,0x00,0x40,0x06,0x00,0x00,0x00,0x00,0x00,0x00,0x40,0x00,0x00,0x00,0x00,0x00,0x00,0x00,
    0x32,0x00,0x00,0x00,0x12,0x03,0x07,0x00,0x70,0x1d,0x00,0x00,0x00,0x00,0x00,0x00,0x00,0x06,0x00,0x00,0x00,0x00,0x00,0x00,
    0x01,0x00,0x00,0x00,0x01,0x00,0x00,0x00,0x01,0x00,0x00,0x00,0x1a,0x00,0x00,0x00,0x80,0x00,0x02,0x08,0x00,0x18,0x00,0x40,
    0x01,0x00,0x00,0x00,0xbe,0x02,0xfc,0xae,0xda,0xc3,0xfd,0x1e,0x11,0x45,0x69,0xb1,0x04,0x00,0x00,0x00,0x04,0x00,0x00,0x00,
    0x02,0x00,0x00,0x00,0x03,0x00,0x00,0x00,0x00,0x00,0x00,0x00,0x00,0x00,0x00,0x00,0x00,0x00,0x00,0x00,0x00,0x00,0x00,0x00,
    0x00,0x00,0x00,0x00,0x01,0x00,0x00,0x00,0x00,0x73,0x69,0x67,0x6e,0x61,0x6c,0x5f,0x6d,0x61,0x69,0x6c,0x62,0x6f,0x78,0x5f,
    0x73,0x65,0x72,0x76,0x69,0x63,0x65,0x00,0x73,0x69,0x67,0x6e,0x61,0x6c,0x5f,0x6d,0x61,0x69,0x6c,0x62,0x6f,0x78,0x5f,0x73,
    0x65,0x72,0x76,0x69,0x63,0x65,0x2e,0x6b,0x64,0x00,0x5f,0x5f,0x63,0x6c,0x61,0x6e,0x67,0x5f,0x6f,0x63,0x6c,0x5f,0x6b,0x65,
    0x72,0x6e,0x5f,0x69,0x6d,0x70,0x5f,0x73,0x69,0x67,0x6e,0x61,0x6c,0x5f,0x6d,0x61,0x69,0x6c,0x62,0x6f,0x78,0x5f,0x73,0x65,
    0x72,0x76,0x69,0x63,0x65,0x00,0x00,0x00,0x00,0x00,0x00,0x00,0x00,0x00,0x00,0x00,0x00,0x00,0x00,0x00,0x00,0x00,0x00,0x00,
    0x00,0x00,0x00,0x00,0x00,0x00,0x00,0x00,0x00,0x00,0x00,0x00,0x00,0x00,0x00,0x00,0x00,0x00,0x00,0x00,0x00,0x00,0x00,0x00,
    0x00,0x00,0x00,0x00,0x00,0x00,0x00,0x00,0x00,0x00,0x00,0x00,0x00,0x00,0x00,0x00,0x00,0x00,0x00,0x00,0x00,0x00,0x00,0x00,
    0x20,0x00,0x00,0x00,0x00,0x00,0x00,0x00,0xc0,0x10,0x00,0x00,0x00,0x00,0x00,0x00,0x00,0x00,0x00,0x00,0x00,0x00,0x00,0x00,
    0x00,0x00,0x00,0x00,0x00,0x00,0x00,0x00,0x00,0x00,0x00,0x00,0x03,0x00,0x00,0x00,0xc1,0x00,0xaf,0x00,0x8c,0x00,0x00,0x00,
    0x09,0x00,0x00,0x00,0x00,0x00,0x00,0x00,0x00,0x00,0x00,0x00,0x00,0x00,0x00,0x00,0x00,0x00,0x00,0x00,0x00,0x00,0x00,0x00,
    0x00,0x00,0x00,0x00,0x00,0x00,0x00,0x00,0x00,0x00,0x00,0x00,0x00,0x00,0x00,0x00,0x00,0x00,0x00,0x00,0x00,0x00,0x00,0x00,
    0x00,0x00,0x00,0x00,0x00,0x00,0x00,0x00,0x00,0x00,0x00,0x00,0x00,0x00,0x00,0x00,0x00,0x00,0x00,0x00,0x00,0x00,0x00,0x00,
    0x00,0x00,0x00,0x00,0x00,0x00,0x00,0x00,0x00,0x00,0x00,0x00,0x00,0x00,0x00,0x00,0x00,0x00,0x00,0x00,0x00,0x00,0x00,0x00,
    0x00,0x00,0x00,0x00,0x00,0x00,0x00,0x00,0x00,0x00,0x00,0x00,0x00,0x00,0x00,0x00,0x00,0x00,0x00,0x00,0x00,0x00,0x00,0x00,
    0x00,0x00,0x00,0x00,0x00,0x00,0x00,0x00,0x00,0x00,0x00,0x00,0x00,0x00,0x00,0x00,0x80,0x00,0x94,0x7d,0x6a,0x20,0x80,0xbe,
    0x98,0x01,0x88,0xbf,0x02,0x02,0x0e,0xc0,0x00,0x00,0x00,0x00,0x81,0x02,0x00,0x7e,0x80,0x02,0x18,0x7e,0x80,0x02,0x02,0x7e,
    0x7f,0xc0,0x8c,0xbf,0x08,0xff,0x02,0x80,0x00,0x10,0x00,0x00,0x00,0x00,0xec,0xd0,0x0e,0x02,0x01,0x00,0x09,0x80,0x03,0x82,
    0x00,0x7e,0x80,0x86,0x0f,0x80,0x05,0x85,0x0e,0x81,0x04,0x85,0x0a,0x88,0x18,0x80,0x0b,0x80,0x19,0x82,0x08,0xff,0x06,0x80,
    0x00,0x04,0x00,0x00,0xc0,0xff,0x0e,0xb0,0x09,0x80,0x07,0x82,0x81,0x01,0x8a,0xbe,0xc1,0x00,0x8f,0xbe,0x00,0xc0,0xa0,0xe0,
    0x00,0x00,0x00,0x00,0x00,0x81,0x74,0xdc,0x0c,0x00,0x08,0x00,0x05,0x00,0x82,0xbf,0x16,0x80,0x06,0xbf,0xc1,0x01,0x80,0xbe,
    0x53,0x01,0x85,0xbf,0x7e,0x00,0xea,0x89,0x65,0x01,0x86,0xbf,0x04,0x01,0x90,0xbe,0x08,0x00,0x82,0xbf,0x10,0xc1,0x10,0x80,
    0x11,0xc1,0x11,0x82,0x10,0x80,0x12,0xbf,0x88,0x00,0x96,0xbe,0xc1,0x80,0x92,0x85,0x80,0x01,0x94,0xbe,0x7e,0x12,0xea,0x86,
    0x18,0x00,0x87,0xbf,0x00,0x80,0x55,0xdc,0x0c,0x00,0x08,0x00,0x70,0x0f,0x8c,0xbf,0x00,0x00,0xa4,0xe0,0x00,0x00,0x00,0x00,
    0x00,0x00,0xfc,0xe0,0x00,0x00,0x00,0x00,0x80,0x81,0x55,0xdc,0x0c,0x00,0x08,0x02,0x70,0x0f,0x8c,0xbf,0x00,0x00,0xa4,0xe0,
    0x00,0x00,0x00,0x00,0x00,0x00,0xfc,0xe0,0x00,0x00,0x00,0x00,0xc1,0x01,0x94,0xbe,0xc1,0x01,0x92,0xbe,0x0a,0x00,0xd4,0x7d,
    0x00,0x00,0xea,0xd0,0x80,0x04,0x02,0x00,0xea,0xff,0x87,0xbf,0x7e,0x00,0xea,0x86,0xe2,0xff,0x87,0xbf,0x87,0x00,0x96,0xbe,
    0xe5,0xff,0x82,0xbf,0x7e,0x14,0xea,0x86,0xd7,0xff,0x86,0xbf,0x7e,0x00,0xea,0x89,0x87,0x00,0x96,0xbe,0xd4,0xff,0x87,0xbf,
    0x00,0x83,0x55,0xdc,0x0c,0x00,0x08,0x00,0x89,0x00,0x96,0xbe,0x70,0x0f,0x8c,0xbf,0x0c,0x00,0xd6,0x7d,0xce,0xff,0x87,0xbf,
    0x80,0x82,0x55,0xdc,0x0c,0x00,0x08,0x04,0x70,0x0f,0x8c,0xbf,0xff,0x08,0x04,0x32,0xbf,0xff,0xff,0xff,0xc1,0x0a,0x06,0x38,
    0x0e,0x04,0xd8,0x7d,0xc6,0xff,0x87,0xbf,0x00,0x00,0x8f,0xd2,0x86,0x00,0x02,0x00,0x19,0x02,0x04,0x7e,0x18,0x00,0x0c,0x32,
    0x02,0x03,0x0e,0x38,0x02,0x01,0x80,0xbe,0x06,0x01,0x90,0xbe,0x01,0x00,0x82,0xbf,0x1b,0x01,0x82,0xbf,0x00,0x80,0x55,0xdc,
    0x0c,0x00,0x10,0x08,0x08,0x80,0x55,0xdc,0x0c,0x00,0x10,0x00,0x10,0x80,0x55,0xdc,0x0c,0x00,0x10,0x02,0x72,0x0f,0x8c,0xbf,
    0x85,0x10,0xc8,0x7d,0x15,0x00,0x87,0xbf,0x86,0x10,0xc2,0x7d,0x17,0x00,0x86,0xbf,0x87,0x10,0xc2,0x7d,0xc1,0x01,0x92,0xbe,
    0x80,0x01,0x96,0xbe,0x80,0x01,0x94,0xbe,0x15,0x00,0x86,0xbf,0x88,0x10,0xc2,0x7d,0xf3,0x00,0x86,0xbf,0x89,0x10,0xd4,0x7d,
    0x80,0x01,0x92,0xbe,0xf0,0x00,0x86,0xbf,0x00,0x80,0x55,0xdc,0x06,0x00,0x7f,0x0a,0x70,0x0f,0x8c,0xbf,0x00,0x00,0xa4,0xe0,
    0x00,0x00,0x00,0x00,0x00,0x00,0xfc,0xe0,0x00,0x00,0x00,0x00,0xc1,0x01,0x94,0xbe,0xe7,0x00,0x82,0xbf,0x80,0x01,0x94,0xbe,
    0x80,0x01,0x92,0xbe,0x4a,0x00,0x89,0xbf,0xc1,0x00,0x82,0xbf,0xc1,0x01,0x96,0xbe,0x80,0x01,0x94,0xbe,0x80,0x01,0x92,0xbe,
    0x7e,0x16,0xea,0x86,0x43,0x00,0x86,0xbf,0x85,0x10,0xc2,0x7d,0xc1,0x01,0x94,0xbe,0x23,0x00,0x86,0xbf,0x7e,0x01,0x96,0xbe,
    0x70,0x0f,0x8c,0xbf,0x02,0x00,0x8c,0xd2,0x16,0x00,0x01,0x00,0x0a,0x00,0x8d,0xd2,0x17,0x04,0x02,0x00,0x80,0x14,0x94,0x7d,
    0x6a,0x20,0x94,0xbe,0x0f,0x00,0x88,0xbf,0x16,0x0d,0x96,0xbe,0x16,0x81,0x16,0x86,0x03,0x00,0x85,0xd2,0x01,0x2d,0x00,0x00,
    0x02,0x00,0x85,0xd2,0x00,0x2d,0x00,0x00,0x00,0xc0,0xa0,0xe0,0x00,0x00,0x00,0x00,0x00,0x80,0xa9,0xdd,0x06,0x02,0x7f,0x02,
    0x70,0x0f,0x8c,0xbf,0x00,0x00,0xa4,0xe0,0x00,0x00,0x00,0x00,0x00,0x00,0xfc,0xe0,0x00,0x00,0x00,0x00,0x7e,0x14,0xfe,0x87,
    0x02,0x05,0x2a,0x7e,0x81,0x14,0x04,0x26,0x03,0x05,0x28,0x7e,0x03,0x00,0x85,0xd2,0x01,0x05,0x02,0x00,0x02,0x00,0x85,0xd2,
    0x00,0x05,0x02,0x00,0x14,0x06,0x16,0x2a,0x15,0x04,0x14,0x2a,0x80,0x01,0x94,0xbe,0x7e,0x14,0xea,0x86,0x1a,0x00,0x86,0xbf,
    0x70,0x0f,0x8c,0xbf,0x02,0x00,0x8c,0xd2,0x7e,0x00,0x01,0x00,0x02,0x00,0x8d,0xd2,0x7f,0x04,0x02,0x00,0x80,0x04,0x94,0x7d,
    0x6a,0x20,0x94,0xbe,0x09,0x00,0x88,0xbf,0x00,0xc0,0xa0,0xe0,0x00,0x00,0x00,0x00,0x00,0x80,0xa5,0xdd,0x06,0x00,0x7f,0x02,
    0x70,0x0f,0x8c,0xbf,0x00,0x00,0xa4,0xe0,0x00,0x00,0x00,0x00,0x00,0x00,0xfc,0xe0,0x00,0x00,0x00,0x00,0x7e,0x14,0xfe,0x87,
    0x03,0x05,0x28,0x7e,0x02,0x05,0x2a,0x7e,0x02,0x00,0x00,0xd1,0x01,0x01,0xa9,0x01,0x03,0x00,0x00,0xd1,0x00,0x01,0xa9,0x01,
    0x14,0x04,0x16,0x28,0x15,0x06,0x14,0x28,0xc1,0x01,0x94,0xbe,0x78,0x00,0x82,0xbf,0x82,0x10,0xc2,0x7d,0xc1,0x01,0x96,0xbe,
    0x47,0x00,0x86,0xbf,0x83,0x10,0xc2,0x7d,0xc1,0x01,0x94,0xbe,0x1b,0x00,0x86,0xbf,0x70,0x0f,0x8c,0xbf,0x02,0x00,0x8c,0xd2,
    0x7e,0x00,0x01,0x00,0x02,0x00,0x8d,0xd2,0x7f,0x04,0x02,0x00,0x80,0x04,0x94,0x7d,0x6a,0x20,0x94,0xbe,0x09,0x00,0x88,0xbf,
    0x00,0xc0,0xa0,0xe0,0x00,0x00,0x00,0x00,0x00,0x80,0xa1,0xdd,0x06,0x00,0x7f,0x02,0x70,0x0f,0x8c,0xbf,0x00,0x00,0xa4,0xe0,
    0x00,0x00,0x00,0x00,0x00,0x00,0xfc,0xe0,0x00,0x00,0x00,0x00,0x7e,0x14,0xfe,0x87,0x03,0x05,0x28,0x7e,0x02,0x05,0x2a,0x7e,
    0x02,0x00,0x00,0xd1,0x01,0x83,0xa9,0x01,0x03,0x00,0x00,0xd1,0x00,0x83,0xa9,0x01,0x14,0x04,0x16,0x26,0x15,0x06,0x14,0x26,
    0x80,0x01,0x94,0xbe,0x7e,0x14,0xea,0x86,0x25,0x00,0x86,0xbf,0x7e,0x01,0x96,0xbe,0x70,0x0f,0x8c,0xbf,0x02,0x00,0x8c,0xd2,
    0x16,0x00,0x01,0x00,0x0a,0x00,0x8d,0xd2,0x17,0x04,0x02,0x00,0x80,0x14,0x94,0x7d,0x6a,0x20,0x94,0xbe,0x11,0x00,0x88,0xbf,
    0x16,0x0d,0x96,0xbe,0x02,0x00,0x85,0xd2,0x01,0x2d,0x00,0x00,0x03,0x00,0x86,0xd2,0x00,0x2d,0x00,0x00,0x03,0x05,0x06,0x68,
    0x02,0x00,0x85,0xd2,0x00,0x2d,0x00,0x00,0x00,0xc0,0xa0,0xe0,0x00,0x00,0x00,0x00,0x00,0x80,0x8d,0xdd,0x06,0x02,0x7f,0x02,
    0x70,0x0f,0x8c,0xbf,0x00,0x00,0xa4,0xe0,0x00,0x00,0x00,0x00,0x00,0x00,0xfc,0xe0,0x00,0x00,0x00,0x00,0x7e,0x14,0xfe,0x87,
    0x03,0x05,0x2c,0x7e,0x02,0x05,0x2e,0x7e,0x02,0x14,0xe8,0xd1,0x00,0x15,0x02,0x02,0x03,0x03,0x1c,0x7e,0x0e,0x14,0xe8,0xd1,
    0x01,0x15,0x3a,0x04,0x16,0x02,0x06,0x7e,0x17,0x04,0x14,0x34,0x03,0x1d,0x16,0x3a,0x80,0x01,0x96,0xbe,0xc1,0x01,0x94,0xbe,
    0x7e,0x16,0xea,0x89,0x2c,0x00,0x87,0xbf,0x81,0x10,0xc2,0x7d,0xc1,0x01,0x96,0xbe,0x25,0x00,0x86,0xbf,0x7e,0x01,0x96,0xbe,
    0x70,0x0f,0x8c,0xbf,0x02,0x00,0x8c,0xd2,0x16,0x00,0x01,0x00,0x0d,0x00,0x8d,0xd2,0x17,0x04,0x02,0x00,0x80,0x1a,0x94,0x7d,
    0x6a,0x20,0x94,0xbe,0x11,0x00,0x88,0xbf,0x16,0x0d,0x96,0xbe,0x02,0x00,0x85,0xd2,0x01,0x2d,0x00,0x00,0x03,0x00,0x86,0xd2,
    0x00,0x2d,0x00,0x00,0x03,0x05,0x06,0x68,0x02,0x00,0x85,0xd2,0x00,0x2d,0x00,0x00,0x00,0xc0,0xa0,0xe0,0x00,0x00,0x00,0x00,
    0x00,0x80,0x89,0xdd,0x06,0x02,0x7f,0x02,0x70,0x0f,0x8c,0xbf,0x00,0x00,0xa4,0xe0,0x00,0x00,0x00,0x00,0x00,0x00,0xfc,0xe0,
    0x00,0x00,0x00,0x00,0x7e,0x14,0xfe,0x87,0x03,0x05,0x2a,0x7e,0x02,0x05,0x28,0x7e,0x0a,0x14,0xe8,0xd1,0x00,0x1b,0x52,0x00,
    0x0b,0x03,0x04,0x7e,0x02,0x14,0xe8,0xd1,0x01,0x1b,0x0a,0x04,0x02,0x03,0x16,0x7e,0x80,0x01,0x96,0xbe,0xc1,0x01,0x94,0xbe,
    0x7e,0x16,0xea,0x86,0x02,0x00,0x86,0xbf,0x12,0x00,0xea,0xd0,0x81,0x10,0x02,0x00,0x7e,0x12,0xea,0x86,0x0b,0x00,0x86,0xbf,
    0x00,0xc0,0xa0,0xe0,0x00,0x00,0x00,0x00,0x70,0x0f,0x8c,0xbf,0x00,0x80,0x81,0xdd,0x06,0x00,0x7f,0x0a,0x70,0x0f,0x8c,0xbf,
    0x00,0x00,0xa4,0xe0,0x00,0x00,0x00,0x00,0x00,0x00,0xfc,0xe0,0x00,0x00,0x00,0x00,0xc1,0x01,0x94,0xbe,0x7e,0x14,0xea,0x89,
    0x05,0x00,0x87,0xbf,0x80,0x00,0x96,0xbe,0x00,0x80,0x74,0xdc,0x0c,0x0a,0x00,0x00,0x09,0xff,0x88,0xbf,0x02,0x00,0x82,0xbf,
    0x89,0x00,0x96,0xbe,0x06,0xff,0x82,0xbf,0x10,0x98,0x10,0x80,0x11,0x80,0x11,0x82,0xc1,0x08,0x08,0x32,0x00,0x88,0x00,0x80,
    0xc1,0x0a,0x0a,0x38,0x01,0x80,0x01,0x82,0x8a,0x00,0x96,0xbe,0x12,0x00,0xea,0xd0,0x80,0x08,0x02,0x00,0x7e,0x12,0xea,0x89,
    0xfc,0xfe,0x87,0xbf,0x16,0x00,0x82,0xbf,0x7e,0x12,0xea,0x86,0x1d,0xff,0x86,0xbf,0x00,0xc0,0xa0,0xe0,0x00,0x00,0x00,0x00,
    0x70,0x0f,0x8c,0xbf,0x00,0x80,0x85,0xdd,0x06,0x00,0x7f,0x0a,0x70,0x0f,0x8c,0xbf,0x00,0x00,0xa4,0xe0,0x00,0x00,0x00,0x00,
    0x00,0x00,0xfc,0xe0,0x00,0x00,0x00,0x00,0xc1,0x01,0x94,0xbe,0x11,0xff,0x82,0xbf,0x0a,0x81,0x0a,0x80,0x0b,0x80,0x0b,0x82,
    0x0a,0x80,0x12,0xbf,0xc1,0x80,0x80,0x85,0x82,0x00,0x96,0xbe,0x7e,0x00,0xea,0x89,0xa8,0xfe,0x87,0xbf,0x0c,0x00,0x82,0xbf,
    0x16,0x8a,0x07,0xbf,0xa0,0xfe,0x85,0xbf,0x71,0x0f,0x8c,0xbf,0x00,0x50,0xb3,0xd3,0x0a,0x14,0x00,0x18,0x80,0x00,0x96,0xbe,
    0x00,0xc0,0xa0,0xe0,0x00,0x00,0x00,0x00,0x70,0x0f,0x8c,0xbf,0x80,0x80,0x74,0xdc,0x0c,0x00,0x08,0x00,0x96,0xfe,0x82,0xbf,
    0x16,0x88,0x02,0xbf,0xc1,0x01,0x80,0xbe,0x01,0x00,0x84,0xbf,0x80,0x01,0x80,0xbe,0x7e,0x00,0xea,0x89,0x83,0x01,0x80,0xbe,
    0x04,0x00,0x87,0xbf,0x16,0x88,0x07,0xbf,0x81,0x01,0x80,0xbe,0x01,0x00,0x85,0xbf,0x82,0x01,0x80,0xbe,0x70,0x0f,0x8c,0xbf,
    0x80,0x02,0x04,0x7e,0x00,0x50,0xb3,0xd3,0x00,0x00,0x00,0x18,0x00,0xc0,0xa0,0xe0,0x00,0x00,0x00,0x00,0x00,0x82,0x74,0xdc,
    0x02,0x00,0x08,0x00,0x00,0x00,0x81,0xbf,0x00,0x00,0x8c,0xbf,0xff,0x3e,0x10,0x26,0xff,0x03,0x00,0x00,0x80,0x10,0x94,0x7d,
    0x6a,0x20,0x86,0xbe,0x77,0x01,0x88,0xbf,0xff,0x00,0x14,0x32,0x00,0x10,0x00,0x00,0x80,0x02,0x16,0x38,0x81,0x0c,0xd2,0x7d,
    0x80,0x0e,0x1a,0x00,0x81,0x0c,0x18,0x00,0x88,0x04,0x34,0x32,0x80,0x06,0x36,0x38,0x81,0x02,0x10,0x7e,0xff,0x00,0x04,0x32,
    0x00,0x04,0x00,0x00,0xbf,0xff,0x0c,0xb0,0x80,0x02,0x12,0x7e,0x80,0x02,0x06,0x38,0x81,0x01,0x8a,0xbe,0x80,0x01,0x88,0xbe,
    0xc1,0x00,0x8d,0xbe,0x00,0xc0,0xa0,0xe0,0x00,0x00,0x00,0x00,0x00,0x81,0x74,0xdc,0x00,0x08,0x7f,0x00,0x05,0x00,0x82,0xbf,
    0x7e,0x04,0xfe,0x87,0x7e,0x0e,0x84,0x86,0x04,0x08,0x88,0x87,0x7e,0x08,0xfe,0x89,0x46,0x01,0x88,0xbf,0x80,0x01,0x92,0xbe,
    0x06,0x50,0xb3,0xd3,0x0c,0x19,0x02,0x18,0x10,0x00,0x82,0xbf,0x7e,0x1a,0xfe,0x87,0x16,0x7e,0x96,0x89,0x04,0x7e,0x84,0x86,
    0x14,0x7e,0x94,0x89,0x16,0x04,0x96,0x87,0x7e,0x18,0xfe,0x87,0x7e,0x16,0x84,0x86,0x04,0x12,0x92,0x87,0x0e,0x7e,0x84,0x89,
    0x14,0x7e,0x8e,0x86,0x04,0x0e,0x8e,0x87,0x10,0x7e,0x84,0x89,0x6a,0x7e,0x90,0x86,0x04,0x10,0x90,0x87,0x7e,0x12,0xfe,0x89,
    0x22,0x00,0x88,0xbf,0x00,0x80,0x55,0xdc,0x00,0x00,0x7f,0x08,0x70,0x0f,0x8c,0xbf,0x00,0x00,0xa4,0xe0,0x00,0x00,0x00,0x00,
    0x00,0x00,0xfc,0xe0,0x00,0x00,0x00,0x00,0x80,0x81,0x55,0xdc,0x00,0x00,0x7f,0x0e,0x70,0x0f,0x8c,0xbf,0x00,0x00,0xa4,0xe0,
    0x00,0x00,0x00,0x00,0x00,0x00,0xfc,0xe0,0x00,0x00,0x00,0x00,0x14,0x7e,0x94,0x87,0x16,0x7e,0x96,0x87,0x04,0x00,0xed,0xd0,
    0x0a,0x10,0x02,0x00,0x80,0x1c,0xd4,0x7d,0x04,0x20,0x98,0xbe,0xe0,0xff,0x88,0xbf,0xc1,0x01,0x84,0xbe,0x87,0x02,0x10,0x7e,
    0x6a,0x20,0x9a,0xbe,0xd7,0xff,0x88,0xbf,0x06,0x04,0x19,0xd1,0xc1,0x0c,0x02,0x00,0x07,0x04,0x1c,0xd1,0xc1,0x0e,0x12,0x00,
    0x04,0x00,0xea,0xd0,0x80,0x0c,0x02,0x00,0x88,0x02,0x10,0x7e,0x04,0x7e,0x84,0x8a,0xce,0xff,0x82,0xbf,0x7e,0x12,0xfe,0x87,
    0x0e,0x20,0x84,0xbe,0x7e,0x04,0x84,0x88,0x00,0x01,0x88,0xbf,0x87,0x02,0x10,0x7e,0x10,0x20,0x8e,0xbe,0xfc,0x00,0x88,0xbf,
    0x00,0x83,0x55,0xdc,0x00,0x00,0x7f,0x06,0x89,0x02,0x10,0x7e,0x70,0x0f,0x8c,0xbf,0x06,0x09,0xd2,0x7d,0x6a,0x20,0x90,0xbe,
    0xf4,0x00,0x88,0xbf,0x80,0x82,0x55,0xdc,0x00,0x00,0x7f,0x0e,0x70,0x0f,0x8c,0xbf,0xff,0x1c,0x10,0x32,0xbf,0xff,0xff,0xff,
    0xc1,0x1e,0x12,0x38,0x0c,0x10,0xd2,0x7d,0x89,0x02,0x10,0x7e,0x6a,0x20,0x92,0xbe,0xe9,0x00,0x88,0xbf,0x06,0x00,0x8f,0xd2,
    0x86,0x0c,0x02,0x00,0x1a,0x0d,0x20,0x32,0x1b,0x0f,0x22,0x38,0x80,0x01,0x94,0xbe,0x12,0x50,0xb3,0xd3,0x02,0x05,0x02,0x18,
    0x14,0x50,0xb3,0xd3,0x0a,0x15,0x02,0x18,0x05,0x00,0x82,0xbf,0x7e,0x16,0xfe,0x87,0x7e,0x1a,0x96,0x86,0x16,0x14,0x94,0x87,
    0x7e,0x14,0xfe,0x89,0xcd,0x00,0x88,0xbf,0x00,0x80,0x55,0xdc,0x12,0x00,0x7f,0x18,0x08,0x80,0x55,0xdc,0x12,0x00,0x7f,0x06,
    0x10,0x80,0x55,0xdc,0x12,0x00,0x7f,0x08,0x80,0x01,0x9a,0xbe,0x80,0x01,0x96,0xbe,0x72,0x0f,0x8c,0xbf,0x84,0x30,0xc2,0x7d,
    0x6a,0x20,0x98,0xbe,0x7e,0x18,0x98,0x88,0x4e,0x00,0x88,0xbf,0x86,0x30,0xc2,0x7d,0x80,0x01,0x9c,0xbe,0x6a,0x20,0x96,0xbe,
    0x7e,0x16,0x96,0x88,0x28,0x00,0x88,0xbf,0x87,0x30,0xc2,0x7d,0xc1,0x01,0xa8,0xbe,0x6a,0x20,0x9a,0xbe,0x21,0x00,0x88,0xbf,
    0x88,0x30,0xc2,0x7d,0x6a,0x20,0xa8,0xbe,0x7e,0x28,0xa8,0x88,0x0d,0x00,0x88,0xbf,0x89,0x30,0xd4,0x7d,0x6a,0x20,0xaa,0xbe,
    0x08,0x00,0x88,0xbf,0x00,0x80,0x55,0xdc,0x10,0x00,0x7f,0x16,0x70,0x0f,0x8c,0xbf,0x00,0x00,0xa4,0xe0,0x00,0x00,0x00,0x00,
    0x00,0x00,0xfc,0xe0,0x00,0x00,0x00,0x00,0x7e,0x01,0x9c,0xbe,0x7e,0x2a,0xfe,0x87,0x1c,0x7e,0x9c,0x86,0x28,0x23,0xa8,0xbe,
    0x0b,0x00,0x88,0xbf,0x00,0xc0,0xa0,0xe0,0x00,0x00,0x00,0x00,0x70,0x0f,0x8c,0xbf,0x00,0x80,0x85,0xdd,0x10,0x06,0x7f,0x16,
    0x70,0x0f,0x8c,0xbf,0x00,0x00,0xa4,0xe0,0x00,0x00,0x00,0x00,0x00,0x00,0xfc,0xe0,0x00,0x00,0x00,0x00,0x1c,0x7e,0x9c,0x87,
    0x7e,0x28,0xfe,0x87,0x1c,0x7e,0x9c,0x86,0x7e,0xc1,0xa8,0x88,0x7e,0x1a,0xfe,0x87,0x1c,0x7e,0x9c,0x86,0x28,0x7e,0x9a,0x86,
    0x16,0x23,0x96,0xbe,0x1c,0x00,0x88,0xbf,0x85,0x30,0xc2,0x7d,0x6a,0x20,0xa8,0xbe,0x7e,0x28,0xa8,0x88,0x0a,0x00,0x88,0xbf,
    0x00,0xc0,0xa0,0xe0,0x00,0x00,0x00,0x00,0x70,0x0f,0x8c,0xbf,0x00,0x80,0xa9,0xdd,0x10,0x06,0x7f,0x16,0x70,0x0f,0x8c,0xbf,
    0x00,0x00,0xa4,0xe0,0x00,0x00,0x00,0x00,0x00,0x00,0xfc,0xe0,0x00,0x00,0x00,0x00,0x28,0x23,0xa8,0xbe,0x0a,0x00,0x88,0xbf,
    0x00,0xc0,0xa0,0xe0,0x00,0x00,0x00,0x00,0x70,0x0f,0x8c,0xbf,0x00,0x80,0xa5,0xdd,0x10,0x06,0x7f,0x16,0x70,0x0f,0x8c,0xbf,
    0x00,0x00,0xa4,0xe0,0x00,0x00,0x00,0x00,0x00,0x00,0xfc,0xe0,0x00,0x00,0x00,0x00,0x7e,0x28,0xfe,0x87,0x1c,0x7e,0x9c,0x87,
    0x7e,0x16,0xfe,0x87,0x1c,0x7e,0x96,0x86,0x1a,0x7e,0x9a,0x86,0x18,0x23,0x98,0xbe,0x4a,0x00,0x88,0xbf,0x82,0x30,0xc2,0x7d,
    0x16,0x01,0x9c,0xbe,0x6a,0x20,0xa8,0xbe,0x7e,0x28,0xa8,0x88,0x1c,0x00,0x88,0xbf,0x83,0x30,0xc2,0x7d,0x6a,0x20,0x9c,0xbe,
    0x7e,0x1c,0x9c,0x88,0x0a,0x00,0x88,0xbf,0x00,0xc0,0xa0,0xe0,0x00,0x00,0x00,0x00,0x70,0x0f,0x8c,0xbf,0x00,0x80,0xa1,0xdd,
    0x10,0x06,0x7f,0x16,0x70,0x0f,0x8c,0xbf,0x00,0x00,0xa4,0xe0,0x00,0x00,0x00,0x00,0x00,0x00,0xfc,0xe0,0x00,0x00,0x00,0x00,
    0x1c,0x23,0x9c,0xbe,0x0a,0x00,0x88,0xbf,0x00,0xc0,0xa0,0xe0,0x00,0x00,0x00,0x00,0x70,0x0f,0x8c,0xbf,0x00,0x80,0x8d,0xdd,
    0x10,0x06,0x7f,0x16,0x70,0x0f,0x8c,0xbf,0x00,0x00,0xa4,0xe0,0x00,0x00,0x00,0x00,0x00,0x00,0xfc,0xe0,0x00,0x00,0x00,0x00,
    0x7e,0x1c,0xfe,0x87,0x16,0x7e,0x9c,0x87,0x28,0x21,0xa8,0xbe,0x1a,0x01,0xaa,0xbe,0x7e,0x28,0xfe,0x88,0x1e,0x00,0x88,0xbf,
    0x81,0x30,0xc2,0x7d,0x1c,0x01,0xaa,0xbe,0x6a,0x20,0xac,0xbe,0x7e,0x2c,0xac,0x88,0x0b,0x00,0x88,0xbf,0x00,0xc0,0xa0,0xe0,
    0x00,0x00,0x00,0x00,0x70,0x0f,0x8c,0xbf,0x00,0x80,0x89,0xdd,0x10,0x06,0x7f,0x16,0x70,0x0f,0x8c,0xbf,0x00,0x00,0xa4,0xe0,
    0x00,0x00,0x00,0x00,0x00,0x00,0xfc,0xe0,0x00,0x00,0x00,0x00,0x1c,0x7e,0xaa,0x87,0x2c,0x21,0xac,0xbe,0x1a,0x01,0xae,0xbe,
    0x7e,0x2c,0xfe,0x88,0x81,0x30,0xd4,0x7d,0x1a,0x7e,0xae,0x89,0x6a,0x7e,0xb8,0x86,0x2e,0x38,0xae,0x87,0x7e,0x2c,0xfe,0x87,
    0x1c,0x7e,0x9c,0x89,0x2a,0x7e,0xaa,0x86,0x1c,0x2a,0x9c,0x87,0x1a,0x7e,0xaa,0x89,0x2e,0x7e,0xac,0x86,0x2a,0x2c,0xaa,0x87,
    0x7e,0x28,0xfe,0x87,0x16,0x7e,0x96,0x89,0x1c,0x7e,0x9c,0x86,0x16,0x1c,0x96,0x87,0x1a,0x7e,0x9a,0x89,0x2a,0x7e,0x9c,0x86,
    0x1a,0x1c,0x9a,0x87,0x7e,0x18,0xfe,0x87,0x1a,0x20,0x98,0xbe,0x0b,0x00,0x88,0xbf,0x00,0xc0,0xa0,0xe0,0x00,0x00,0x00,0x00,
    0x70,0x0f,0x8c,0xbf,0x00,0x80,0x81,0xdd,0x10,0x06,0x7f,0x16,0x70,0x0f,0x8c,0xbf,0x00,0x00,0xa4,0xe0,0x00,0x00,0x00,0x00,
    0x00,0x00,0xfc,0xe0,0x00,0x00,0x00,0x00,0x16,0x7e,0x96,0x87,0x7e,0x18,0xfe,0x87,0x70,0x0f,0x8c,0xbf,0x89,0x02,0x10,0x7e,
    0x80,0x01,0x98,0xbe,0x16,0x20,0x9a,0xbe,0x04,0x00,0x88,0xbf,0x7e,0x01,0x98,0xbe,0x80,0x02,0x10,0x7e,0x00,0x80,0x74,0xdc,
    0x14,0x16,0x7f,0x00,0x7e,0x1a,0xfe,0x87,0xc1,0x01,0x9a,0xbe,0x18,0x20,0x96,0xbe,0x38,0xff,0x88,0xbf,0x88,0x28,0x28,0x32,
    0x80,0x2a,0x2a,0x38,0xc1,0x1c,0x1c,0x32,0xc1,0x1e,0x1e,0x38,0x98,0x24,0x24,0x32,0x80,0x26,0x26,0x38,0x80,0x1c,0xd4,0x7d,
    0x8a,0x02,0x10,0x7e,0x6a,0x7e,0x9a,0x8a,0x2e,0xff,0x82,0xbf,0x7e,0x14,0xfe,0x87,0x8a,0x10,0x94,0x7d,0x6a,0x20,0x94,0xbe,
    0x08,0x00,0x88,0xbf,0x06,0x50,0xb3,0xd3,0x0a,0x14,0x00,0x18,0x80,0x02,0x10,0x7e,0x00,0xc0,0xa0,0xe0,0x00,0x00,0x00,0x00,
    0x70,0x0f,0x8c,0xbf,0x80,0x80,0x74,0xdc,0x00,0x06,0x7f,0x00,0x7e,0x14,0xfe,0x87,0x7e,0x12,0xfe,0x87,0x7e,0x10,0xfe,0x87,
    0x7e,0x0e,0xfe,0x87,0x7e,0x04,0xfe,0x87,0x80,0x10,0x94,0x7d,0xc1,0x01,0x8e,0xbe,0x6a,0x20,0x84,0xbe,0xbc,0xfe,0x88,0xbf,
    0x0a,0x81,0x0a,0x80,0x0b,0x80,0x0b,0x82,0x0a,0x80,0x12,0xbf,0xc1,0x80,0x8e,0x85,0x82,0x02,0x10,0x7e,0x0e,0x7e,0x8e,0x8a,
    0xb5,0xfe,0x82,0xbf,0x7e,0x08,0xfe,0x87,0x88,0x10,0x82,0x7d,0x6a,0x20,0x84,0xbe,0x7e,0x04,0x84,0x88,0x04,0x21,0x84,0xbe,
    0x83,0x02,0x04,0x7e,0x80,0x02,0x06,0x7e,0x7e,0x04,0xfe,0x88,0x07,0x00,0x88,0xbf,0x81,0x02,0x04,0x7e,0x88,0x10,0x94,0x7d,
    0x80,0x02,0x06,0x7e,0x6a,0x20,0x88,0xbe,0x82,0x02,0x04,0x7e,0x80,0x02,0x06,0x7e,0x7e,0x08,0xfe,0x87,0x7e,0x04,0xfe,0x87,
    0x00,0xc0,0xa0,0xe0,0x00,0x00,0x00,0x00,0x70,0x0f,0x8c,0xbf,0x00,0x82,0x74,0xdc,0x00,0x02,0x7f,0x00,0x7e,0x06,0xfe,0x87,
    0x70,0x0f,0x8c,0xbf,0x1e,0x1d,0x80,0xbe,0x00,0x00,0x80,0xbf,0x00,0x00,0x80,0xbf,0x00,0x00,0x80,0xbf,0x00,0x00,0x80,0xbf,
    0x00,0x00,0x80,0xbf,0x00,0x00,0x80,0xbf,0x00,0x00,0x80,0xbf,0x00,0x00,0x80,0xbf,0x00,0x00,0x80,0xbf,0x00,0x00,0x80,0xbf,
    0x00,0x00,0x80,0xbf,0x00,0x00,0x80,0xbf,0x00,0x00,0x80,0xbf,0x00,0x00,0x80,0xbf,0x00,0x00,0x80,0xbf,0x00,0x00,0x80,0xbf,
    0x00,0x00,0x80,0xbf,0x00,0x00,0x80,0xbf,0x00,0x00,0x80,0xbf,0x00,0x00,0x80,0xbf,0x00,0x00,0x80,0xbf,0x00,0x00,0x80,0xbf,
    0x00,0x00,0x80,0xbf,0x00,0x00,0x80,0xbf,0x00,0x00,0x80,0xbf,0x00,0x00,0x80,0xbf,0x00,0x00,0x80,0xbf,0x00,0x00,0x80,0xbf,
    0x00,0x00,0x80,0xbf,0x00,0x00,0x80,0xbf,0x00,0x00,0x80,0xbf,0x00,0x00,0x80,0xbf,0x00,0x00,0x80,0xbf,0x00,0x00,0x80,0xbf,
    0x00,0x00,0x80,0xbf,0x00,0x00,0x80,0xbf,0x00,0x00,0x80,0xbf,0x00,0x00,0x80,0xbf,0x00,0x00,0x80,0xbf,0x00,0x00,0x80,0xbf,
    0x00,0x00,0x80,0xbf,0x00,0x00,0x80,0xbf,0x00,0x00,0x80,0xbf,0x00,0x00,0x80,0xbf,0x00,0x00,0x80,0xbf,0x00,0x00,0x80,0xbf,
    0x00,0x00,0x80,0xbf,0x00,0x00,0x80,0xbf,0x00,0x00,0x80,0xbf,0x00,0x00,0x80,0xbf,0x00,0x00,0x80,0xbf,0x00,0x00,0x80,0xbf,
    0x00,0x00,0x80,0xbf,0x00,0x00,0x80,0xbf,0x00,0x00,0x80,0xbf,0x00,0x00,0x80,0xbf,0x00,0x00,0x80,0xbf,0x00,0x00,0x80,0xbf,
    0x00,0x00,0x80,0xbf,0x00,0x00,0x80,0xbf,0x00,0x00,0x80,0xbf,0x00,0x00,0x80,0xbf,0x00,0x00,0x80,0xbf,0x00,0x00,0x80,0xbf,
    0x00,0x00,0x80,0xbf,0x00,0x00,0x80,0xbf,0x00,0x00,0x80,0xbf,0x00,0x00,0x80,0xbf,0x00,0x00,0x80,0xbf,0x00,0x00,0x80,0xbf,
    0x00,0x00,0x80,0xbf,0x00,0x00,0x80,0xbf,0x00,0x00,0x80,0xbf,0x00,0x00,0x80,0xbf,0x00,0x00,0x80,0xbf,0x00,0x00,0x80,0xbf,
    0x00,0x00,0x80,0xbf,0x00,0x00,0x80,0xbf,0x00,0x00,0x80,0xbf,0x00,0x00,0x80,0xbf,0x00,0x00,0x80,0xbf,0x00,0x00,0x80,0xbf,
    0x00,0x00,0x80,0xbf,0x00,0x00,0x80,0xbf,0x00,0x00,0x80,0xbf,0x00,0x00,0x80,0xbf,0x00,0x00,0x80,0xbf,0x00,0x00,0x80,0xbf,
    0x00,0x00,0x80,0xbf,0x00,0x00,0x80,0xbf,0x00,0x00,0x80,0xbf,0x00,0x00,0x80,0xbf,0x00,0x00,0x80,0xbf,0x00,0x00,0x80,0xbf,
    0x00,0x00,0x80,0xbf,0x00,0x00,0x80,0xbf,0x00,0x00,0x80,0xbf,0x00,0x00,0x80,0xbf,0x00,0x00,0x80,0xbf,0x00,0x00,0x80,0xbf,
    0x00,0x00,0x80,0xbf,0x00,0x00,0x80,0xbf,0x00,0x00,0x80,0xbf,0x00,0x00,0x80,0xbf,0x00,0x00,0x80,0xbf,0x00,0x00,0x80,0xbf,
    0x00,0x00,0x80,0xbf,0x00,0x00,0x80,0xbf,0x00,0x00,0x80,0xbf,0x00,0x00,0x80,0xbf,0x00,0x00,0x80,0xbf,0x00,0x00,0x80,0xbf,
    0x00,0x00,0x80,0xbf,0x00,0x00,0x80,0xbf,0x00,0x00,0x80,0xbf,0x00,0x00,0x80,0xbf,0x00,0x00,0x80,0xbf,0x00,0x00,0x80,0xbf,
    0x00,0x00,0x80,0xbf,0x00,0x00,0x80,0xbf,0x00,0x00,0x80,0xbf,0x00,0x00,0x80,0xbf,0x00,0x00,0x80,0xbf,0x00,0x00,0x80,0xbf,
    0x00,0x00,0x80,0xbf,0x00,0x00,0x80,0xbf,0x00,0x00,0x80,0xbf,0x00,0x00,0x80,0xbf,0x00,0x00,0x80,0xbf,0x00,0x00,0x80,0xbf,
    0x00,0x00,0x80,0xbf,0x00,0x00,0x80,0xbf,0x00,0x00,0x80,0xbf,0x00,0x00,0x80,0xbf,0x00,0x00,0x80,0xbf,0x00,0x00,0x80,0xbf,
    0x00,0x00,0x80,0xbf,0x00,0x00,0x80,0xbf,0x00,0x00,0x80,0xbf,0x00,0x00,0x80,0xbf,0x00,0x00,0x80,0xbf,0x00,0x00,0x80,0xbf,
    0x00,0x00,0x80,0xbf,0x00,0x00,0x80,0xbf,0x00,0x00,0x80,0xbf,0x00,0x00,0x80,0xbf,0x00,0x00,0x80,0xbf,0x00,0x00,0x80,0xbf,
    0x00,0x00,0x80,0xbf,0x00,0x00,0x80,0xbf,0x00,0x00,0x80,0xbf,0x00,0x00,0x80,0xbf,0x00,0x00,0x80,0xbf,0x00,0x00,0x80,0xbf,
    0x00,0x00,0x80,0xbf,0x00,0x00,0x80,0xbf,0x00,0x00,0x80,0xbf,0x00,0x00,0x80,0xbf,0x00,0x00,0x80,0xbf,0x00,0x00,0x80,0xbf,
    0x00,0x00,0x80,0xbf,0x00,0x00,0x80,0xbf,0x00,0x00,0x80,0xbf,0x00,0x00,0x80,0xbf,0x00,0x00,0x80,0xbf,0x00,0x00,0x80,0xbf,
    0x00,0x00,0x80,0xbf,0x00,0x00,0x80,0xbf,0x00,0x00,0x80,0xbf,0x00,0x00,0x80,0xbf,0x00,0x00,0x80,0xbf,0x00,0x00,0x80,0xbf,
    0x00,0x00,0x80,0xbf,0x00,0x00,0x80,0xbf,0x00,0x00,0x80,0xbf,0x00,0x00,0x80,0xbf,0x00,0x00,0x80,0xbf,0x00,0x00,0x80,0xbf,
    0x00,0x00,0x80,0xbf,0x00,0x00,0x80,0xbf,0x00,0x00,0x80,0xbf,0x00,0x00,0x80,0xbf,0x00,0x00,0x80,0xbf,0x00,0x00,0x80,0xbf,
    0x00,0x00,0x80,0xbf,0x00,0x00,0x80,0xbf,0x00,0x00,0x80,0xbf,0x00,0x00,0x80,0xbf,0x00,0x00,0x80,0xbf,0x00,0x00,0x80,0xbf,
    0x00,0x00,0x80,0xbf,0x00,0x00,0x80,0xbf,0x00,0x00,0x80,0xbf,0x00,0x00,0x80,0xbf,0x00,0x00,0x80,0xbf,0x00,0x00,0x80,0xbf,
    0x00,0x00,0x80,0xbf,0x00,0x00,0x80,0xbf,0x00,0x00,0x80,0xbf,0x00,0x00,0x80,0xbf,0x00,0x00,0x80,0xbf,0x00,0x00,0x80,0xbf,
    0x00,0x00,0x80,0xbf,0x00,0x00,0x80,0xbf,0x00,0x00,0x80,0xbf,0x00,0x00,0x80,0xbf,0x00,0x00,0x80,0xbf,0x00,0x00,0x80,0xbf,
    0x00,0x00,0x80,0xbf,0x00,0x00,0x80,0xbf,0x00,0x00,0x80,0xbf,0x00,0x00,0x80,0xbf,0x00,0x00,0x80,0xbf,0x00,0x00,0x80,0xbf,
    0x00,0x00,0x80,0xbf,0x00,0x00,0x80,0xbf,0x00,0x00,0x80,0xbf,0x00,0x00,0x80,0xbf,0x00,0x00,0x80,0xbf,0x00,0x00,0x80,0xbf,
    0x00,0x00,0x80,0xbf,0x00,0x00,0x80,0xbf,0x00,0x00,0x80,0xbf,0x00,0x00,0x80,0xbf,0x00,0x00,0x80,0xbf,0x00,0x00,0x80,0xbf,
    0x00,0x00,0x80,0xbf,0x00,0x00,0x80,0xbf,0x00,0x00,0x80,0xbf,0x00,0x00,0x80,0xbf,0x00,0x00,0x80,0xbf,0x00,0x00,0x80,0xbf,
    0x00,0x00,0x80,0xbf,0x00,0x00,0x80,0xbf,0x00,0x00,0x80,0xbf,0x00,0x00,0x80,0xbf,0x00,0x00,0x80,0xbf,0x00,0x00,0x80,0xbf,
    0x00,0x00,0x80,0xbf,0x00,0x00,0x80,0xbf,0x00,0x00,0x80,0xbf,0x00,0x00,0x80,0xbf,0x00,0x00,0x80,0xbf,0x00,0x00,0x80,0xbf,
    0x00,0x00,0x80,0xbf,0x00,0x00,0x80,0xbf,0x00,0x00,0x80,0xbf,0x00,0x00,0x80,0xbf,0x00,0x00,0x80,0xbf,0x00,0x00,0x80,0xbf,
    0x00,0x00,0x80,0xbf,0x00,0x00,0x80,0xbf,0x00,0x00,0x80,0xbf,0x00,0x00,0x80,0xbf,0x00,0x00,0x80,0xbf,0x00,0x00,0x80,0xbf,
    0x00,0x00,0x80,0xbf,0x00,0x00,0x80,0xbf,0x00,0x00,0x80,0xbf,0x00,0x00,0x80,0xbf,0x06,0x00,0x00,0x00,0x00,0x00,0x00,0x00,
    0xf8,0x04,0x00,0x00,0x00,0x00,0x00,0x00,0x0b,0x00,0x00,0x00,0x00,0x00,0x00,0x00,0x18,0x00,0x00,0x00,0x00,0x00,0x00,0x00,
    0x05,0x00,0x00,0x00,0x00,0x00,0x00,0x00,0xa8,0x05,0x00,0x00,0x00,0x00,0x00,0x00,0x0a,0x00,0x00,0x00,0x00,0x00,0x00,0x00,
    0x5e,0x00,0x00,0x00,0x00,0x00,0x00,0x00,0xf5,0xfe,0xff,0x6f,0x00,0x00,0x00,0x00,0x58,0x05,0x00,0x00,0x00,0x00,0x00,0x00,
    0x04,0x00,0x00,0x00,0x00,0x00,0x00,0x00,0x80,0x05,0x00,0x00,0x00,0x00,0x00,0x00,0x00,0x00,0x00,0x00,0x00,0x00,0x00,0x00,
    0x00,0x00,0x00,0x00,0x00,0x00,0x00,0x00,0x48,0x6f,0x6d,0x65,0x62,0x72,0x65,0x77,0x20,0x63,0x6c,0x61,0x6e,0x67,0x20,0x76,
    0x65,0x72,0x73,0x69,0x6f,0x6e,0x20,0x32,0x31,0x2e,0x31,0x2e,0x38,0x00,0x00,0x4c,0x69,0x6e,0x6b,0x65,0x72,0x3a,0x20,0x48,
    0x6f,0x6d,0x65,0x62,0x72,0x65,0x77,0x20,0x4c,0x4c,0x44,0x20,0x32,0x31,0x2e,0x31,0x2e,0x38,0x00,0x00,0x00,0x00,0x00,0x00,
    0x00,0x00,0x00,0x00,0x00,0x00,0x00,0x00,0x00,0x00,0x00,0x00,0x00,0x00,0x00,0x00,0x00,0x00,0x00,0x00,0x00,0x00,0x00,0x00,
    0x01,0x00,0x00,0x00,0x00,0x00,0xf1,0xff,0x00,0x00,0x00,0x00,0x00,0x00,0x00,0x00,0x00,0x00,0x00,0x00,0x00,0x00,0x00,0x00,
    0x29,0x00,0x00,0x00,0x00,0x00,0xf1,0xff,0x10,0x00,0x00,0x00,0x00,0x00,0x00,0x00,0x00,0x00,0x00,0x00,0x00,0x00,0x00,0x00,
    0x49,0x00,0x00,0x00,0x00,0x00,0xf1,0xff,0x00,0x00,0x00,0x00,0x00,0x00,0x00,0x00,0x00,0x00,0x00,0x00,0x00,0x00,0x00,0x00,
    0x69,0x00,0x00,0x00,0x00,0x00,0xf1,0xff,0x1a,0x00,0x00,0x00,0x00,0x00,0x00,0x00,0x00,0x00,0x00,0x00,0x00,0x00,0x00,0x00,
    0x8e,0x00,0x00,0x00,0x00,0x00,0xf1,0xff,0x01,0x00,0x00,0x00,0x00,0x00,0x00,0x00,0x00,0x00,0x00,0x00,0x00,0x00,0x00,0x00,
    0xae,0x00,0x00,0x00,0x00,0x00,0xf1,0xff,0x00,0x00,0x00,0x00,0x00,0x00,0x00,0x00,0x00,0x00,0x00,0x00,0x00,0x00,0x00,0x00,
    0xd7,0x00,0x00,0x00,0x00,0x00,0xf1,0xff,0x00,0x00,0x00,0x00,0x00,0x00,0x00,0x00,0x00,0x00,0x00,0x00,0x00,0x00,0x00,0x00,
    0x02,0x01,0x00,0x00,0x00,0x00,0xf1,0xff,0x00,0x00,0x00,0x00,0x00,0x00,0x00,0x00,0x00,0x00,0x00,0x00,0x00,0x00,0x00,0x00,
    0x84,0x01,0x00,0x00,0x00,0x02,0x08,0x00,0x80,0x37,0x00,0x00,0x00,0x00,0x00,0x00,0x00,0x00,0x00,0x00,0x00,0x00,0x00,0x00,
    0x27,0x01,0x00,0x00,0x12,0x03,0x07,0x00,0x00,0x17,0x00,0x00,0x00,0x00,0x00,0x00,0x70,0x06,0x00,0x00,0x00,0x00,0x00,0x00,
    0x3e,0x01,0x00,0x00,0x11,0x03,0x06,0x00,0x40,0x06,0x00,0x00,0x00,0x00,0x00,0x00,0x40,0x00,0x00,0x00,0x00,0x00,0x00,0x00,
    0x58,0x01,0x00,0x00,0x12,0x03,0x07,0x00,0x70,0x1d,0x00,0x00,0x00,0x00,0x00,0x00,0x00,0x06,0x00,0x00,0x00,0x00,0x00,0x00,
    0x00,0x2e,0x6e,0x6f,0x74,0x65,0x00,0x2e,0x64,0x79,0x6e,0x73,0x79,0x6d,0x00,0x2e,0x67,0x6e,0x75,0x2e,0x68,0x61,0x73,0x68,
    0x00,0x2e,0x68,0x61,0x73,0x68,0x00,0x2e,0x64,0x79,0x6e,0x73,0x74,0x72,0x00,0x2e,0x72,0x6f,0x64,0x61,0x74,0x61,0x00,0x2e,
    0x74,0x65,0x78,0x74,0x00,0x2e,0x64,0x79,0x6e,0x61,0x6d,0x69,0x63,0x00,0x2e,0x72,0x65,0x6c,0x72,0x6f,0x5f,0x70,0x61,0x64,
    0x64,0x69,0x6e,0x67,0x00,0x2e,0x41,0x4d,0x44,0x47,0x50,0x55,0x2e,0x67,0x70,0x72,0x5f,0x6d,0x61,0x78,0x69,0x6d,0x75,0x6d,
    0x73,0x00,0x2e,0x63,0x6f,0x6d,0x6d,0x65,0x6e,0x74,0x00,0x2e,0x73,0x79,0x6d,0x74,0x61,0x62,0x00,0x2e,0x73,0x68,0x73,0x74,
    0x72,0x74,0x61,0x62,0x00,0x2e,0x73,0x74,0x72,0x74,0x61,0x62,0x00,0x00,0x73,0x69,0x67,0x6e,0x61,0x6c,0x5f,0x6d,0x61,0x69,
    0x6c,0x62,0x6f,0x78,0x5f,0x73,0x65,0x72,0x76,0x69,0x63,0x65,0x2e,0x70,0x72,0x69,0x76,0x61,0x74,0x65,0x5f,0x73,0x65,0x67,
    0x5f,0x73,0x69,0x7a,0x65,0x00,0x73,0x69,0x67,0x6e,0x61,0x6c,0x5f,0x6d,0x61,0x69,0x6c,0x62,0x6f,0x78,0x5f,0x73,0x65,0x72,
    0x76,0x69,0x63,0x65,0x2e,0x6e,0x75,0x6d,0x5f,0x76,0x67,0x70,0x72,0x00,0x73,0x69,0x67,0x6e,0x61,0x6c,0x5f,0x6d,0x61,0x69,
    0x6c,0x62,0x6f,0x78,0x5f,0x73,0x65,0x72,0x76,0x69,0x63,0x65,0x2e,0x6e,0x75,0x6d,0x5f,0x61,0x67,0x70,0x72,0x00,0x73,0x69,
    0x67,0x6e,0x61,0x6c,0x5f,0x6d,0x61,0x69,0x6c,0x62,0x6f,0x78,0x5f,0x73,0x65,0x72,0x76,0x69,0x63,0x65,0x2e,0x6e,0x75,0x6d,
    0x62,0x65,0x72,0x65,0x64,0x5f,0x73,0x67,0x70,0x72,0x00,0x73,0x69,0x67,0x6e,0x61,0x6c,0x5f,0x6d,0x61,0x69,0x6c,0x62,0x6f,
    0x78,0x5f,0x73,0x65,0x72,0x76,0x69,0x63,0x65,0x2e,0x75,0x73,0x65,0x73,0x5f,0x76,0x63,0x63,0x00,0x73,0x69,0x67,0x6e,0x61,
    0x6c,0x5f,0x6d,0x61,0x69,0x6c,0x62,0x6f,0x78,0x5f,0x73,0x65,0x72,0x76,0x69,0x63,0x65,0x2e,0x75,0x73,0x65,0x73,0x5f,0x66,
    0x6c,0x61,0x74,0x5f,0x73,0x63,0x72,0x61,0x74,0x63,0x68,0x00,0x73,0x69,0x67,0x6e,0x61,0x6c,0x5f,0x6d,0x61,0x69,0x6c,0x62,
    0x6f,0x78,0x5f,0x73,0x65,0x72,0x76,0x69,0x63,0x65,0x2e,0x68,0x61,0x73,0x5f,0x64,0x79,0x6e,0x5f,0x73,0x69,0x7a,0x65,0x64,
    0x5f,0x73,0x74,0x61,0x63,0x6b,0x00,0x73,0x69,0x67,0x6e,0x61,0x6c,0x5f,0x6d,0x61,0x69,0x6c,0x62,0x6f,0x78,0x5f,0x73,0x65,
    0x72,0x76,0x69,0x63,0x65,0x2e,0x68,0x61,0x73,0x5f,0x72,0x65,0x63,0x75,0x72,0x73,0x69,0x6f,0x6e,0x00,0x73,0x69,0x67,0x6e,
    0x61,0x6c,0x5f,0x6d,0x61,0x69,0x6c,0x62,0x6f,0x78,0x5f,0x73,0x65,0x72,0x76,0x69,0x63,0x65,0x00,0x73,0x69,0x67,0x6e,0x61,
    0x6c,0x5f,0x6d,0x61,0x69,0x6c,0x62,0x6f,0x78,0x5f,0x73,0x65,0x72,0x76,0x69,0x63,0x65,0x2e,0x6b,0x64,0x00,0x5f,0x5f,0x63,
    0x6c,0x61,0x6e,0x67,0x5f,0x6f,0x63,0x6c,0x5f,0x6b,0x65,0x72,0x6e,0x5f,0x69,0x6d,0x70,0x5f,0x73,0x69,0x67,0x6e,0x61,0x6c,
    0x5f,0x6d,0x61,0x69,0x6c,0x62,0x6f,0x78,0x5f,0x73,0x65,0x72,0x76,0x69,0x63,0x65,0x00,0x5f,0x44,0x59,0x4e,0x41,0x4d,0x49,
    0x43,0x00,0x00,0x00,0x00,0x00,0x00,0x00,0x00,0x00,0x00,0x00,0x00,0x00,0x00,0x00,0x00,0x00,0x00,0x00,0x00,0x00,0x00,0x00,
    0x00,0x00,0x00,0x00,0x00,0x00,0x00,0x00,0x00,0x00,0x00,0x00,0x00,0x00,0x00,0x00,0x00,0x00,0x00,0x00,0x00,0x00,0x00,0x00,
    0x00,0x00,0x00,0x00,0x00,0x00,0x00,0x00,0x00,0x00,0x00,0x00,0x00,0x00,0x00,0x00,0x00,0x00,0x00,0x00,0x00,0x00,0x00,0x00,
    0x01,0x00,0x00,0x00,0x07,0x00,0x00,0x00,0x02,0x00,0x00,0x00,0x00,0x00,0x00,0x00,0x00,0x02,0x00,0x00,0x00,0x00,0x00,0x00,
    0x00,0x02,0x00,0x00,0x00,0x00,0x00,0x00,0xf4,0x02,0x00,0x00,0x00,0x00,0x00,0x00,0x00,0x00,0x00,0x00,0x00,0x00,0x00,0x00,
    0x04,0x00,0x00,0x00,0x00,0x00,0x00,0x00,0x00,0x00,0x00,0x00,0x00,0x00,0x00,0x00,0x07,0x00,0x00,0x00,0x0b,0x00,0x00,0x00,
    0x02,0x00,0x00,0x00,0x00,0x00,0x00,0x00,0xf8,0x04,0x00,0x00,0x00,0x00,0x00,0x00,0xf8,0x04,0x00,0x00,0x00,0x00,0x00,0x00,
    0x60,0x00,0x00,0x00,0x00,0x00,0x00,0x00,0x05,0x00,0x00,0x00,0x01,0x00,0x00,0x00,0x08,0x00,0x00,0x00,0x00,0x00,0x00,0x00,
    0x18,0x00,0x00,0x00,0x00,0x00,0x00,0x00,0x0f,0x00,0x00,0x00,0xf6,0xff,0xff,0x6f,0x02,0x00,0x00,0x00,0x00,0x00,0x00,0x00,
    0x58,0x05,0x00,0x00,0x00,0x00,0x00,0x00,0x58,0x05,0x00,0x00,0x00,0x00,0x00,0x00,0x28,0x00,0x00,0x00,0x00,0x00,0x00,0x00,
    0x02,0x00,0x00,0x00,0x00,0x00,0x00,0x00,0x08,0x00,0x00,0x00,0x00,0x00,0x00,0x00,0x00,0x00,0x00,0x00,0x00,0x00,0x00,0x00,
    0x19,0x00,0x00,0x00,0x05,0x00,0x00,0x00,0x02,0x00,0x00,0x00,0x00,0x00,0x00,0x00,0x80,0x05,0x00,0x00,0x00,0x00,0x00,0x00,
    0x80,0x05,0x00,0x00,0x00,0x00,0x00,0x00,0x28,0x00,0x00,0x00,0x00,0x00,0x00,0x00,0x02,0x00,0x00,0x00,0x00,0x00,0x00,0x00,
    0x04,0x00,0x00,0x00,0x00,0x00,0x00,0x00,0x04,0x00,0x00,0x00,0x00,0x00,0x00,0x00,0x1f,0x00,0x00,0x00,0x03,0x00,0x00,0x00,
    0x02,0x00,0x00,0x00,0x00,0x00,0x00,0x00,0xa8,0x05,0x00,0x00,0x00,0x00,0x00,0x00,0xa8,0x05,0x00,0x00,0x00,0x00,0x00,0x00,
    0x5e,0x00,0x00,0x00,0x00,0x00,0x00,0x00,0x00,0x00,0x00,0x00,0x00,0x00,0x00,0x00,0x01,0x00,0x00,0x00,0x00,0x00,0x00,0x00,
    0x00,0x00,0x00,0x00,0x00,0x00,0x00,0x00,0x27,0x00,0x00,0x00,0x01,0x00,0x00,0x00,0x02,0x00,0x00,0x00,0x00,0x00,0x00,0x00,
    0x40,0x06,0x00,0x00,0x00,0x00,0x00,0x00,0x40,0x06,0x00,0x00,0x00,0x00,0x00,0x00,0x40,0x00,0x00,0x00,0x00,0x00,0x00,0x00,
    0x00,0x00,0x00,0x00,0x00,0x00,0x00,0x00,0x40,0x00,0x00,0x00,0x00,0x00,0x00,0x00,0x00,0x00,0x00,0x00,0x00,0x00,0x00,0x00,
    0x2f,0x00,0x00,0x00,0x01,0x00,0x00,0x00,0x06,0x00,0x00,0x00,0x00,0x00,0x00,0x00,0x00,0x17,0x00,0x00,0x00,0x00,0x00,0x00,
    0x00,0x07,0x00,0x00,0x00,0x00,0x00,0x00,0x80,0x10,0x00,0x00,0x00,0x00,0x00,0x00,0x00,0x00,0x00,0x00,0x00,0x00,0x00,0x00,
    0x00,0x01,0x00,0x00,0x00,0x00,0x00,0x00,0x00,0x00,0x00,0x00,0x00,0x00,0x00,0x00,0x35,0x00,0x00,0x00,0x06,0x00,0x00,0x00,
    0x03,0x00,0x00,0x00,0x00,0x00,0x00,0x00,0x80,0x37,0x00,0x00,0x00,0x00,0x00,0x00,0x80,0x17,0x00,0x00,0x00,0x00,0x00,0x00,
    0x70,0x00,0x00,0x00,0x00,0x00,0x00,0x00,0x05,0x00,0x00,0x00,0x00,0x00,0x00,0x00,0x08,0x00,0x00,0x00,0x00,0x00,0x00,0x00,
    0x10,0x00,0x00,0x00,0x00,0x00,0x00,0x00,0x3e,0x00,0x00,0x00,0x08,0x00,0x00,0x00,0x03,0x00,0x00,0x00,0x00,0x00,0x00,0x00,
    0xf0,0x37,0x00,0x00,0x00,0x00,0x00,0x00,0xf0,0x17,0x00,0x00,0x00,0x00,0x00,0x00,0x10,0x08,0x00,0x00,0x00,0x00,0x00,0x00,
    0x00,0x00,0x00,0x00,0x00,0x00,0x00,0x00,0x01,0x00,0x00,0x00,0x00,0x00,0x00,0x00,0x00,0x00,0x00,0x00,0x00,0x00,0x00,0x00,
    0x4d,0x00,0x00,0x00,0x01,0x00,0x00,0x00,0x00,0x00,0x00,0x00,0x00,0x00,0x00,0x00,0x00,0x00,0x00,0x00,0x00,0x00,0x00,0x00,
    0xf0,0x17,0x00,0x00,0x00,0x00,0x00,0x00,0x00,0x00,0x00,0x00,0x00,0x00,0x00,0x00,0x00,0x00,0x00,0x00,0x00,0x00,0x00,0x00,
    0x01,0x00,0x00,0x00,0x00,0x00,0x00,0x00,0x00,0x00,0x00,0x00,0x00,0x00,0x00,0x00,0x62,0x00,0x00,0x00,0x01,0x00,0x00,0x00,
    0x30,0x00,0x00,0x00,0x00,0x00,0x00,0x00,0x00,0x00,0x00,0x00,0x00,0x00,0x00,0x00,0xf0,0x17,0x00,0x00,0x00,0x00,0x00,0x00,
    0x3b,0x00,0x00,0x00,0x00,0x00,0x00,0x00,0x00,0x00,0x00,0x00,0x00,0x00,0x00,0x00,0x01,0x00,0x00,0x00,0x00,0x00,0x00,0x00,
    0x01,0x00,0x00,0x00,0x00,0x00,0x00,0x00,0x6b,0x00,0x00,0x00,0x02,0x00,0x00,0x00,0x00,0x00,0x00,0x00,0x00,0x00,0x00,0x00,
    0x00,0x00,0x00,0x00,0x00,0x00,0x00,0x00,0x30,0x18,0x00,0x00,0x00,0x00,0x00,0x00,0x38,0x01,0x00,0x00,0x00,0x00,0x00,0x00,
    0x0e,0x00,0x00,0x00,0x0a,0x00,0x00,0x00,0x08,0x00,0x00,0x00,0x00,0x00,0x00,0x00,0x18,0x00,0x00,0x00,0x00,0x00,0x00,0x00,
    0x73,0x00,0x00,0x00,0x03,0x00,0x00,0x00,0x00,0x00,0x00,0x00,0x00,0x00,0x00,0x00,0x00,0x00,0x00,0x00,0x00,0x00,0x00,0x00,
    0x68,0x19,0x00,0x00,0x00,0x00,0x00,0x00,0x85,0x00,0x00,0x00,0x00,0x00,0x00,0x00,0x00,0x00,0x00,0x00,0x00,0x00,0x00,0x00,
    0x01,0x00,0x00,0x00,0x00,0x00,0x00,0x00,0x00,0x00,0x00,0x00,0x00,0x00,0x00,0x00,0x7d,0x00,0x00,0x00,0x03,0x00,0x00,0x00,
    0x00,0x00,0x00,0x00,0x00,0x00,0x00,0x00,0x00,0x00,0x00,0x00,0x00,0x00,0x00,0x00,0xed,0x19,0x00,0x00,0x00,0x00,0x00,0x00,
    0x8d,0x01,0x00,0x00,0x00,0x00,0x00,0x00,0x00,0x00,0x00,0x00,0x00,0x00,0x00,0x00,0x01,0x00,0x00,0x00,0x00,0x00,0x00,0x00,
    0x00,0x00,0x00,0x00,0x00,0x00,0x00,0x00,
};
}
namespace gfx1250 {
// gfx1250 signal_operations: e_flags=0x00000449, 6136 bytes
inline constexpr uint8_t signal_operations[] = {
    0x7f,0x45,0x4c,0x46,0x02,0x01,0x01,0x40,0x04,0x00,0x00,0x00,0x00,0x00,0x00,0x00,0x03,0x00,0xe0,0x00,0x01,0x00,0x00,0x00,
    0x00,0x00,0x00,0x00,0x00,0x00,0x00,0x00,0x40,0x00,0x00,0x00,0x00,0x00,0x00,0x00,0x38,0x14,0x00,0x00,0x00,0x00,0x00,0x00,
    0x49,0x04,0x00,0x00,0x40,0x00,0x38,0x00,0x08,0x00,0x40,0x00,0x0f,0x00,0x0d,0x00,0x06,0x00,0x00,0x00,0x04,0x00,0x00,0x00,
    0x40,0x00,0x00,0x00,0x00,0x00,0x00,0x00,0x40,0x00,0x00,0x00,0x00,0x00,0x00,0x00,0x40,0x00,0x00,0x00,0x00,0x00,0x00,0x00,
    0xc0,0x01,0x00,0x00,0x00,0x00,0x00,0x00,0xc0,0x01,0x00,0x00,0x00,0x00,0x00,0x00,0x08,0x00,0x00,0x00,0x00,0x00,0x00,0x00,
    0x01,0x00,0x00,0x00,0x04,0x00,0x00,0x00,0x00,0x00,0x00,0x00,0x00,0x00,0x00,0x00,0x00,0x00,0x00,0x00,0x00,0x00,0x00,0x00,
    0x00,0x00,0x00,0x00,0x00,0x00,0x00,0x00,0x80,0x06,0x00,0x00,0x00,0x00,0x00,0x00,0x80,0x06,0x00,0x00,0x00,0x00,0x00,0x00,
    0x00,0x10,0x00,0x00,0x00,0x00,0x00,0x00,0x01,0x00,0x00,0x00,0x05,0x00,0x00,0x00,0x00,0x07,0x00,0x00,0x00,0x00,0x00,0x00,
    0x00,0x17,0x00,0x00,0x00,0x00,0x00,0x00,0x00,0x17,0x00,0x00,0x00,0x00,0x00,0x00,0x80,0x09,0x00,0x00,0x00,0x00,0x00,0x00,
    0x80,0x09,0x00,0x00,0x00,0x00,0x00,0x00,0x00,0x10,0x00,0x00,0x00,0x00,0x00,0x00,0x01,0x00,0x00,0x00,0x06,0x00,0x00,0x00,
    0x80,0x10,0x00,0x00,0x00,0x00,0x00,0x00,0x80,0x30,0x00,0x00,0x00,0x00,0x00,0x00,0x80,0x30,0x00,0x00,0x00,0x00,0x00,0x00,
    0x70,0x00,0x00,0x00,0x00,0x00,0x00,0x00,0x80,0x0f,0x00,0x00,0x00,0x00,0x00,0x00,0x00,0x10,0x00,0x00,0x00,0x00,0x00,0x00,
    0x02,0x00,0x00,0x00,0x06,0x00,0x00,0x00,0x80,0x10,0x00,0x00,0x00,0x00,0x00,0x00,0x80,0x30,0x00,0x00,0x00,0x00,0x00,0x00,
    0x80,0x30,0x00,0x00,0x00,0x00,0x00,0x00,0x70,0x00,0x00,0x00,0x00,0x00,0x00,0x00,0x70,0x00,0x00,0x00,0x00,0x00,0x00,0x00,
    0x08,0x00,0x00,0x00,0x00,0x00,0x00,0x00,0x52,0xe5,0x74,0x64,0x04,0x00,0x00,0x00,0x80,0x10,0x00,0x00,0x00,0x00,0x00,0x00,
    0x80,0x30,0x00,0x00,0x00,0x00,0x00,0x00,0x80,0x30,0x00,0x00,0x00,0x00,0x00,0x00,0x70,0x00,0x00,0x00,0x00,0x00,0x00,0x00,
    0x80,0x0f,0x00,0x00,0x00,0x00,0x00,0x00,0x01,0x00,0x00,0x00,0x00,0x00,0x00,0x00,0x51,0xe5,0x74,0x64,0x06,0x00,0x00,0x00,
    0x00,0x00,0x00,0x00,0x00,0x00,0x00,0x00,0x00,0x00,0x00,0x00,0x00,0x00,0x00,0x00,0x00,0x00,0x00,0x00,0x00,0x00,0x00,0x00,
    0x00,0x00,0x00,0x00,0x00,0x00,0x00,0x00,0x00,0x00,0x00,0x00,0x00,0x00,0x00,0x00,0x00,0x00,0x00,0x00,0x00,0x00,0x00,0x00,
    0x04,0x00,0x00,0x00,0x04,0x00,0x00,0x00,0x00,0x02,0x00,0x00,0x00,0x00,0x00,0x00,0x00,0x02,0x00,0x00,0x00,0x00,0x00,0x00,
    0x00,0x02,0x00,0x00,0x00,0x00,0x00,0x00,0x28,0x03,0x00,0x00,0x00,0x00,0x00,0x00,0x28,0x03,0x00,0x00,0x00,0x00,0x00,0x00,
    0x04,0x00,0x00,0x00,0x00,0x00,0x00,0x00,0x07,0x00,0x00,0x00,0x12,0x03,0x00,0x00,0x20,0x00,0x00,0x00,0x41,0x4d,0x44,0x47,
    0x50,0x55,0x00,0x00,0x83,0xae,0x61,0x6d,0x64,0x68,0x73,0x61,0x2e,0x6b,0x65,0x72,0x6e,0x65,0x6c,0x73,0x91,0xde,0x00,0x12,
    0xa5,0x2e,0x61,0x72,0x67,0x73,0x95,0x85,0xae,0x2e,0x61,0x64,0x64,0x72,0x65,0x73,0x73,0x5f,0x73,0x70,0x61,0x63,0x65,0xa6,
    0x67,0x6c,0x6f,0x62,0x61,0x6c,0xa7,0x2e,0x6f,0x66,0x66,0x73,0x65,0x74,0x00,0xa5,0x2e,0x73,0x69,0x7a,0x65,0x08,0xaa,0x2e,
    0x74,0x79,0x70,0x65,0x5f,0x6e,0x61,0x6d,0x65,0xa5,0x6c,0x6f,0x6e,0x67,0x2a,0xab,0x2e,0x76,0x61,0x6c,0x75,0x65,0x5f,0x6b,
    0x69,0x6e,0x64,0xad,0x67,0x6c,0x6f,0x62,0x61,0x6c,0x5f,0x62,0x75,0x66,0x66,0x65,0x72,0x85,0xae,0x2e,0x61,0x64,0x64,0x72,
    0x65,0x73,0x73,0x5f,0x73,0x70,0x61,0x63,0x65,0xa6,0x67,0x6c,0x6f,0x62,0x61,0x6c,0xa7,0x2e,0x6f,0x66,0x66,0x73,0x65,0x74,
    0x08,0xa5,0x2e,0x73,0x69,0x7a,0x65,0x08,0xaa,0x2e,0x74,0x79,0x70,0x65,0x5f,0x6e,0x61,0x6d,0x65,0xa5,0x6c,0x6f,0x6e,0x67,
    0x2a,0xab,0x2e,0x76,0x61,0x6c,0x75,0x65,0x5f,0x6b,0x69,0x6e,0x64,0xad,0x67,0x6c,0x6f,0x62,0x61,0x6c,0x5f,0x62,0x75,0x66,
    0x66,0x65,0x72,0x84,0xa7,0x2e,0x6f,0x66,0x66,0x73,0x65,0x74,0x10,0xa5,0x2e,0x73,0x69,0x7a,0x65,0x08,0xaa,0x2e,0x74,0x79,
    0x70,0x65,0x5f,0x6e,0x61,0x6d,0x65,0xa4,0x6c,0x6f,0x6e,0x67,0xab,0x2e,0x76,0x61,0x6c,0x75,0x65,0x5f,0x6b,0x69,0x6e,0x64,
    0xa8,0x62,0x79,0x5f,0x76,0x61,0x6c,0x75,0x65,0x84,0xa7,0x2e,0x6f,0x66,0x66,0x73,0x65,0x74,0x18,0xa5,0x2e,0x73,0x69,0x7a,
    0x65,0x08,0xaa,0x2e,0x74,0x79,0x70,0x65,0x5f,0x6e,0x61,0x6d,0x65,0xa4,0x6c,0x6f,0x6e,0x67,0xab,0x2e,0x76,0x61,0x6c,0x75,
    0x65,0x5f,0x6b,0x69,0x6e,0x64,0xa8,0x62,0x79,0x5f,0x76,0x61,0x6c,0x75,0x65,0x84,0xa7,0x2e,0x6f,0x66,0x66,0x73,0x65,0x74,
    0x20,0xa5,0x2e,0x73,0x69,0x7a,0x65,0x04,0xaa,0x2e,0x74,0x79,0x70,0x65,0x5f,0x6e,0x61,0x6d,0x65,0xa4,0x75,0x69,0x6e,0x74,
    0xab,0x2e,0x76,0x61,0x6c,0x75,0x65,0x5f,0x6b,0x69,0x6e,0x64,0xa8,0x62,0x79,0x5f,0x76,0x61,0x6c,0x75,0x65,0xb9,0x2e,0x67,
    0x72,0x6f,0x75,0x70,0x5f,0x73,0x65,0x67,0x6d,0x65,0x6e,0x74,0x5f,0x66,0x69,0x78,0x65,0x64,0x5f,0x73,0x69,0x7a,0x65,0x00,
    0xb6,0x2e,0x6b,0x65,0x72,0x6e,0x61,0x72,0x67,0x5f,0x73,0x65,0x67,0x6d,0x65,0x6e,0x74,0x5f,0x61,0x6c,0x69,0x67,0x6e,0x08,
    0xb5,0x2e,0x6b,0x65,0x72,0x6e,0x61,0x72,0x67,0x5f,0x73,0x65,0x67,0x6d,0x65,0x6e,0x74,0x5f,0x73,0x69,0x7a,0x65,0x24,0xa9,
    0x2e,0x6c,0x61,0x6e,0x67,0x75,0x61,0x67,0x65,0xa8,0x4f,0x70,0x65,0x6e,0x43,0x4c,0x20,0x43,0xb1,0x2e,0x6c,0x61,0x6e,0x67,
    0x75,0x61,0x67,0x65,0x5f,0x76,0x65,0x72,0x73,0x69,0x6f,0x6e,0x92,0x02,0x00,0xb8,0x2e,0x6d,0x61,0x78,0x5f,0x66,0x6c,0x61,
    0x74,0x5f,0x77,0x6f,0x72,0x6b,0x67,0x72,0x6f,0x75,0x70,0x5f,0x73,0x69,0x7a,0x65,0x20,0xa5,0x2e,0x6e,0x61,0x6d,0x65,0xb0,
    0x73,0x69,0x67,0x6e,0x61,0x6c,0x5f,0x6f,0x70,0x65,0x72,0x61,0x74,0x69,0x6f,0x6e,0xbb,0x2e,0x70,0x72,0x69,0x76,0x61,0x74,
    0x65,0x5f,0x73,0x65,0x67,0x6d,0x65,0x6e,0x74,0x5f,0x66,0x69,0x78,0x65,0x64,0x5f,0x73,0x69,0x7a,0x65,0x00,0xb4,0x2e,0x72,
    0x65,0x71,0x64,0x5f,0x77,0x6f,0x72,0x6b,0x67,0x72,0x6f,0x75,0x70,0x5f,0x73,0x69,0x7a,0x65,0x93,0x20,0x01,0x01,0xab,0x2e,
    0x73,0x67,0x70,0x72,0x5f,0x63,0x6f,0x75,0x6e,0x74,0x0e,0xb1,0x2e,0x73,0x67,0x70,0x72,0x5f,0x73,0x70,0x69,0x6c,0x6c,0x5f,
    0x63,0x6f,0x75,0x6e,0x74,0x00,0xa7,0x2e,0x73,0x79,0x6d,0x62,0x6f,0x6c,0xb3,0x73,0x69,0x67,0x6e,0x61,0x6c,0x5f,0x6f,0x70,
    0x65,0x72,0x61,0x74,0x69,0x6f,0x6e,0x2e,0x6b,0x64,0xb3,0x2e,0x75,0x73,0x65,0x73,0x5f,0x64,0x79,0x6e,0x61,0x6d,0x69,0x63,
    0x5f,0x73,0x74,0x61,0x63,0x6b,0xc2,0xab,0x2e,0x76,0x67,0x70,0x72,0x5f,0x63,0x6f,0x75,0x6e,0x74,0x08,0xb1,0x2e,0x76,0x67,
    0x70,0x72,0x5f,0x73,0x70,0x69,0x6c,0x6c,0x5f,0x63,0x6f,0x75,0x6e,0x74,0x00,0xaf,0x2e,0x77,0x61,0x76,0x65,0x66,0x72,0x6f,
    0x6e,0x74,0x5f,0x73,0x69,0x7a,0x65,0x20,0xb9,0x2e,0x77,0x6f,0x72,0x6b,0x67,0x72,0x6f,0x75,0x70,0x5f,0x70,0x72,0x6f,0x63,
    0x65,0x73,0x73,0x6f,0x72,0x5f,0x6d,0x6f,0x64,0x65,0x00,0xad,0x61,0x6d,0x64,0x68,0x73,0x61,0x2e,0x74,0x61,0x72,0x67,0x65,
    0x74,0xba,0x61,0x6d,0x64,0x67,0x63,0x6e,0x2d,0x61,0x6d,0x64,0x2d,0x61,0x6d,0x64,0x68,0x73,0x61,0x2d,0x2d,0x67,0x66,0x78,
    0x31,0x32,0x35,0x30,0xae,0x61,0x6d,0x64,0x68,0x73,0x61,0x2e,0x76,0x65,0x72,0x73,0x69,0x6f,0x6e,0x92,0x01,0x02,0x00,0x00,
    0x00,0x00,0x00,0x00,0x00,0x00,0x00,0x00,0x00,0x00,0x00,0x00,0x00,0x00,0x00,0x00,0x00,0x00,0x00,0x00,0x00,0x00,0x00,0x00,
    0x01,0x00,0x00,0x00,0x12,0x03,0x07,0x00,0x00,0x17,0x00,0x00,0x00,0x00,0x00,0x00,0xb4,0x04,0x00,0x00,0x00,0x00,0x00,0x00,
    0x12,0x00,0x00,0x00,0x11,0x03,0x06,0x00,0x40,0x06,0x00,0x00,0x00,0x00,0x00,0x00,0x40,0x00,0x00,0x00,0x00,0x00,0x00,0x00,
    0x26,0x00,0x00,0x00,0x12,0x03,0x07,0x00,0xb4,0x1b,0x00,0x00,0x00,0x00,0x00,0x00,0x48,0x03,0x00,0x00,0x00,0x00,0x00,0x00,
    0x01,0x00,0x00,0x00,0x01,0x00,0x00,0x00,0x01,0x00,0x00,0x00,0x1a,0x00,0x00,0x00,0x00,0x00,0x89,0x00,0x40,0x00,0x01,0x10,
    0x01,0x00,0x00,0x00,0xd2,0x64,0x68,0xc1,0xd0,0x69,0xb2,0x5f,0xe7,0x24,0x33,0xf0,0x04,0x00,0x00,0x00,0x04,0x00,0x00,0x00,
    0x02,0x00,0x00,0x00,0x00,0x00,0x00,0x00,0x03,0x00,0x00,0x00,0x00,0x00,0x00,0x00,0x00,0x00,0x00,0x00,0x00,0x00,0x00,0x00,
    0x00,0x00,0x00,0x00,0x01,0x00,0x00,0x00,0x00,0x73,0x69,0x67,0x6e,0x61,0x6c,0x5f,0x6f,0x70,0x65,0x72,0x61,0x74,0x69,0x6f,
    0x6e,0x00,0x73,0x69,0x67,0x6e,0x61,0x6c,0x5f,0x6f,0x70,0x65,0x72,0x61,0x74,0x69,0x6f,0x6e,0x2e,0x6b,0x64,0x00,0x5f,0x5f,
    0x63,0x6c,0x61,0x6e,0x67,0x5f,0x6f,0x63,0x6c,0x5f,0x6b,0x65,0x72,0x6e,0x5f,0x69,0x6d,0x70,0x5f,0x73,0x69,0x67,0x6e,0x61,
    0x6c,0x5f,0x6f,0x70,0x65,0x72,0x61,0x74,0x69,0x6f,0x6e,0x00,0x00,0x00,0x00,0x00,0x00,0x00,0x00,0x00,0x00,0x00,0x00,0x00,
    0x00,0x00,0x00,0x00,0x00,0x00,0x00,0x00,0x00,0x00,0x00,0x00,0x00,0x00,0x00,0x00,0x00,0x00,0x00,0x00,0x00,0x00,0x00,0x00,
    0x24,0x00,0x00,0x00,0x00,0x00,0x00,0x00,0xc0,0x10,0x00,0x00,0x00,0x00,0x00,0x00,0x00,0x00,0x00,0x00,0x00,0x00,0x00,0x00,
    0x00,0x00,0x00,0x00,0x00,0x00,0x00,0x00,0x00,0x00,0x00,0x00,0xa0,0x00,0x00,0x00,0x40,0x00,0x0f,0xc0,0x84,0x00,0x00,0x00,
    0x08,0x04,0x00,0x00,0x00,0x00,0x00,0x00,0x00,0x00,0x00,0x00,0x00,0x00,0x00,0x00,0x00,0x00,0x00,0x00,0x00,0x00,0x00,0x00,
    0x00,0x00,0x00,0x00,0x00,0x00,0x00,0x00,0x00,0x00,0x00,0x00,0x00,0x00,0x00,0x00,0x00,0x00,0x00,0x00,0x00,0x00,0x00,0x00,
    0x00,0x00,0x00,0x00,0x00,0x00,0x00,0x00,0x00,0x00,0x00,0x00,0x00,0x00,0x00,0x00,0x00,0x00,0x00,0x00,0x00,0x00,0x00,0x00,
    0x00,0x00,0x00,0x00,0x00,0x00,0x00,0x00,0x00,0x00,0x00,0x00,0x00,0x00,0x00,0x00,0x00,0x00,0x00,0x00,0x00,0x00,0x00,0x00,
    0x00,0x00,0x00,0x00,0x00,0x00,0x00,0x00,0x00,0x00,0x00,0x00,0x00,0x00,0x00,0x00,0x00,0x00,0x00,0x00,0x00,0x00,0x00,0x00,
    0x00,0x00,0x00,0x00,0x00,0x00,0x00,0x00,0x00,0x00,0x00,0x00,0x00,0x00,0x00,0x00,0x7e,0x00,0x82,0xbe,0x80,0x00,0x94,0x7d,
    0x29,0x01,0xa5,0xbf,0x00,0x02,0x00,0xf4,0x20,0x00,0x00,0xf8,0x00,0x00,0xc5,0xbf,0x00,0x60,0x00,0xf4,0x00,0x00,0x00,0xf8,
    0x00,0x00,0xc7,0xbf,0x08,0x85,0x04,0xbf,0x19,0x00,0xa2,0xbf,0x08,0x86,0x02,0xbf,0x1a,0x00,0xa1,0xbf,0x08,0x87,0x02,0xbf,
    0x1b,0x00,0xa1,0xbf,0x80,0x3a,0x00,0x7e,0x08,0x88,0x06,0xbf,0x10,0x00,0xa1,0xbf,0x04,0x00,0x10,0xca,0x05,0x00,0x00,0x00,
    0x06,0x00,0x10,0xca,0x07,0x00,0x02,0x02,0x80,0x02,0x08,0x7e,0x7c,0x00,0x0b,0xee,0x00,0x00,0x0c,0x00,0x00,0x00,0x00,0x00,
    0x00,0x00,0xc1,0xbf,0x00,0x80,0x10,0xee,0x00,0x00,0x1c,0x00,0x04,0x00,0x00,0x00,0x00,0x00,0xc0,0xbf,0x7c,0xc0,0x0a,0xee,
    0x00,0x00,0x0c,0x00,0x00,0x00,0x00,0x00,0x80,0x00,0x89,0xbe,0x07,0x00,0xa0,0xbf,0x80,0x00,0x89,0xbe,0x5c,0x00,0xa6,0xbf,
    0xed,0x00,0xa0,0xbf,0x80,0x00,0x89,0xbe,0x03,0x00,0xa6,0xbf,0x57,0x00,0xa0,0xbf,0xc1,0x00,0x89,0xbe,0x55,0x00,0xa0,0xbf,
    0x08,0x85,0x02,0xbf,0x2d,0x00,0xa1,0xbf,0x7e,0x00,0x8a,0xbe,0x80,0x00,0x86,0xbe,0x00,0x00,0xc5,0xbf,0x02,0x00,0x1f,0xd7,
    0x0a,0x00,0x01,0x00,0x7e,0x00,0x87,0xbe,0x01,0x00,0x87,0xbf,0x80,0x04,0x94,0x7d,0x15,0x00,0xa5,0xbf,0x0a,0x18,0x8a,0xbe,
    0x80,0x00,0x8b,0xbe,0xfe,0xff,0x88,0xbf,0x0a,0x81,0x0a,0x8b,0x80,0x02,0x06,0x7e,0xfe,0xff,0x88,0xbf,0x04,0x0a,0x8a,0xaa,
    0xfe,0xff,0x88,0xbf,0x0a,0x3a,0x00,0x7e,0x7c,0x00,0x0b,0xee,0x00,0x00,0x0c,0x00,0x00,0x00,0x00,0x00,0x00,0x00,0xc0,0xbf,
    0x00,0x00,0xc1,0xbf,0x00,0xc0,0x12,0xee,0x00,0x00,0x1c,0x00,0x03,0x00,0x00,0x00,0x00,0x00,0xc0,0xbf,0x7c,0xc0,0x0a,0xee,
    0x00,0x00,0x0c,0x00,0x00,0x00,0x00,0x00,0x00,0x00,0xc5,0xbf,0x7e,0x07,0x7e,0x8c,0x81,0x04,0x04,0x36,0x01,0x05,0x0e,0x7e,
    0x00,0x05,0x14,0x7e,0x23,0x01,0x87,0xbf,0x03,0x00,0x2c,0xd7,0x05,0x04,0x02,0x00,0x02,0x00,0x2c,0xd7,0x04,0x04,0x02,0x00,
    0x07,0x06,0x02,0x3a,0xff,0xf1,0x88,0xbf,0x02,0x00,0x87,0xbf,0x0a,0x04,0x00,0x3a,0x01,0x00,0xa0,0xbf,0xc1,0x00,0x86,0xbe,
    0x09,0x00,0x87,0xbf,0x7e,0x06,0x6a,0x8b,0x22,0x00,0xa3,0xbf,0x00,0x00,0xc5,0xbf,0x00,0x00,0x1f,0xd7,0x7e,0x00,0x01,0x00,
    0x01,0x00,0x87,0xbf,0x80,0x00,0x94,0x7c,0x6a,0x20,0x86,0xbe,0x0e,0x00,0xa5,0xbf,0x04,0x3a,0x00,0x7e,0x80,0x02,0x04,0x7e,
    0x7c,0x00,0x0b,0xee,0x00,0x00,0x0c,0x00,0x00,0x00,0x00,0x00,0x00,0x00,0xc0,0xbf,0x00,0x00,0xc1,0xbf,0x00,0x80,0x12,0xee,
    0x00,0x00,0x1c,0x00,0x02,0x00,0x00,0x00,0x00,0x00,0xc0,0xbf,0x7c,0xc0,0x0a,0xee,0x00,0x00,0x0c,0x00,0x00,0x00,0x00,0x00,
    0x00,0x00,0xc5,0xbf,0xfe,0xff,0x88,0xbf,0x7e,0x06,0x7e,0x8c,0x01,0x05,0x0c,0x7e,0x00,0x05,0x0e,0x7e,0x00,0x00,0x01,0xd5,
    0x05,0x00,0xa9,0x01,0x02,0x00,0x01,0xd5,0x04,0x00,0xa9,0x01,0xff,0xf1,0x88,0xbf,0x12,0x01,0x87,0xbf,0x06,0x00,0x02,0x38,
    0x07,0x04,0x00,0x38,0x92,0x00,0xa0,0xbf,0x08,0x82,0x02,0xbf,0x28,0x00,0xa1,0xbf,0x08,0x83,0x02,0xbf,0x27,0x00,0xa1,0xbf,
    0x00,0x00,0xc5,0xbf,0x00,0x00,0x1f,0xd7,0x7e,0x00,0x01,0x00,0x80,0x00,0x86,0xbe,0x01,0x00,0x87,0xbf,0x80,0x00,0x94,0x7c,
    0x6a,0x20,0x87,0xbe,0x0e,0x00,0xa5,0xbf,0x04,0x3a,0x00,0x7e,0x80,0x02,0x04,0x7e,0x7c,0x00,0x0b,0xee,0x00,0x00,0x0c,0x00,
    0x00,0x00,0x00,0x00,0x00,0x00,0xc0,0xbf,0x00,0x00,0xc1,0xbf,0x00,0x40,0x12,0xee,0x00,0x00,0x1c,0x00,0x02,0x00,0x00,0x00,
    0x00,0x00,0xc0,0xbf,0x7c,0xc0,0x0a,0xee,0x00,0x00,0x0c,0x00,0x00,0x00,0x00,0x00,0x00,0x00,0xc5,0xbf,0x7e,0x07,0x7e,0x8c,
    0x01,0x05,0x0e,0x7e,0x00,0x05,0x14,0x7e,0x00,0x00,0x01,0xd5,0x05,0x82,0xa9,0x01,0x02,0x00,0x01,0xd5,0x04,0x82,0xa9,0x01,
    0x12,0x01,0x87,0xbf,0x07,0x00,0x02,0x36,0x0a,0x04,0x00,0x36,0x7e,0x06,0x6a,0x8b,0xfe,0xff,0x88,0xbf,0x04,0x00,0xa4,0xbf,
    0x32,0x00,0xa5,0xbf,0x68,0x00,0xa0,0xbf,0x30,0x00,0xa0,0xbf,0xfc,0xff,0xa5,0xbf,0x7e,0x00,0x86,0xbe,0x80,0x00,0x87,0xbe,
    0x00,0x00,0xc5,0xbf,0xfe,0xff,0x88,0xbf,0x02,0x00,0x1f,0xd7,0x06,0x00,0x01,0x00,0x7e,0x00,0x8a,0xbe,0x01,0x00,0x87,0xbf,
    0x80,0x04,0x94,0x7d,0x12,0x00,0xa5,0xbf,0x06,0x18,0x86,0xbe,0x80,0x02,0x06,0x7e,0xfe,0xff,0x88,0xbf,0x04,0x06,0x86,0xaa,
    0xfe,0xff,0x88,0xbf,0x06,0x3a,0x00,0x7e,0x7c,0x00,0x0b,0xee,0x00,0x00,0x0c,0x00,0x00,0x00,0x00,0x00,0x00,0x00,0xc0,0xbf,
    0x00,0x00,0xc1,0xbf,0x00,0x00,0x11,0xee,0x00,0x00,0x1c,0x00,0x03,0x00,0x00,0x00,0x00,0x00,0xc0,0xbf,0x7c,0xc0,0x0a,0xee,
    0x00,0x00,0x0c,0x00,0x00,0x00,0x00,0x00,0x00,0x00,0xc5,0xbf,0xfe,0xff,0x88,0xbf,0x7e,0x0a,0x7e,0x8c,0x04,0x7c,0xfe,0xd6,
    0x04,0x04,0x02,0x02,0x00,0x05,0x0c,0x7e,0x01,0x05,0x0e,0x7e,0xa3,0x01,0x87,0xbf,0x05,0x03,0x0c,0x7e,0xff,0xf1,0x88,0xbf,
    0x00,0x6a,0x01,0xd7,0x06,0x08,0x02,0x00,0xa2,0x00,0x87,0xbf,0x02,0x7c,0xfe,0xd6,0x05,0x04,0x1a,0x04,0xfd,0xff,0x88,0xbf,
    0x01,0x7c,0x21,0xd5,0x07,0x04,0xaa,0x01,0x37,0x00,0xa6,0xbf,0x08,0x81,0x02,0xbf,0x2c,0x00,0xa1,0xbf,0x7e,0x00,0x8a,0xbe,
    0x80,0x00,0x86,0xbe,0x00,0x00,0xc5,0xbf,0xfe,0xff,0x88,0xbf,0x02,0x00,0x1f,0xd7,0x0a,0x00,0x01,0x00,0x7e,0x00,0x87,0xbe,
    0x01,0x00,0x87,0xbf,0x80,0x04,0x94,0x7d,0x13,0x00,0xa5,0xbf,0x0a,0x18,0x8a,0xbe,0x80,0x00,0x8b,0xbe,0x80,0x02,0x06,0x7e,
    0xfe,0xff,0x88,0xbf,0x04,0x0a,0x8a,0xaa,0xfe,0xff,0x88,0xbf,0x0a,0x3a,0x00,0x7e,0x7c,0x00,0x0b,0xee,0x00,0x00,0x0c,0x00,
    0x00,0x00,0x00,0x00,0x00,0x00,0xc0,0xbf,0x00,0x00,0xc1,0xbf,0x00,0xc0,0x10,0xee,0x00,0x00,0x1c,0x00,0x03,0x00,0x00,0x00,
    0x00,0x00,0xc0,0xbf,0x7c,0xc0,0x0a,0xee,0x00,0x00,0x0c,0x00,0x00,0x00,0x00,0x00,0x00,0x00,0xc5,0xbf,0xfe,0xff,0x88,0xbf,
    0x7e,0x07,0x7e,0x8c,0x01,0x05,0x16,0x7e,0x00,0x05,0x14,0x7e,0xff,0xf1,0x88,0xbf,0x91,0x00,0x87,0xbf,0x00,0x7c,0xfe,0xd6,
    0x04,0x04,0x2a,0x00,0x01,0x03,0x08,0x7e,0x91,0x00,0x87,0xbf,0x02,0x7c,0xfe,0xd6,0x05,0x04,0x12,0x04,0x02,0x03,0x02,0x7e,
    0x01,0x00,0xa0,0xbf,0xc1,0x00,0x86,0xbe,0xfe,0xff,0x88,0xbf,0x7e,0x06,0x6a,0x8b,0xfe,0xff,0x88,0xbf,0x04,0x00,0xa3,0xbf,
    0x00,0x00,0xc5,0xbf,0x80,0x3a,0x00,0x7e,0x08,0x81,0x06,0xbf,0xc1,0x80,0x09,0x98,0x09,0x00,0x87,0xbf,0x7e,0x09,0x6a,0x8b,
    0xfe,0xff,0x88,0xbf,0x0f,0x00,0xa3,0xbf,0x00,0x00,0xc5,0xbf,0x04,0x3a,0x00,0x7e,0x80,0x02,0x04,0x7e,0x7c,0x00,0x0b,0xee,
    0x00,0x00,0x0c,0x00,0x00,0x00,0x00,0x00,0x00,0x00,0xc0,0xbf,0x00,0x00,0xc1,0xbf,0x00,0x40,0x10,0xee,0x00,0x00,0x1c,0x00,
    0x02,0x00,0x00,0x00,0x00,0x00,0xc0,0xbf,0x7c,0xc0,0x0a,0xee,0x00,0x00,0x0c,0x00,0x00,0x00,0x00,0x00,0x00,0x00,0xc5,0xbf,
    0x80,0x02,0x04,0x7e,0x02,0xc0,0x06,0xee,0x00,0x00,0x00,0x00,0x02,0x00,0x00,0x00,0x00,0x00,0xb0,0xbf,0x00,0x00,0xc8,0xbf,
    0x00,0x00,0xc7,0xbf,0xff,0x3e,0x12,0x36,0xff,0x03,0x00,0x00,0x7e,0x00,0x80,0xbe,0x01,0x00,0x87,0xbf,0x80,0x12,0x94,0x7d,
    0xc5,0x00,0xa5,0xbf,0x80,0x00,0x81,0xbe,0x7e,0x00,0x82,0xbe,0x84,0x10,0x82,0x7d,0xfe,0xff,0x88,0xbf,0x7e,0x02,0x02,0x8d,
    0x4c,0x00,0xa5,0xbf,0x7e,0x00,0x83,0xbe,0x86,0x10,0x82,0x7d,0xfe,0xff,0x88,0xbf,0x7e,0x03,0x03,0x8d,0x1c,0x00,0xa5,0xbf,
    0xc1,0x00,0x84,0xbe,0x7e,0x00,0x81,0xbe,0x87,0x10,0x82,0x7d,0x14,0x00,0xa5,0xbf,0x80,0x3a,0x14,0x7e,0x7e,0x00,0x84,0xbe,
    0x88,0x10,0x94,0x7d,0x0b,0x00,0xa5,0xbf,0x7c,0x00,0x0b,0xee,0x00,0x00,0x0c,0x00,0x00,0x00,0x00,0x00,0x00,0x00,0xc1,0xbf,
    0x7c,0x80,0x10,0xee,0x0a,0x00,0x1c,0x02,0x00,0x00,0x00,0x00,0x00,0x00,0xc0,0xbf,0x7c,0xc0,0x0a,0xee,0x00,0x00,0x0c,0x00,
    0x00,0x00,0x00,0x00,0x00,0x00,0xc5,0xbf,0xfe,0xff,0x88,0xbf,0x7e,0x04,0x7e,0x8c,0x09,0x00,0x87,0xbf,0x7e,0xc1,0x04,0x8d,
    0xfe,0xff,0x88,0xbf,0x7e,0x01,0x7e,0x8c,0x09,0x00,0x87,0xbf,0x04,0x7e,0x01,0x8b,0xfe,0xff,0x88,0xbf,0x03,0x30,0x83,0xbe,
    0x24,0x00,0xa5,0xbf,0x7e,0x00,0x84,0xbe,0x85,0x10,0x82,0x7d,0xfe,0xff,0x88,0xbf,0x7e,0x04,0x04,0x8d,0x0c,0x00,0xa5,0xbf,
    0x7c,0x00,0x0b,0xee,0x00,0x00,0x0c,0x00,0x00,0x00,0x00,0x00,0x00,0x00,0xc0,0xbf,0x00,0x00,0xc1,0xbf,0x7c,0xc0,0x12,0xee,
    0x0a,0x00,0x1c,0x02,0x00,0x00,0x00,0x00,0x00,0x00,0xc0,0xbf,0x7c,0xc0,0x0a,0xee,0x00,0x00,0x0c,0x00,0x00,0x00,0x00,0x00,
    0x00,0x00,0xc5,0xbf,0xfe,0xff,0x88,0xbf,0x04,0x30,0x84,0xbe,0x0c,0x00,0xa5,0xbf,0x7c,0x00,0x0b,0xee,0x00,0x00,0x0c,0x00,
    0x00,0x00,0x00,0x00,0x00,0x00,0xc0,0xbf,0x00,0x00,0xc1,0xbf,0x7c,0x80,0x12,0xee,0x0a,0x00,0x1c,0x02,0x00,0x00,0x00,0x00,
    0x00,0x00,0xc0,0xbf,0x7c,0xc0,0x0a,0xee,0x00,0x00,0x0c,0x00,0x00,0x00,0x00,0x00,0x00,0x00,0xc5,0xbf,0xfe,0xff,0x88,0xbf,
    0x7e,0x04,0x7e,0x8c,0xfe,0xff,0x88,0xbf,0x7e,0x03,0x7e,0x8c,0x09,0x00,0x87,0xbf,0x01,0x7e,0x01,0x8b,0xfe,0xff,0x88,0xbf,
    0x02,0x30,0x82,0xbe,0x5a,0x00,0xa5,0xbf,0x7e,0x00,0x83,0xbe,0x82,0x10,0x82,0x7d,0xfe,0xff,0x88,0xbf,0x7e,0x03,0x03,0x8d,
    0x24,0x00,0xa5,0xbf,0x7e,0x00,0x84,0xbe,0x83,0x10,0x82,0x7d,0xfe,0xff,0x88,0xbf,0x7e,0x04,0x04,0x8d,0x0c,0x00,0xa5,0xbf,
    0x7c,0x00,0x0b,0xee,0x00,0x00,0x0c,0x00,0x00,0x00,0x00,0x00,0x00,0x00,0xc0,0xbf,0x00,0x00,0xc1,0xbf,0x7c,0x40,0x12,0xee,
    0x0a,0x00,0x1c,0x02,0x00,0x00,0x00,0x00,0x00,0x00,0xc0,0xbf,0x7c,0xc0,0x0a,0xee,0x00,0x00,0x0c,0x00,0x00,0x00,0x00,0x00,
    0x00,0x00,0xc5,0xbf,0xfe,0xff,0x88,0xbf,0x04,0x30,0x84,0xbe,0x0c,0x00,0xa5,0xbf,0x7c,0x00,0x0b,0xee,0x00,0x00,0x0c,0x00,
    0x00,0x00,0x00,0x00,0x00,0x00,0xc0,0xbf,0x00,0x00,0xc1,0xbf,0x7c,0x00,0x11,0xee,0x0a,0x00,0x1c,0x02,0x00,0x00,0x00,0x00,
    0x00,0x00,0xc0,0xbf,0x7c,0xc0,0x0a,0xee,0x00,0x00,0x0c,0x00,0x00,0x00,0x00,0x00,0x00,0x00,0xc5,0xbf,0xfe,0xff,0x88,0xbf,
    0x7e,0x04,0x7e,0x8c,0xfe,0xff,0x88,0xbf,0x03,0x22,0x83,0xbe,0x01,0x00,0x84,0xbe,0xfe,0xff,0x88,0xbf,0x7e,0x03,0x7e,0x8d,
    0x24,0x00,0xa5,0xbf,0x7e,0x00,0x84,0xbe,0x81,0x10,0x82,0x7d,0xfe,0xff,0x88,0xbf,0x7e,0x04,0x04,0x8d,0x0c,0x00,0xa5,0xbf,
    0x7c,0x00,0x0b,0xee,0x00,0x00,0x0c,0x00,0x00,0x00,0x00,0x00,0x00,0x00,0xc0,0xbf,0x00,0x00,0xc1,0xbf,0x7c,0xc0,0x10,0xee,
    0x0a,0x00,0x1c,0x02,0x00,0x00,0x00,0x00,0x00,0x00,0xc0,0xbf,0x7c,0xc0,0x0a,0xee,0x00,0x00,0x0c,0x00,0x00,0x00,0x00,0x00,
    0x00,0x00,0xc5,0xbf,0xfe,0xff,0x88,0xbf,0x04,0x22,0x84,0xbe,0x01,0x00,0x85,0xbe,0xfe,0xff,0x88,0xbf,0x7e,0x04,0x7e,0x8d,
    0x81,0x10,0x94,0x7c,0x80,0x3a,0x14,0x7e,0x01,0x7e,0x05,0x91,0x6a,0x7e,0x06,0x8b,0xfe,0xff,0x88,0xbf,0x05,0x06,0x05,0x8c,
    0x7e,0x04,0x7e,0x8c,0x09,0x00,0x87,0xbf,0x01,0x7e,0x04,0x91,0xfe,0xff,0x88,0xbf,0x05,0x7e,0x05,0x8b,0xfe,0xff,0x88,0xbf,
    0x04,0x05,0x04,0x8c,0x7e,0x03,0x7e,0x8c,0x09,0x00,0x87,0xbf,0x01,0x7e,0x01,0x91,0xfe,0xff,0x88,0xbf,0x04,0x7e,0x03,0x8b,
    0xfe,0xff,0x88,0xbf,0x01,0x03,0x01,0x8c,0xfe,0xff,0x88,0xbf,0x7e,0x02,0x7e,0x8c,0x01,0x20,0x82,0xbe,0x0c,0x00,0xa5,0xbf,
    0x7c,0x00,0x0b,0xee,0x00,0x00,0x0c,0x00,0x00,0x00,0x00,0x00,0x00,0x00,0xc0,0xbf,0x00,0x00,0xc1,0xbf,0x7c,0x40,0x10,0xee,
    0x0a,0x00,0x1c,0x02,0x00,0x00,0x00,0x00,0x00,0x00,0xc0,0xbf,0x7c,0xc0,0x0a,0xee,0x00,0x00,0x0c,0x00,0x00,0x00,0x00,0x00,
    0x00,0x00,0xc5,0xbf,0xfe,0xff,0x88,0xbf,0x7e,0x02,0x7e,0x8c,0x7c,0xc0,0x06,0xee,0x00,0x00,0x00,0x05,0x02,0x00,0x00,0x00,
    0x00,0x00,0xc5,0xbf,0xfe,0xff,0x88,0xbf,0x7e,0x00,0x7e,0x8c,0x00,0x00,0xc0,0xbf,0x1e,0x48,0x80,0xbe,0x00,0x00,0x9f,0xbf,
    0x00,0x00,0x9f,0xbf,0x00,0x00,0x9f,0xbf,0x00,0x00,0x9f,0xbf,0x00,0x00,0x9f,0xbf,0x00,0x00,0x9f,0xbf,0x00,0x00,0x9f,0xbf,
    0x00,0x00,0x9f,0xbf,0x00,0x00,0x9f,0xbf,0x00,0x00,0x9f,0xbf,0x00,0x00,0x9f,0xbf,0x00,0x00,0x9f,0xbf,0x00,0x00,0x9f,0xbf,
    0x00,0x00,0x9f,0xbf,0x00,0x00,0x9f,0xbf,0x00,0x00,0x9f,0xbf,0x00,0x00,0x9f,0xbf,0x00,0x00,0x9f,0xbf,0x00,0x00,0x9f,0xbf,
    0x00,0x00,0x9f,0xbf,0x00,0x00,0x9f,0xbf,0x00,0x00,0x9f,0xbf,0x00,0x00,0x9f,0xbf,0x00,0x00,0x9f,0xbf,0x00,0x00,0x9f,0xbf,
    0x00,0x00,0x9f,0xbf,0x00,0x00,0x9f,0xbf,0x00,0x00,0x9f,0xbf,0x00,0x00,0x9f,0xbf,0x00,0x00,0x9f,0xbf,0x00,0x00,0x9f,0xbf,
    0x00,0x00,0x9f,0xbf,0x00,0x00,0x9f,0xbf,0x00,0x00,0x9f,0xbf,0x00,0x00,0x9f,0xbf,0x00,0x00,0x9f,0xbf,0x00,0x00,0x9f,0xbf,
    0x00,0x00,0x9f,0xbf,0x00,0x00,0x9f,0xbf,0x00,0x00,0x9f,0xbf,0x00,0x00,0x9f,0xbf,0x00,0x00,0x9f,0xbf,0x00,0x00,0x9f,0xbf,
    0x00,0x00,0x9f,0xbf,0x00,0x00,0x9f,0xbf,0x00,0x00,0x9f,0xbf,0x00,0x00,0x9f,0xbf,0x00,0x00,0x9f,0xbf,0x00,0x00,0x9f,0xbf,
    0x00,0x00,0x9f,0xbf,0x00,0x00,0x9f,0xbf,0x00,0x00,0x9f,0xbf,0x00,0x00,0x9f,0xbf,0x00,0x00,0x9f,0xbf,0x00,0x00,0x9f,0xbf,
    0x00,0x00,0x9f,0xbf,0x00,0x00,0x9f,0xbf,0x00,0x00,0x9f,0xbf,0x00,0x00,0x9f,0xbf,0x00,0x00,0x9f,0xbf,0x00,0x00,0x9f,0xbf,
    0x00,0x00,0x9f,0xbf,0x00,0x00,0x9f,0xbf,0x00,0x00,0x9f,0xbf,0x00,0x00,0x9f,0xbf,0x00,0x00,0x9f,0xbf,0x00,0x00,0x9f,0xbf,
    0x00,0x00,0x9f,0xbf,0x00,0x00,0x9f,0xbf,0x00,0x00,0x9f,0xbf,0x00,0x00,0x9f,0xbf,0x00,0x00,0x9f,0xbf,0x00,0x00,0x9f,0xbf,
    0x00,0x00,0x9f,0xbf,0x00,0x00,0x9f,0xbf,0x00,0x00,0x9f,0xbf,0x00,0x00,0x9f,0xbf,0x00,0x00,0x9f,0xbf,0x00,0x00,0x9f,0xbf,
    0x00,0x00,0x9f,0xbf,0x00,0x00,0x9f,0xbf,0x00,0x00,0x9f,0xbf,0x00,0x00,0x9f,0xbf,0x00,0x00,0x9f,0xbf,0x00,0x00,0x9f,0xbf,
    0x00,0x00,0x9f,0xbf,0x00,0x00,0x9f,0xbf,0x00,0x00,0x9f,0xbf,0x00,0x00,0x9f,0xbf,0x00,0x00,0x9f,0xbf,0x00,0x00,0x9f,0xbf,
    0x00,0x00,0x9f,0xbf,0x00,0x00,0x9f,0xbf,0x00,0x00,0x9f,0xbf,0x00,0x00,0x9f,0xbf,0x00,0x00,0x9f,0xbf,0x00,0x00,0x9f,0xbf,
    0x06,0x00,0x00,0x00,0x00,0x00,0x00,0x00,0x28,0x05,0x00,0x00,0x00,0x00,0x00,0x00,0x0b,0x00,0x00,0x00,0x00,0x00,0x00,0x00,
    0x18,0x00,0x00,0x00,0x00,0x00,0x00,0x00,0x05,0x00,0x00,0x00,0x00,0x00,0x00,0x00,0xd8,0x05,0x00,0x00,0x00,0x00,0x00,0x00,
    0x0a,0x00,0x00,0x00,0x00,0x00,0x00,0x00,0x4c,0x00,0x00,0x00,0x00,0x00,0x00,0x00,0xf5,0xfe,0xff,0x6f,0x00,0x00,0x00,0x00,
    0x88,0x05,0x00,0x00,0x00,0x00,0x00,0x00,0x04,0x00,0x00,0x00,0x00,0x00,0x00,0x00,0xb0,0x05,0x00,0x00,0x00,0x00,0x00,0x00,
    0x00,0x00,0x00,0x00,0x00,0x00,0x00,0x00,0x00,0x00,0x00,0x00,0x00,0x00,0x00,0x00,0x48,0x6f,0x6d,0x65,0x62,0x72,0x65,0x77,
    0x20,0x63,0x6c,0x61,0x6e,0x67,0x20,0x76,0x65,0x72,0x73,0x69,0x6f,0x6e,0x20,0x32,0x31,0x2e,0x31,0x2e,0x38,0x00,0x00,0x4c,
    0x69,0x6e,0x6b,0x65,0x72,0x3a,0x20,0x48,0x6f,0x6d,0x65,0x62,0x72,0x65,0x77,0x20,0x4c,0x4c,0x44,0x20,0x32,0x31,0x2e,0x31,
    0x2e,0x38,0x00,0x00,0x00,0x00,0x00,0x00,0x00,0x00,0x00,0x00,0x00,0x00,0x00,0x00,0x00,0x00,0x00,0x00,0x00,0x00,0x00,0x00,
    0x00,0x00,0x00,0x00,0x00,0x00,0x00,0x00,0x01,0x00,0x00,0x00,0x00,0x00,0xf1,0xff,0x00,0x00,0x00,0x00,0x00,0x00,0x00,0x00,
    0x00,0x00,0x00,0x00,0x00,0x00,0x00,0x00,0x23,0x00,0x00,0x00,0x00,0x00,0xf1,0xff,0x00,0x00,0x00,0x00,0x00,0x00,0x00,0x00,
    0x00,0x00,0x00,0x00,0x00,0x00,0x00,0x00,0x3d,0x00,0x00,0x00,0x00,0x00,0xf1,0xff,0x08,0x00,0x00,0x00,0x00,0x00,0x00,0x00,
    0x00,0x00,0x00,0x00,0x00,0x00,0x00,0x00,0x57,0x00,0x00,0x00,0x00,0x00,0xf1,0xff,0x0c,0x00,0x00,0x00,0x00,0x00,0x00,0x00,
    0x00,0x00,0x00,0x00,0x00,0x00,0x00,0x00,0x76,0x00,0x00,0x00,0x00,0x00,0xf1,0xff,0x01,0x00,0x00,0x00,0x00,0x00,0x00,0x00,
    0x00,0x00,0x00,0x00,0x00,0x00,0x00,0x00,0x90,0x00,0x00,0x00,0x00,0x00,0xf1,0xff,0x00,0x00,0x00,0x00,0x00,0x00,0x00,0x00,
    0x00,0x00,0x00,0x00,0x00,0x00,0x00,0x00,0xb3,0x00,0x00,0x00,0x00,0x00,0xf1,0xff,0x00,0x00,0x00,0x00,0x00,0x00,0x00,0x00,
    0x00,0x00,0x00,0x00,0x00,0x00,0x00,0x00,0xd8,0x00,0x00,0x00,0x00,0x00,0xf1,0xff,0x00,0x00,0x00,0x00,0x00,0x00,0x00,0x00,
    0x00,0x00,0x00,0x00,0x00,0x00,0x00,0x00,0x42,0x01,0x00,0x00,0x00,0x02,0x08,0x00,0x80,0x30,0x00,0x00,0x00,0x00,0x00,0x00,
    0x00,0x00,0x00,0x00,0x00,0x00,0x00,0x00,0xf7,0x00,0x00,0x00,0x12,0x03,0x07,0x00,0x00,0x17,0x00,0x00,0x00,0x00,0x00,0x00,
    0xb4,0x04,0x00,0x00,0x00,0x00,0x00,0x00,0x08,0x01,0x00,0x00,0x11,0x03,0x06,0x00,0x40,0x06,0x00,0x00,0x00,0x00,0x00,0x00,
    0x40,0x00,0x00,0x00,0x00,0x00,0x00,0x00,0x1c,0x01,0x00,0x00,0x12,0x03,0x07,0x00,0xb4,0x1b,0x00,0x00,0x00,0x00,0x00,0x00,
    0x48,0x03,0x00,0x00,0x00,0x00,0x00,0x00,0x00,0x2e,0x6e,0x6f,0x74,0x65,0x00,0x2e,0x64,0x79,0x6e,0x73,0x79,0x6d,0x00,0x2e,
    0x67,0x6e,0x75,0x2e,0x68,0x61,0x73,0x68,0x00,0x2e,0x68,0x61,0x73,0x68,0x00,0x2e,0x64,0x79,0x6e,0x73,0x74,0x72,0x00,0x2e,
    0x72,0x6f,0x64,0x61,0x74,0x61,0x00,0x2e,0x74,0x65,0x78,0x74,0x00,0x2e,0x64,0x79,0x6e,0x61,0x6d,0x69,0x63,0x00,0x2e,0x72,
    0x65,0x6c,0x72,0x6f,0x5f,0x70,0x61,0x64,0x64,0x69,0x6e,0x67,0x00,0x2e,0x41,0x4d,0x44,0x47,0x50,0x55,0x2e,0x67,0x70,0x72,
    0x5f,0x6d,0x61,0x78,0x69,0x6d,0x75,0x6d,0x73,0x00,0x2e,0x63,0x6f,0x6d,0x6d,0x65,0x6e,0x74,0x00,0x2e,0x73,0x79,0x6d,0x74,
    0x61,0x62,0x00,0x2e,0x73,0x68,0x73,0x74,0x72,0x74,0x61,0x62,0x00,0x2e,0x73,0x74,0x72,0x74,0x61,0x62,0x00,0x00,0x73,0x69,
    0x67,0x6e,0x61,0x6c,0x5f,0x6f,0x70,0x65,0x72,0x61,0x74,0x69,0x6f,0x6e,0x2e,0x70,0x72,0x69,0x76,0x61,0x74,0x65,0x5f,0x73,
    0x65,0x67,0x5f,0x73,0x69,0x7a,0x65,0x00,0x73,0x69,0x67,0x6e,0x61,0x6c,0x5f,0x6f,0x70,0x65,0x72,0x61,0x74,0x69,0x6f,0x6e,
    0x2e,0x6e,0x75,0x6d,0x5f,0x61,0x67,0x70,0x72,0x00,0x73,0x69,0x67,0x6e,0x61,0x6c,0x5f,0x6f,0x70,0x65,0x72,0x61,0x74,0x69,
    0x6f,0x6e,0x2e,0x6e,0x75,0x6d,0x5f,0x76,0x67,0x70,0x72,0x00,0x73,0x69,0x67,0x6e,0x61,0x6c,0x5f,0x6f,0x70,0x65,0x72,0x61,
    0x74,0x69,0x6f,0x6e,0x2e,0x6e,0x75,0x6d,0x62,0x65,0x72,0x65,0x64,0x5f,0x73,0x67,0x70,0x72,0x00,0x73,0x69,0x67,0x6e,0x61,
    0x6c,0x5f,0x6f,0x70,0x65,0x72,0x61,0x74,0x69,0x6f,0x6e,0x2e,0x75,0x73,0x65,0x73,0x5f,0x76,0x63,0x63,0x00,0x73,0x69,0x67,
    0x6e,0x61,0x6c,0x5f,0x6f,0x70,0x65,0x72,0x61,0x74,0x69,0x6f,0x6e,0x2e,0x75,0x73,0x65,0x73,0x5f,0x66,0x6c,0x61,0x74,0x5f,
    0x73,0x63,0x72,0x61,0x74,0x63,0x68,0x00,0x73,0x69,0x67,0x6e,0x61,0x6c,0x5f,0x6f,0x70,0x65,0x72,0x61,0x74,0x69,0x6f,0x6e,
    0x2e,0x68,0x61,0x73,0x5f,0x64,0x79,0x6e,0x5f,0x73,0x69,0x7a,0x65,0x64,0x5f,0x73,0x74,0x61,0x63,0x6b,0x00,0x73,0x69,0x67,
    0x6e,0x61,0x6c,0x5f,0x6f,0x70,0x65,0x72,0x61,0x74,0x69,0x6f,0x6e,0x2e,0x68,0x61,0x73,0x5f,0x72,0x65,0x63,0x75,0x72,0x73,
    0x69,0x6f,0x6e,0x00,0x73,0x69,0x67,0x6e,0x61,0x6c,0x5f,0x6f,0x70,0x65,0x72,0x61,0x74,0x69,0x6f,0x6e,0x00,0x73,0x69,0x67,
    0x6e,0x61,0x6c,0x5f,0x6f,0x70,0x65,0x72,0x61,0x74,0x69,0x6f,0x6e,0x2e,0x6b,0x64,0x00,0x5f,0x5f,0x63,0x6c,0x61,0x6e,0x67,
    0x5f,0x6f,0x63,0x6c,0x5f,0x6b,0x65,0x72,0x6e,0x5f,0x69,0x6d,0x70,0x5f,0x73,0x69,0x67,0x6e,0x61,0x6c,0x5f,0x6f,0x70,0x65,
    0x72,0x61,0x74,0x69,0x6f,0x6e,0x00,0x5f,0x44,0x59,0x4e,0x41,0x4d,0x49,0x43,0x00,0x00,0x00,0x00,0x00,0x00,0x00,0x00,0x00,
    0x00,0x00,0x00,0x00,0x00,0x00,0x00,0x00,0x00,0x00,0x00,0x00,0x00,0x00,0x00,0x00,0x00,0x00,0x00,0x00,0x00,0x00,0x00,0x00,
    0x00,0x00,0x00,0x00,0x00,0x00,0x00,0x00,0x00,0x00,0x00,0x00,0x00,0x00,0x00,0x00,0x00,0x00,0x00,0x00,0x00,0x00,0x00,0x00,
    0x00,0x00,0x00,0x00,0x00,0x00,0x00,0x00,0x01,0x00,0x00,0x00,0x07,0x00,0x00,0x00,0x02,0x00,0x00,0x00,0x00,0x00,0x00,0x00,
    0x00,0x02,0x00,0x00,0x00,0x00,0x00,0x00,0x00,0x02,0x00,0x00,0x00,0x00,0x00,0x00,0x28,0x03,0x00,0x00,0x00,0x00,0x00,0x00,
    0x00,0x00,0x00,0x00,0x00,0x00,0x00,0x00,0x04,0x00,0x00,0x00,0x00,0x00,0x00,0x00,0x00,0x00,0x00,0x00,0x00,0x00,0x00,0x00,
    0x07,0x00,0x00,0x00,0x0b,0x00,0x00,0x00,0x02,0x00,0x00,0x00,0x00,0x00,0x00,0x00,0x28,0x05,0x00,0x00,0x00,0x00,0x00,0x00,
    0x28,0x05,0x00,0x00,0x00,0x00,0x00,0x00,0x60,0x00,0x00,0x00,0x00,0x00,0x00,0x00,0x05,0x00,0x00,0x00,0x01,0x00,0x00,0x00,
    0x08,0x00,0x00,0x00,0x00,0x00,0x00,0x00,0x18,0x00,0x00,0x00,0x00,0x00,0x00,0x00,0x0f,0x00,0x00,0x00,0xf6,0xff,0xff,0x6f,
    0x02,0x00,0x00,0x00,0x00,0x00,0x00,0x00,0x88,0x05,0x00,0x00,0x00,0x00,0x00,0x00,0x88,0x05,0x00,0x00,0x00,0x00,0x00,0x00,
    0x28,0x00,0x00,0x00,0x00,0x00,0x00,0x00,0x02,0x00,0x00,0x00,0x00,0x00,0x00,0x00,0x08,0x00,0x00,0x00,0x00,0x00,0x00,0x00,
    0x00,0x00,0x00,0x00,0x00,0x00,0x00,0x00,0x19,0x00,0x00,0x00,0x05,0x00,0x00,0x00,0x02,0x00,0x00,0x00,0x00,0x00,0x00,0x00,
    0xb0,0x05,0x00,0x00,0x00,0x00,0x00,0x00,0xb0,0x05,0x00,0x00,0x00,0x00,0x00,0x00,0x28,0x00,0x00,0x00,0x00,0x00,0x00,0x00,
    0x02,0x00,0x00,0x00,0x00,0x00,0x00,0x00,0x04,0x00,0x00,0x00,0x00,0x00,0x00,0x00,0x04,0x00,0x00,0x00,0x00,0x00,0x00,0x00,
    0x1f,0x00,0x00,0x00,0x03,0x00,0x00,0x00,0x02,0x00,0x00,0x00,0x00,0x00,0x00,0x00,0xd8,0x05,0x00,0x00,0x00,0x00,0x00,0x00,
    0xd8,0x05,0x00,0x00,0x00,0x00,0x00,0x00,0x4c,0x00,0x00,0x00,0x00,0x00,0x00,0x00,0x00,0x00,0x00,0x00,0x00,0x00,0x00,0x00,
    0x01,0x00,0x00,0x00,0x00,0x00,0x00,0x00,0x00,0x00,0x00,0x00,0x00,0x00,0x00,0x00,0x27,0x00,0x00,0x00,0x01,0x00,0x00,0x00,
    0x02,0x00,0x00,0x00,0x00,0x00,0x00,0x00,0x40,0x06,0x00,0x00,0x00,0x00,0x00,0x00,0x40,0x06,0x00,0x00,0x00,0x00,0x00,0x00,
    0x40,0x00,0x00,0x00,0x00,0x00,0x00,0x00,0x00,0x00,0x00,0x00,0x00,0x00,0x00,0x00,0x40,0x00,0x00,0x00,0x00,0x00,0x00,0x00,
    0x00,0x00,0x00,0x00,0x00,0x00,0x00,0x00,0x2f,0x00,0x00,0x00,0x01,0x00,0x00,0x00,0x06,0x00,0x00,0x00,0x00,0x00,0x00,0x00,
    0x00,0x17,0x00,0x00,0x00,0x00,0x00,0x00,0x00,0x07,0x00,0x00,0x00,0x00,0x00,0x00,0x80,0x09,0x00,0x00,0x00,0x00,0x00,0x00,
    0x00,0x00,0x00,0x00,0x00,0x00,0x00,0x00,0x00,0x01,0x00,0x00,0x00,0x00,0x00,0x00,0x00,0x00,0x00,0x00,0x00,0x00,0x00,0x00,
    0x35,0x00,0x00,0x00,0x06,0x00,0x00,0x00,0x03,0x00,0x00,0x00,0x00,0x00,0x00,0x00,0x80,0x30,0x00,0x00,0x00,0x00,0x00,0x00,
    0x80,0x10,0x00,0x00,0x00,0x00,0x00,0x00,0x70,0x00,0x00,0x00,0x00,0x00,0x00,0x00,0x05,0x00,0x00,0x00,0x00,0x00,0x00,0x00,
    0x08,0x00,0x00,0x00,0x00,0x00,0x00,0x00,0x10,0x00,0x00,0x00,0x00,0x00,0x00,0x00,0x3e,0x00,0x00,0x00,0x08,0x00,0x00,0x00,
    0x03,0x00,0x00,0x00,0x00,0x00,0x00,0x00,0xf0,0x30,0x00,0x00,0x00,0x00,0x00,0x00,0xf0,0x10,0x00,0x00,0x00,0x00,0x00,0x00,
    0x10,0x0f,0x00,0x00,0x00,0x00,0x00,0x00,0x00,0x00,0x00,0x00,0x00,0x00,0x00,0x00,0x01,0x00,0x00,0x00,0x00,0x00,0x00,0x00,
    0x00,0x00,0x00,0x00,0x00,0x00,0x00,0x00,0x4d,0x00,0x00,0x00,0x01,0x00,0x00,0x00,0x00,0x00,0x00,0x00,0x00,0x00,0x00,0x00,
    0x00,0x00,0x00,0x00,0x00,0x00,0x00,0x00,0xf0,0x10,0x00,0x00,0x00,0x00,0x00,0x00,0x00,0x00,0x00,0x00,0x00,0x00,0x00,0x00,
    0x00,0x00,0x00,0x00,0x00,0x00,0x00,0x00,0x01,0x00,0x00,0x00,0x00,0x00,0x00,0x00,0x00,0x00,0x00,0x00,0x00,0x00,0x00,0x00,
    0x62,0x00,0x00,0x00,0x01,0x00,0x00,0x00,0x30,0x00,0x00,0x00,0x00,0x00,0x00,0x00,0x00,0x00,0x00,0x00,0x00,0x00,0x00,0x00,
    0xf0,0x10,0x00,0x00,0x00,0x00,0x00,0x00,0x3b,0x00,0x00,0x00,0x00,0x00,0x00,0x00,0x00,0x00,0x00,0x00,0x00,0x00,0x00,0x00,
    0x01,0x00,0x00,0x00,0x00,0x00,0x00,0x00,0x01,0x00,0x00,0x00,0x00,0x00,0x00,0x00,0x6b,0x00,0x00,0x00,0x02,0x00,0x00,0x00,
    0x00,0x00,0x00,0x00,0x00,0x00,0x00,0x00,0x00,0x00,0x00,0x00,0x00,0x00,0x00,0x00,0x30,0x11,0x00,0x00,0x00,0x00,0x00,0x00,
    0x38,0x01,0x00,0x00,0x00,0x00,0x00,0x00,0x0e,0x00,0x00,0x00,0x0a,0x00,0x00,0x00,0x08,0x00,0x00,0x00,0x00,0x00,0x00,0x00,
    0x18,0x00,0x00,0x00,0x00,0x00,0x00,0x00,0x73,0x00,0x00,0x00,0x03,0x00,0x00,0x00,0x00,0x00,0x00,0x00,0x00,0x00,0x00,0x00,
    0x00,0x00,0x00,0x00,0x00,0x00,0x00,0x00,0x68,0x12,0x00,0x00,0x00,0x00,0x00,0x00,0x85,0x00,0x00,0x00,0x00,0x00,0x00,0x00,
    0x00,0x00,0x00,0x00,0x00,0x00,0x00,0x00,0x01,0x00,0x00,0x00,0x00,0x00,0x00,0x00,0x00,0x00,0x00,0x00,0x00,0x00,0x00,0x00,
    0x7d,0x00,0x00,0x00,0x03,0x00,0x00,0x00,0x00,0x00,0x00,0x00,0x00,0x00,0x00,0x00,0x00,0x00,0x00,0x00,0x00,0x00,0x00,0x00,
    0xed,0x12,0x00,0x00,0x00,0x00,0x00,0x00,0x4b,0x01,0x00,0x00,0x00,0x00,0x00,0x00,0x00,0x00,0x00,0x00,0x00,0x00,0x00,0x00,
    0x01,0x00,0x00,0x00,0x00,0x00,0x00,0x00,0x00,0x00,0x00,0x00,0x00,0x00,0x00,0x00,
};
// gfx1250 signal_mailbox_service: e_flags=0x00000449, 8256 bytes
inline constexpr uint8_t signal_mailbox_service[] = {
    0x7f,0x45,0x4c,0x46,0x02,0x01,0x01,0x40,0x04,0x00,0x00,0x00,0x00,0x00,0x00,0x00,0x03,0x00,0xe0,0x00,0x01,0x00,0x00,0x00,
    0x00,0x00,0x00,0x00,0x00,0x00,0x00,0x00,0x40,0x00,0x00,0x00,0x00,0x00,0x00,0x00,0x80,0x1c,0x00,0x00,0x00,0x00,0x00,0x00,
    0x49,0x04,0x00,0x00,0x40,0x00,0x38,0x00,0x08,0x00,0x40,0x00,0x0f,0x00,0x0d,0x00,0x06,0x00,0x00,0x00,0x04,0x00,0x00,0x00,
    0x40,0x00,0x00,0x00,0x00,0x00,0x00,0x00,0x40,0x00,0x00,0x00,0x00,0x00,0x00,0x00,0x40,0x00,0x00,0x00,0x00,0x00,0x00,0x00,
    0xc0,0x01,0x00,0x00,0x00,0x00,0x00,0x00,0xc0,0x01,0x00,0x00,0x00,0x00,0x00,0x00,0x08,0x00,0x00,0x00,0x00,0x00,0x00,0x00,
    0x01,0x00,0x00,0x00,0x04,0x00,0x00,0x00,0x00,0x00,0x00,0x00,0x00,0x00,0x00,0x00,0x00,0x00,0x00,0x00,0x00,0x00,0x00,0x00,
    0x00,0x00,0x00,0x00,0x00,0x00,0x00,0x00,0x80,0x06,0x00,0x00,0x00,0x00,0x00,0x00,0x80,0x06,0x00,0x00,0x00,0x00,0x00,0x00,
    0x00,0x10,0x00,0x00,0x00,0x00,0x00,0x00,0x01,0x00,0x00,0x00,0x05,0x00,0x00,0x00,0x00,0x07,0x00,0x00,0x00,0x00,0x00,0x00,
    0x00,0x17,0x00,0x00,0x00,0x00,0x00,0x00,0x00,0x17,0x00,0x00,0x00,0x00,0x00,0x00,0x80,0x11,0x00,0x00,0x00,0x00,0x00,0x00,
    0x80,0x11,0x00,0x00,0x00,0x00,0x00,0x00,0x00,0x10,0x00,0x00,0x00,0x00,0x00,0x00,0x01,0x00,0x00,0x00,0x06,0x00,0x00,0x00,
    0x80,0x18,0x00,0x00,0x00,0x00,0x00,0x00,0x80,0x38,0x00,0x00,0x00,0x00,0x00,0x00,0x80,0x38,0x00,0x00,0x00,0x00,0x00,0x00,
    0x70,0x00,0x00,0x00,0x00,0x00,0x00,0x00,0x80,0x07,0x00,0x00,0x00,0x00,0x00,0x00,0x00,0x10,0x00,0x00,0x00,0x00,0x00,0x00,
    0x02,0x00,0x00,0x00,0x06,0x00,0x00,0x00,0x80,0x18,0x00,0x00,0x00,0x00,0x00,0x00,0x80,0x38,0x00,0x00,0x00,0x00,0x00,0x00,
    0x80,0x38,0x00,0x00,0x00,0x00,0x00,0x00,0x70,0x00,0x00,0x00,0x00,0x00,0x00,0x00,0x70,0x00,0x00,0x00,0x00,0x00,0x00,0x00,
    0x08,0x00,0x00,0x00,0x00,0x00,0x00,0x00,0x52,0xe5,0x74,0x64,0x04,0x00,0x00,0x00,0x80,0x18,0x00,0x00,0x00,0x00,0x00,0x00,
    0x80,0x38,0x00,0x00,0x00,0x00,0x00,0x00,0x80,0x38,0x00,0x00,0x00,0x00,0x00,0x00,0x70,0x00,0x00,0x00,0x00,0x00,0x00,0x00,
    0x80,0x07,0x00,0x00,0x00,0x00,0x00,0x00,0x01,0x00,0x00,0x00,0x00,0x00,0x00,0x00,0x51,0xe5,0x74,0x64,0x06,0x00,0x00,0x00,
    0x00,0x00,0x00,0x00,0x00,0x00,0x00,0x00,0x00,0x00,0x00,0x00,0x00,0x00,0x00,0x00,0x00,0x00,0x00,0x00,0x00,0x00,0x00,0x00,
    0x00,0x00,0x00,0x00,0x00,0x00,0x00,0x00,0x00,0x00,0x00,0x00,0x00,0x00,0x00,0x00,0x00,0x00,0x00,0x00,0x00,0x00,0x00,0x00,
    0x04,0x00,0x00,0x00,0x04,0x00,0x00,0x00,0x00,0x02,0x00,0x00,0x00,0x00,0x00,0x00,0x00,0x02,0x00,0x00,0x00,0x00,0x00,0x00,
    0x00,0x02,0x00,0x00,0x00,0x00,0x00,0x00,0x00,0x03,0x00,0x00,0x00,0x00,0x00,0x00,0x00,0x03,0x00,0x00,0x00,0x00,0x00,0x00,
    0x04,0x00,0x00,0x00,0x00,0x00,0x00,0x00,0x07,0x00,0x00,0x00,0xec,0x02,0x00,0x00,0x20,0x00,0x00,0x00,0x41,0x4d,0x44,0x47,
    0x50,0x55,0x00,0x00,0x83,0xae,0x61,0x6d,0x64,0x68,0x73,0x61,0x2e,0x6b,0x65,0x72,0x6e,0x65,0x6c,0x73,0x91,0xde,0x00,0x12,
    0xa5,0x2e,0x61,0x72,0x67,0x73,0x94,0x85,0xae,0x2e,0x61,0x64,0x64,0x72,0x65,0x73,0x73,0x5f,0x73,0x70,0x61,0x63,0x65,0xa6,
    0x67,0x6c,0x6f,0x62,0x61,0x6c,0xa7,0x2e,0x6f,0x66,0x66,0x73,0x65,0x74,0x00,0xa5,0x2e,0x73,0x69,0x7a,0x65,0x08,0xaa,0x2e,
    0x74,0x79,0x70,0x65,0x5f,0x6e,0x61,0x6d,0x65,0xa6,0x75,0x6c,0x6f,0x6e,0x67,0x2a,0xab,0x2e,0x76,0x61,0x6c,0x75,0x65,0x5f,
    0x6b,0x69,0x6e,0x64,0xad,0x67,0x6c,0x6f,0x62,0x61,0x6c,0x5f,0x62,0x75,0x66,0x66,0x65,0x72,0x85,0xae,0x2e,0x61,0x64,0x64,
    0x72,0x65,0x73,0x73,0x5f,0x73,0x70,0x61,0x63,0x65,0xa6,0x67,0x6c,0x6f,0x62,0x61,0x6c,0xa7,0x2e,0x6f,0x66,0x66,0x73,0x65,
    0x74,0x08,0xa5,0x2e,0x73,0x69,0x7a,0x65,0x08,0xaa,0x2e,0x74,0x79,0x70,0x65,0x5f,0x6e,0x61,0x6d,0x65,0xa6,0x75,0x6c,0x6f,
    0x6e,0x67,0x2a,0xab,0x2e,0x76,0x61,0x6c,0x75,0x65,0x5f,0x6b,0x69,0x6e,0x64,0xad,0x67,0x6c,0x6f,0x62,0x61,0x6c,0x5f,0x62,
    0x75,0x66,0x66,0x65,0x72,0x84,0xa7,0x2e,0x6f,0x66,0x66,0x73,0x65,0x74,0x10,0xa5,0x2e,0x73,0x69,0x7a,0x65,0x08,0xaa,0x2e,
    0x74,0x79,0x70,0x65,0x5f,0x6e,0x61,0x6d,0x65,0xa5,0x75,0x6c,0x6f,0x6e,0x67,0xab,0x2e,0x76,0x61,0x6c,0x75,0x65,0x5f,0x6b,
    0x69,0x6e,0x64,0xa8,0x62,0x79,0x5f,0x76,0x61,0x6c,0x75,0x65,0x84,0xa7,0x2e,0x6f,0x66,0x66,0x73,0x65,0x74,0x18,0xa5,0x2e,
    0x73,0x69,0x7a,0x65,0x08,0xaa,0x2e,0x74,0x79,0x70,0x65,0x5f,0x6e,0x61,0x6d,0x65,0xa5,0x75,0x6c,0x6f,0x6e,0x67,0xab,0x2e,
    0x76,0x61,0x6c,0x75,0x65,0x5f,0x6b,0x69,0x6e,0x64,0xa8,0x62,0x79,0x5f,0x76,0x61,0x6c,0x75,0x65,0xb9,0x2e,0x67,0x72,0x6f,
    0x75,0x70,0x5f,0x73,0x65,0x67,0x6d,0x65,0x6e,0x74,0x5f,0x66,0x69,0x78,0x65,0x64,0x5f,0x73,0x69,0x7a,0x65,0x00,0xb6,0x2e,
    0x6b,0x65,0x72,0x6e,0x61,0x72,0x67,0x5f,0x73,0x65,0x67,0x6d,0x65,0x6e,0x74,0x5f,0x61,0x6c,0x69,0x67,0x6e,0x08,0xb5,0x2e,
    0x6b,0x65,0x72,0x6e,0x61,0x72,0x67,0x5f,0x73,0x65,0x67,0x6d,0x65,0x6e,0x74,0x5f,0x73,0x69,0x7a,0x65,0x20,0xa9,0x2e,0x6c,
    0x61,0x6e,0x67,0x75,0x61,0x67,0x65,0xa8,0x4f,0x70,0x65,0x6e,0x43,0x4c,0x20,0x43,0xb1,0x2e,0x6c,0x61,0x6e,0x67,0x75,0x61,
    0x67,0x65,0x5f,0x76,0x65,0x72,0x73,0x69,0x6f,0x6e,0x92,0x02,0x00,0xb8,0x2e,0x6d,0x61,0x78,0x5f,0x66,0x6c,0x61,0x74,0x5f,
    0x77,0x6f,0x72,0x6b,0x67,0x72,0x6f,0x75,0x70,0x5f,0x73,0x69,0x7a,0x65,0x20,0xa5,0x2e,0x6e,0x61,0x6d,0x65,0xb6,0x73,0x69,
    0x67,0x6e,0x61,0x6c,0x5f,0x6d,0x61,0x69,0x6c,0x62,0x6f,0x78,0x5f,0x73,0x65,0x72,0x76,0x69,0x63,0x65,0xbb,0x2e,0x70,0x72,
    0x69,0x76,0x61,0x74,0x65,0x5f,0x73,0x65,0x67,0x6d,0x65,0x6e,0x74,0x5f,0x66,0x69,0x78,0x65,0x64,0x5f,0x73,0x69,0x7a,0x65,
    0x00,0xb4,0x2e,0x72,0x65,0x71,0x64,0x5f,0x77,0x6f,0x72,0x6b,0x67,0x72,0x6f,0x75,0x70,0x5f,0x73,0x69,0x7a,0x65,0x93,0x20,
    0x01,0x01,0xab,0x2e,0x73,0x67,0x70,0x72,0x5f,0x63,0x6f,0x75,0x6e,0x74,0x1a,0xb1,0x2e,0x73,0x67,0x70,0x72,0x5f,0x73,0x70,
    0x69,0x6c,0x6c,0x5f,0x63,0x6f,0x75,0x6e,0x74,0x00,0xa7,0x2e,0x73,0x79,0x6d,0x62,0x6f,0x6c,0xb9,0x73,0x69,0x67,0x6e,0x61,
    0x6c,0x5f,0x6d,0x61,0x69,0x6c,0x62,0x6f,0x78,0x5f,0x73,0x65,0x72,0x76,0x69,0x63,0x65,0x2e,0x6b,0x64,0xb3,0x2e,0x75,0x73,
    0x65,0x73,0x5f,0x64,0x79,0x6e,0x61,0x6d,0x69,0x63,0x5f,0x73,0x74,0x61,0x63,0x6b,0xc2,0xab,0x2e,0x76,0x67,0x70,0x72,0x5f,
    0x63,0x6f,0x75,0x6e,0x74,0x12,0xb1,0x2e,0x76,0x67,0x70,0x72,0x5f,0x73,0x70,0x69,0x6c,0x6c,0x5f,0x63,0x6f,0x75,0x6e,0x74,
    0x00,0xaf,0x2e,0x77,0x61,0x76,0x65,0x66,0x72,0x6f,0x6e,0x74,0x5f,0x73,0x69,0x7a,0x65,0x20,0xb9,0x2e,0x77,0x6f,0x72,0x6b,
    0x67,0x72,0x6f,0x75,0x70,0x5f,0x70,0x72,0x6f,0x63,0x65,0x73,0x73,0x6f,0x72,0x5f,0x6d,0x6f,0x64,0x65,0x00,0xad,0x61,0x6d,
    0x64,0x68,0x73,0x61,0x2e,0x74,0x61,0x72,0x67,0x65,0x74,0xba,0x61,0x6d,0x64,0x67,0x63,0x6e,0x2d,0x61,0x6d,0x64,0x2d,0x61,
    0x6d,0x64,0x68,0x73,0x61,0x2d,0x2d,0x67,0x66,0x78,0x31,0x32,0x35,0x30,0xae,0x61,0x6d,0x64,0x68,0x73,0x61,0x2e,0x76,0x65,
    0x72,0x73,0x69,0x6f,0x6e,0x92,0x01,0x02,0x00,0x00,0x00,0x00,0x00,0x00,0x00,0x00,0x00,0x00,0x00,0x00,0x00,0x00,0x00,0x00,
    0x00,0x00,0x00,0x00,0x00,0x00,0x00,0x00,0x01,0x00,0x00,0x00,0x12,0x03,0x07,0x00,0x00,0x17,0x00,0x00,0x00,0x00,0x00,0x00,
    0x38,0x08,0x00,0x00,0x00,0x00,0x00,0x00,0x18,0x00,0x00,0x00,0x11,0x03,0x06,0x00,0x40,0x06,0x00,0x00,0x00,0x00,0x00,0x00,
    0x40,0x00,0x00,0x00,0x00,0x00,0x00,0x00,0x32,0x00,0x00,0x00,0x12,0x03,0x07,0x00,0x38,0x1f,0x00,0x00,0x00,0x00,0x00,0x00,
    0xb0,0x07,0x00,0x00,0x00,0x00,0x00,0x00,0x01,0x00,0x00,0x00,0x01,0x00,0x00,0x00,0x01,0x00,0x00,0x00,0x1a,0x00,0x00,0x00,
    0x80,0x00,0x02,0x08,0x00,0x18,0x00,0x40,0x01,0x00,0x00,0x00,0xbe,0x02,0xfc,0xae,0xda,0xc3,0xfd,0x1e,0x11,0x45,0x69,0xb1,
    0x04,0x00,0x00,0x00,0x04,0x00,0x00,0x00,0x02,0x00,0x00,0x00,0x03,0x00,0x00,0x00,0x00,0x00,0x00,0x00,0x00,0x00,0x00,0x00,
    0x00,0x00,0x00,0x00,0x00,0x00,0x00,0x00,0x00,0x00,0x00,0x00,0x01,0x00,0x00,0x00,0x00,0x73,0x69,0x67,0x6e,0x61,0x6c,0x5f,
    0x6d,0x61,0x69,0x6c,0x62,0x6f,0x78,0x5f,0x73,0x65,0x72,0x76,0x69,0x63,0x65,0x00,0x73,0x69,0x67,0x6e,0x61,0x6c,0x5f,0x6d,
    0x61,0x69,0x6c,0x62,0x6f,0x78,0x5f,0x73,0x65,0x72,0x76,0x69,0x63,0x65,0x2e,0x6b,0x64,0x00,0x5f,0x5f,0x63,0x6c,0x61,0x6e,
    0x67,0x5f,0x6f,0x63,0x6c,0x5f,0x6b,0x65,0x72,0x6e,0x5f,0x69,0x6d,0x70,0x5f,0x73,0x69,0x67,0x6e,0x61,0x6c,0x5f,0x6d,0x61,
    0x69,0x6c,0x62,0x6f,0x78,0x5f,0x73,0x65,0x72,0x76,0x69,0x63,0x65,0x00,0x00,0x00,0x00,0x00,0x00,0x00,0x00,0x00,0x00,0x00,
    0x00,0x00,0x00,0x00,0x00,0x00,0x00,0x00,0x00,0x00,0x00,0x00,0x00,0x00,0x00,0x00,0x00,0x00,0x00,0x00,0x00,0x00,0x00,0x00,
    0x00,0x00,0x00,0x00,0x00,0x00,0x00,0x00,0x00,0x00,0x00,0x00,0x00,0x00,0x00,0x00,0x00,0x00,0x00,0x00,0x00,0x00,0x00,0x00,
    0x20,0x00,0x00,0x00,0x00,0x00,0x00,0x00,0xc0,0x10,0x00,0x00,0x00,0x00,0x00,0x00,0x00,0x00,0x00,0x00,0x00,0x00,0x00,0x00,
    0x00,0x00,0x00,0x00,0x00,0x00,0x00,0x00,0x00,0x00,0x00,0x00,0x10,0x01,0x00,0x00,0xc2,0x00,0x0f,0xc0,0x84,0x00,0x00,0x00,
    0x08,0x04,0x00,0x00,0x00,0x00,0x00,0x00,0x00,0x00,0x00,0x00,0x00,0x00,0x00,0x00,0x00,0x00,0x00,0x00,0x00,0x00,0x00,0x00,
    0x00,0x00,0x00,0x00,0x00,0x00,0x00,0x00,0x00,0x00,0x00,0x00,0x00,0x00,0x00,0x00,0x00,0x00,0x00,0x00,0x00,0x00,0x00,0x00,
    0x00,0x00,0x00,0x00,0x00,0x00,0x00,0x00,0x00,0x00,0x00,0x00,0x00,0x00,0x00,0x00,0x00,0x00,0x00,0x00,0x00,0x00,0x00,0x00,
    0x00,0x00,0x00,0x00,0x00,0x00,0x00,0x00,0x00,0x00,0x00,0x00,0x00,0x00,0x00,0x00,0x00,0x00,0x00,0x00,0x00,0x00,0x00,0x00,
    0x00,0x00,0x00,0x00,0x00,0x00,0x00,0x00,0x00,0x00,0x00,0x00,0x00,0x00,0x00,0x00,0x00,0x00,0x00,0x00,0x00,0x00,0x00,0x00,
    0x00,0x00,0x00,0x00,0x00,0x00,0x00,0x00,0x00,0x00,0x00,0x00,0x00,0x00,0x00,0x00,0x7e,0x00,0x82,0xbe,0x80,0x00,0x94,0x7d,
    0x0a,0x02,0xa5,0xbf,0x00,0x61,0x00,0xf4,0x00,0x00,0x00,0xf8,0x81,0x3a,0x00,0x7e,0x80,0x02,0x18,0x7e,0x81,0x01,0x82,0xbe,
    0xfe,0x01,0x8c,0xbe,0xbf,0xff,0xff,0xff,0xff,0xff,0xff,0xff,0xfe,0x01,0x8e,0xbe,0xc0,0xff,0xff,0xff,0xff,0xff,0xff,0xff,
    0x00,0x00,0xc7,0xbf,0x00,0x00,0x5c,0xd4,0x0a,0x02,0x01,0x00,0x06,0x88,0x86,0xa9,0x04,0xff,0x90,0xa9,0x00,0x10,0x00,0x00,
    0x7c,0x00,0x0b,0xee,0x00,0x00,0x0c,0x00,0x00,0x00,0x00,0x00,0x00,0x00,0xc1,0xbf,0x04,0xc0,0x06,0xee,0x00,0x00,0x0c,0x00,
    0x0c,0x00,0x01,0x00,0x00,0x7e,0x00,0x8b,0x0b,0x80,0x0b,0x98,0x0a,0x81,0x0a,0x98,0x08,0x00,0xa0,0xbf,0xfe,0xff,0x88,0xbf,
    0x14,0x80,0x06,0xbf,0x00,0x00,0xc5,0xbf,0xc1,0x00,0x80,0xbe,0xb7,0x01,0xa2,0xbf,0x7e,0x00,0x6a,0x91,0xfe,0xff,0x88,0xbf,
    0xce,0x01,0xa3,0xbf,0xfe,0xff,0x88,0xbf,0x0a,0x01,0x92,0xbe,0x08,0x00,0xa0,0xbf,0x12,0xc1,0x92,0xa9,0x88,0x00,0x94,0xbe,
    0x12,0x80,0x10,0xbf,0xc1,0x80,0x01,0x98,0x80,0x00,0x95,0xbe,0x7e,0x01,0x6a,0x8b,0xfe,0xff,0x88,0xbf,0x1a,0x00,0xa4,0xbf,
    0x01,0x00,0xc0,0xbf,0x04,0x40,0x05,0xee,0x00,0x00,0x0c,0x00,0x0c,0x00,0x00,0x00,0x00,0x00,0xc0,0xbf,0x7c,0xc0,0x0a,0xee,
    0x00,0x00,0x0c,0x00,0x00,0x00,0x00,0x00,0x04,0x40,0x05,0xee,0x02,0x00,0x0c,0x00,0x0c,0x80,0x01,0x00,0x00,0x00,0xc0,0xbf,
    0x7c,0xc0,0x0a,0xee,0x00,0x00,0x0c,0x00,0x00,0x00,0x00,0x00,0xc1,0x00,0x95,0xbe,0xc1,0x00,0x81,0xbe,0x02,0x00,0xb4,0x7c,
    0x00,0x00,0x5a,0xd4,0x80,0x04,0x02,0x00,0xe8,0xff,0xa4,0xbf,0x7e,0x00,0x6a,0x8b,0xfe,0xff,0x88,0xbf,0xe0,0xff,0xa4,0xbf,
    0x87,0x00,0x94,0xbe,0xe2,0xff,0xa0,0xbf,0x7e,0x15,0x6a,0x8b,0xfe,0xff,0x88,0xbf,0xd0,0xff,0xa3,0xbf,0x7e,0x00,0x6a,0x91,
    0x87,0x00,0x94,0xbe,0xfe,0xff,0x88,0xbf,0xcc,0xff,0xa4,0xbf,0x04,0x40,0x05,0xee,0x00,0x00,0x0c,0x00,0x0c,0x00,0x03,0x00,
    0x89,0x00,0x94,0xbe,0x00,0x00,0xc0,0xbf,0x08,0x00,0xb6,0x7c,0xc5,0xff,0xa4,0xbf,0x04,0x40,0x05,0xee,0x04,0x00,0x0c,0x00,
    0x0c,0x80,0x02,0x00,0x00,0x00,0xc0,0xbf,0x02,0x00,0x52,0xd6,0x04,0x01,0x31,0x00,0x01,0x00,0x87,0xbf,0x0e,0x04,0xb8,0x7c,
    0xbc,0xff,0xa4,0xbf,0x86,0x00,0x00,0x3e,0x04,0x01,0x80,0xbe,0x10,0x01,0x92,0xbe,0x01,0x00,0x87,0xbf,0x06,0x00,0x52,0xd6,
    0x06,0x00,0x01,0x04,0x01,0x00,0xa0,0xbf,0x7a,0x01,0xa0,0xbf,0x00,0x40,0x05,0xee,0x08,0x00,0x0c,0x00,0x0c,0x00,0x04,0x00,
    0x02,0x00,0xc0,0xbf,0x00,0x40,0x05,0xee,0x00,0x00,0x0c,0x00,0x0c,0x08,0x04,0x00,0x02,0x00,0xc0,0xbf,0x00,0x40,0x05,0xee,
    0x02,0x00,0x0c,0x00,0x0c,0x10,0x04,0x00,0x02,0x00,0xc0,0xbf,0x85,0x10,0xa8,0x7c,0x2a,0x00,0xa4,0xbf,0x86,0x10,0xa2,0x7c,
    0x2c,0x00,0xa3,0xbf,0x87,0x10,0xa2,0x7c,0xc1,0x00,0x94,0xbe,0x80,0x00,0x96,0xbe,0x80,0x00,0x95,0xbe,0x2a,0x00,0xa3,0xbf,
    0x88,0x10,0xa2,0x7c,0x54,0x01,0xa3,0xbf,0x89,0x10,0xb4,0x7c,0x80,0x00,0x94,0xbe,0x08,0x00,0xa3,0xbf,0x7c,0x40,0x05,0xee,
    0x0a,0x00,0x0c,0x00,0x06,0x00,0x00,0x00,0x00,0x00,0xc0,0xbf,0x7c,0xc0,0x0a,0xee,0x00,0x00,0x0c,0x00,0x00,0x00,0x00,0x00,
    0xc1,0x00,0x95,0xbe,0xfe,0xff,0x88,0xbf,0x7e,0x14,0x6a,0x8b,0xfe,0xff,0x88,0xbf,0x0d,0x00,0xa3,0xbf,0x7c,0x00,0x0b,0xee,
    0x00,0x00,0x0c,0x00,0x00,0x00,0x00,0x00,0x00,0x00,0xc0,0xbf,0x00,0x00,0xc1,0xbf,0x7c,0x80,0x10,0xee,0x0a,0x00,0x1c,0x00,
    0x06,0x00,0x00,0x00,0x00,0x00,0xc0,0xbf,0x7c,0xc0,0x0a,0xee,0x00,0x00,0x0c,0x00,0x00,0x00,0x00,0x00,0xc1,0x00,0x95,0xbe,
    0x80,0x00,0x94,0xbe,0x7e,0x16,0x6a,0x8b,0xfe,0xff,0x88,0xbf,0x0c,0x00,0xa4,0xbf,0x67,0x00,0xa0,0xbf,0x80,0x00,0x95,0xbe,
    0x80,0x00,0x94,0xbe,0x65,0x00,0xa6,0xbf,0x05,0x01,0xa0,0xbf,0xc1,0x00,0x96,0xbe,0x80,0x00,0x95,0xbe,0x80,0x00,0x94,0xbe,
    0xfe,0xff,0x88,0xbf,0x7e,0x16,0x6a,0x8b,0xfe,0xff,0x88,0xbf,0x5c,0x00,0xa3,0xbf,0x85,0x10,0xa2,0x7c,0xc1,0x00,0x95,0xbe,
    0x35,0x00,0xa3,0xbf,0x7e,0x00,0x96,0xbe,0x7e,0x00,0x95,0xbe,0xfe,0xff,0x88,0xbf,0x0a,0x00,0x1f,0xd7,0x16,0x00,0x01,0x00,
    0x00,0x00,0xc5,0xbf,0x01,0x00,0x87,0xbf,0x80,0x14,0x94,0x7d,0x1c,0x00,0xa5,0xbf,0x16,0x18,0x96,0xbe,0x01,0x00,0xc0,0xbf,
    0x0b,0x00,0x2c,0xd7,0x80,0x00,0x02,0x00,0xfe,0xff,0x88,0xbf,0x16,0x81,0x16,0x8b,0x00,0x00,0xc0,0xbf,0xfe,0xff,0x88,0xbf,
    0x03,0x00,0x2c,0xd7,0x16,0x02,0x02,0x00,0x0d,0x00,0x2d,0xd7,0x16,0x00,0x02,0x00,0x02,0x00,0x2c,0xd7,0x16,0x00,0x02,0x00,
    0x93,0x00,0x87,0xbf,0x03,0x17,0x06,0x4a,0x03,0x1b,0x06,0x4a,0x7c,0x00,0x0b,0xee,0x00,0x00,0x0c,0x00,0x00,0x00,0x00,0x00,
    0x00,0x00,0xc1,0xbf,0x7c,0xc0,0x12,0xee,0x02,0x00,0x1c,0x01,0x06,0x00,0x00,0x00,0x00,0x00,0xc0,0xbf,0x7c,0xc0,0x0a,0xee,
    0x00,0x00,0x0c,0x00,0x00,0x00,0x00,0x00,0x00,0x00,0xc5,0xbf,0x7e,0x15,0x7e,0x8c,0x81,0x14,0x14,0x36,0x00,0x00,0xc0,0xbf,
    0x03,0x05,0x2a,0x7e,0x02,0x05,0x2c,0x7e,0x33,0x01,0x87,0xbf,0x0b,0x00,0x2c,0xd7,0x01,0x15,0x02,0x00,0x0a,0x00,0x2c,0xd7,
    0x00,0x15,0x02,0x00,0xff,0xf1,0x88,0xbf,0x15,0x16,0x16,0x3a,0x02,0x00,0x87,0xbf,0x16,0x14,0x14,0x3a,0x80,0x00,0x95,0xbe,
    0xfe,0xff,0x88,0xbf,0x7e,0x15,0x6a,0x8b,0xfe,0xff,0x88,0xbf,0x1f,0x00,0xa3,0xbf,0x00,0x00,0xc0,0xbf,0x02,0x00,0x1f,0xd7,
    0x7e,0x00,0x01,0x00,0x01,0x00,0x87,0xbf,0x80,0x04,0x94,0x7c,0x6a,0x20,0x95,0xbe,0x0b,0x00,0xa5,0xbf,0x7c,0x00,0x0b,0xee,
    0x00,0x00,0x0c,0x00,0x00,0x00,0x00,0x00,0x00,0x00,0xc1,0xbf,0x7c,0x80,0x12,0xee,0x02,0x00,0x1c,0x00,0x06,0x00,0x00,0x00,
    0x00,0x00,0xc0,0xbf,0x7c,0xc0,0x0a,0xee,0x00,0x00,0x0c,0x00,0x00,0x00,0x00,0x00,0x00,0x00,0xc5,0xbf,0xfe,0xff,0x88,0xbf,
    0x7e,0x15,0x7e,0x8c,0x03,0x05,0x2a,0x7e,0x02,0x05,0x2c,0x7e,0x02,0x00,0x01,0xd5,0x01,0x01,0xa9,0x01,0x03,0x00,0x01,0xd5,
    0x00,0x01,0xa9,0x01,0xff,0xf1,0x88,0xbf,0x12,0x01,0x87,0xbf,0x15,0x04,0x16,0x38,0x16,0x06,0x14,0x38,0xc1,0x00,0x95,0xbe,
    0xa1,0x00,0xa0,0xbf,0x82,0x10,0xa2,0x7c,0xc1,0x00,0x96,0xbe,0x5f,0x00,0xa3,0xbf,0x83,0x10,0xa2,0x7c,0xc1,0x00,0x95,0xbe,
    0x20,0x00,0xa3,0xbf,0x00,0x00,0xc0,0xbf,0x02,0x00,0x1f,0xd7,0x7e,0x00,0x01,0x00,0x01,0x00,0x87,0xbf,0x80,0x04,0x94,0x7c,
    0x6a,0x20,0x95,0xbe,0x0b,0x00,0xa5,0xbf,0x7c,0x00,0x0b,0xee,0x00,0x00,0x0c,0x00,0x00,0x00,0x00,0x00,0x00,0x00,0xc1,0xbf,
    0x7c,0x40,0x12,0xee,0x02,0x00,0x1c,0x00,0x06,0x00,0x00,0x00,0x00,0x00,0xc0,0xbf,0x7c,0xc0,0x0a,0xee,0x00,0x00,0x0c,0x00,
    0x00,0x00,0x00,0x00,0x00,0x00,0xc5,0xbf,0xfe,0xff,0x88,0xbf,0x7e,0x15,0x7e,0x8c,0x03,0x05,0x2a,0x7e,0x02,0x05,0x2c,0x7e,
    0x02,0x00,0x01,0xd5,0x01,0x83,0xa9,0x01,0x03,0x00,0x01,0xd5,0x00,0x83,0xa9,0x01,0xff,0xf1,0x88,0xbf,0x12,0x01,0x87,0xbf,
    0x15,0x04,0x16,0x36,0x16,0x06,0x14,0x36,0x80,0x00,0x95,0xbe,0xfe,0xff,0x88,0xbf,0x7e,0x15,0x6a,0x8b,0xfe,0xff,0x88,0xbf,
    0x36,0x00,0xa3,0xbf,0x7e,0x00,0x96,0xbe,0x7e,0x00,0x95,0xbe,0xfe,0xff,0x88,0xbf,0x0a,0x00,0x1f,0xd7,0x16,0x00,0x01,0x00,
    0x00,0x00,0xc5,0xbf,0x01,0x00,0x87,0xbf,0x80,0x14,0x94,0x7d,0x1a,0x00,0xa5,0xbf,0x16,0x18,0x96,0xbe,0x01,0x00,0xc0,0xbf,
    0x0b,0x00,0x2c,0xd7,0x80,0x00,0x02,0x00,0x00,0x00,0xc0,0xbf,0xfe,0xff,0x88,0xbf,0x03,0x00,0x2c,0xd7,0x16,0x02,0x02,0x00,
    0x0d,0x00,0x2d,0xd7,0x16,0x00,0x02,0x00,0x02,0x00,0x2c,0xd7,0x16,0x00,0x02,0x00,0x93,0x00,0x87,0xbf,0x03,0x17,0x06,0x4a,
    0x03,0x1b,0x06,0x4a,0x7c,0x00,0x0b,0xee,0x00,0x00,0x0c,0x00,0x00,0x00,0x00,0x00,0x00,0x00,0xc1,0xbf,0x7c,0x00,0x11,0xee,
    0x02,0x00,0x1c,0x01,0x06,0x00,0x00,0x00,0x00,0x00,0xc0,0xbf,0x7c,0xc0,0x0a,0xee,0x00,0x00,0x0c,0x00,0x00,0x00,0x00,0x00,
    0x00,0x00,0xc5,0xbf,0x7e,0x15,0x7e,0x8c,0x01,0x00,0xc0,0xbf,0x0e,0x7c,0xfe,0xd6,0x00,0x15,0x02,0x02,0x00,0x00,0xc0,0xbf,
    0x02,0x05,0x2a,0x7e,0x03,0x05,0x2c,0x7e,0x93,0x00,0x87,0xbf,0x0f,0x03,0x20,0x7e,0x10,0x7c,0xfe,0xd6,0x01,0x15,0x42,0x04,
    0xff,0xf1,0x88,0xbf,0x0a,0x6a,0x01,0xd7,0x15,0x1c,0x02,0x00,0xfd,0xff,0x88,0xbf,0x02,0x00,0x87,0xbf,0x0b,0x7c,0x21,0xd5,
    0x16,0x20,0xaa,0x01,0x80,0x00,0x96,0xbe,0xc1,0x00,0x95,0xbe,0xfe,0xff,0x88,0xbf,0x7e,0x16,0x6a,0x91,0xfe,0xff,0x88,0xbf,
    0x3b,0x00,0xa4,0xbf,0x81,0x10,0xa2,0x7c,0xc1,0x00,0x96,0xbe,0x32,0x00,0xa3,0xbf,0x7e,0x00,0x96,0xbe,0x7e,0x00,0x95,0xbe,
    0xfe,0xff,0x88,0xbf,0x0d,0x00,0x1f,0xd7,0x16,0x00,0x01,0x00,0x00,0x00,0xc5,0xbf,0x01,0x00,0x87,0xbf,0x80,0x1a,0x94,0x7d,
    0x1a,0x00,0xa5,0xbf,0x16,0x18,0x96,0xbe,0x01,0x00,0xc0,0xbf,0x0a,0x00,0x2c,0xd7,0x80,0x00,0x02,0x00,0x00,0x00,0xc0,0xbf,
    0xfe,0xff,0x88,0xbf,0x03,0x00,0x2c,0xd7,0x16,0x02,0x02,0x00,0x0b,0x00,0x2d,0xd7,0x16,0x00,0x02,0x00,0x02,0x00,0x2c,0xd7,
    0x16,0x00,0x02,0x00,0x93,0x00,0x87,0xbf,0x03,0x15,0x06,0x4a,0x03,0x17,0x06,0x4a,0x7c,0x00,0x0b,0xee,0x00,0x00,0x0c,0x00,
    0x00,0x00,0x00,0x00,0x00,0x00,0xc1,0xbf,0x7c,0xc0,0x10,0xee,0x02,0x00,0x1c,0x01,0x06,0x00,0x00,0x00,0x00,0x00,0xc0,0xbf,
    0x7c,0xc0,0x0a,0xee,0x00,0x00,0x0c,0x00,0x00,0x00,0x00,0x00,0x00,0x00,0xc5,0xbf,0x7e,0x15,0x7e,0x8c,0x00,0x00,0xc0,0xbf,
    0x03,0x05,0x2e,0x7e,0x02,0x05,0x2c,0x7e,0xc1,0x00,0x95,0xbe,0xff,0xf1,0x88,0xbf,0x0a,0x7c,0xfe,0xd6,0x00,0x1b,0x5a,0x00,
    0x80,0x00,0x96,0xbe,0x0b,0x03,0x04,0x7e,0x91,0x00,0x87,0xbf,0x02,0x7c,0xfe,0xd6,0x01,0x1b,0x0a,0x04,0x02,0x03,0x16,0x7e,
    0xfe,0xff,0x88,0xbf,0x7e,0x16,0x6a,0x8b,0xfe,0xff,0x88,0xbf,0x02,0x00,0xa3,0xbf,0x14,0x00,0x5a,0xd4,0x81,0x10,0x02,0x00,
    0xfe,0xff,0x88,0xbf,0x01,0x00,0x87,0xbf,0x7e,0x14,0x6a,0x8b,0xfe,0xff,0x88,0xbf,0x0d,0x00,0xa3,0xbf,0x7c,0x00,0x0b,0xee,
    0x00,0x00,0x0c,0x00,0x00,0x00,0x00,0x00,0x00,0x00,0xc0,0xbf,0x00,0x00,0xc1,0xbf,0x7c,0x40,0x10,0xee,0x0a,0x00,0x1c,0x00,
    0x06,0x00,0x00,0x00,0x00,0x00,0xc0,0xbf,0x7c,0xc0,0x0a,0xee,0x00,0x00,0x0c,0x00,0x00,0x00,0x00,0x00,0xc1,0x00,0x95,0xbe,
    0xfe,0xff,0x88,0xbf,0x7e,0x15,0x6a,0x91,0xfe,0xff,0x88,0xbf,0x06,0x00,0xa4,0xbf,0x80,0x00,0x94,0xbe,0x12,0xc0,0x06,0xee,
    0x00,0x00,0x0c,0x05,0x0c,0x00,0x00,0x00,0xa3,0xfe,0xa5,0xbf,0x02,0x00,0xa0,0xbf,0x89,0x00,0x94,0xbe,0xa0,0xfe,0xa0,0xbf,
    0x04,0x00,0x52,0xd6,0x04,0x01,0x05,0x03,0x00,0x00,0xc5,0xbf,0x12,0x88,0x92,0xa9,0x00,0x98,0x80,0xa9,0x8a,0x00,0x94,0xbe,
    0x15,0x00,0x5a,0xd4,0x80,0x08,0x02,0x00,0x7e,0x15,0x6a,0x91,0xfe,0xff,0x88,0xbf,0x96,0xfe,0xa4,0xbf,0x0f,0x00,0xa0,0xbf,
    0xfe,0xff,0x88,0xbf,0x7e,0x14,0x6a,0x8b,0xfe,0xff,0x88,0xbf,0xb7,0xfe,0xa4,0xbf,0xc3,0xfe,0xa0,0xbf,0x02,0x81,0x82,0xa9,
    0x82,0x00,0x94,0xbe,0xfe,0xff,0x88,0xbf,0x02,0x80,0x10,0xbf,0xc1,0x80,0x00,0x98,0x09,0x00,0x87,0xbf,0x7e,0x00,0x6a,0x91,
    0xfe,0xff,0x88,0xbf,0x43,0xfe,0xa4,0xbf,0x10,0x00,0xa0,0xbf,0xfe,0xff,0x88,0xbf,0x14,0x8a,0x07,0xbf,0x37,0xfe,0xa2,0xbf,
    0x01,0x00,0xc0,0xbf,0x00,0x00,0xc5,0xbf,0x02,0x3a,0x00,0x7e,0x80,0x00,0x94,0xbe,0x7c,0x00,0x0b,0xee,0x00,0x00,0x0c,0x00,
    0x00,0x00,0x00,0x00,0x00,0x00,0xc0,0xbf,0x00,0x00,0xc1,0xbf,0x04,0xc0,0x06,0xee,0x00,0x00,0x0c,0x00,0x0c,0x80,0x00,0x00,
    0x2a,0xfe,0xa0,0xbf,0x14,0x88,0x02,0xbf,0xc1,0x00,0x80,0xbe,0x01,0x00,0xa1,0xbf,0x80,0x00,0x80,0xbe,0x09,0x00,0x87,0xbf,
    0x7e,0x00,0x6a,0x91,0x83,0x01,0x80,0xbe,0xfe,0xff,0x88,0xbf,0x04,0x00,0xa4,0xbf,0x14,0x88,0x07,0xbf,0x81,0x01,0x80,0xbe,
    0x01,0x00,0xa2,0xbf,0x82,0x01,0x80,0xbe,0x01,0x00,0xc0,0xbf,0x00,0x3a,0x00,0x7e,0x00,0x00,0xc0,0xbf,0x80,0x02,0x04,0x7e,
    0x7c,0x00,0x0b,0xee,0x00,0x00,0x0c,0x00,0x00,0x00,0x00,0x00,0x00,0x00,0xc1,0xbf,0x04,0xc0,0x06,0xee,0x00,0x00,0x0c,0x00,
    0x02,0x00,0x02,0x00,0x00,0x00,0xb0,0xbf,0x00,0x00,0xc8,0xbf,0x00,0x00,0xc7,0xbf,0xff,0x3e,0x10,0x36,0xff,0x03,0x00,0x00,
    0x80,0x00,0x86,0xbe,0x7e,0x00,0x81,0xbe,0x01,0x00,0x87,0xbf,0x80,0x10,0x94,0x7d,0xdf,0x01,0xa5,0xbf,0x81,0x0c,0xb2,0x7c,
    0x81,0x3a,0x10,0x7e,0x02,0x00,0x52,0xd6,0x02,0x01,0x21,0x02,0x0c,0x00,0x52,0xd6,0x00,0x01,0xfd,0x03,0x00,0x10,0x00,0x00,
    0x81,0x01,0x82,0xbe,0xfe,0x01,0x84,0xbe,0xbf,0xff,0xff,0xff,0xff,0xff,0xff,0xff,0xfd,0xff,0x88,0xbf,0x80,0x0e,0x52,0xca,
    0x81,0x0c,0x0a,0x0b,0x7c,0x00,0x0b,0xee,0x00,0x00,0x0c,0x00,0x00,0x00,0x00,0x00,0x00,0x00,0xc1,0xbf,0x7c,0xc0,0x06,0xee,
    0x00,0x00,0x0c,0x04,0x00,0x00,0x01,0x00,0x09,0x00,0xa0,0xbf,0xfe,0xff,0x88,0xbf,0x7e,0x07,0x7e,0x8c,0x09,0x00,0x87,0xbf,
    0x7e,0x00,0x00,0x8b,0xfe,0xff,0x88,0xbf,0x00,0x06,0x06,0x8c,0xfe,0xff,0x88,0xbf,0x7e,0x06,0x7e,0x91,0xa4,0x01,0xa5,0xbf,
    0x0a,0x3b,0x0c,0x7e,0x80,0x00,0x87,0xbe,0x17,0x00,0xa0,0xbf,0xfe,0xff,0x88,0xbf,0x7e,0x0d,0x7e,0x8c,0x09,0x00,0x87,0xbf,
    0x0b,0x7e,0x0b,0x91,0x00,0x7e,0x00,0x8b,0x0a,0x7e,0x0a,0x91,0xfe,0xff,0x88,0xbf,0x0b,0x00,0x0b,0x8c,0xfe,0xff,0x88,0xbf,
    0x7e,0x0c,0x7e,0x8c,0x09,0x00,0x87,0xbf,0x7e,0x0b,0x00,0x8b,0xfe,0xff,0x88,0xbf,0x00,0x07,0x07,0x8c,0x09,0x7e,0x00,0x91,
    0x0a,0x7e,0x09,0x8b,0x08,0x7e,0x08,0x91,0x6a,0x7e,0x0c,0x8b,0xfe,0xff,0x88,0xbf,0x00,0x09,0x09,0x8c,0x08,0x0c,0x08,0x8c,
    0x7e,0x07,0x7e,0x91,0x24,0x00,0xa5,0xbf,0x7c,0x40,0x05,0xee,0x08,0x00,0x0c,0x00,0x00,0x00,0x00,0x00,0x00,0x00,0xc0,0xbf,
    0x7c,0xc0,0x0a,0xee,0x00,0x00,0x0c,0x00,0x00,0x00,0x00,0x00,0x7c,0x40,0x05,0xee,0x0e,0x00,0x0c,0x00,0x00,0x80,0x01,0x00,
    0x00,0x00,0xc0,0xbf,0x7c,0xc0,0x0a,0xee,0x00,0x00,0x0c,0x00,0x00,0x00,0x00,0x00,0x0a,0x7e,0x0a,0x8c,0x0b,0x7e,0x0b,0x8c,
    0xfe,0xff,0x88,0xbf,0x00,0x00,0x5d,0xd4,0x02,0x10,0x02,0x00,0x80,0x1c,0xb4,0x7c,0x00,0x00,0xc5,0xbf,0x00,0x20,0x8c,0xbe,
    0xda,0xff,0xa5,0xbf,0x87,0x02,0x10,0x7e,0xc1,0x00,0x80,0xbe,0x6a,0x20,0x8d,0xbe,0xce,0xff,0xa5,0xbf,0x06,0x00,0x52,0xd6,
    0x06,0x01,0x05,0x03,0x88,0x02,0x10,0x7e,0x02,0x00,0x87,0xbf,0x00,0x00,0x5a,0xd4,0x80,0x0c,0x02,0x00,0xfe,0xff,0x88,0xbf,
    0x00,0x7e,0x00,0x92,0xc5,0xff,0xa0,0xbf,0x7e,0x07,0x7e,0x8c,0xfe,0xff,0x88,0xbf,0x09,0x20,0x80,0xbe,0xfe,0xff,0x88,0xbf,
    0x7e,0x00,0x00,0x8d,0x52,0x01,0xa5,0xbf,0x87,0x02,0x10,0x7e,0x08,0x20,0x87,0xbe,0x4d,0x01,0xa5,0xbf,0x7c,0x40,0x05,0xee,
    0x06,0x00,0x0c,0x00,0x00,0x00,0x03,0x00,0x89,0x02,0x10,0x7e,0x7e,0x00,0x88,0xbe,0x00,0x00,0xc0,0xbf,0x00,0x00,0xc5,0xbf,
    0x7e,0x00,0xd9,0xd4,0x06,0x09,0x02,0x00,0x41,0x01,0xa5,0xbf,0x7c,0x40,0x05,0xee,0x0e,0x00,0x0c,0x00,0x00,0x80,0x02,0x00,
    0x00,0x00,0xc0,0xbf,0x08,0x00,0x52,0xd6,0x0e,0x01,0x11,0x00,0x01,0x00,0x87,0xbf,0x04,0x10,0xb2,0x7c,0x89,0x02,0x10,0x7e,
    0x00,0x00,0xc5,0xbf,0x6a,0x20,0x89,0xbe,0x33,0x01,0xa5,0xbf,0x86,0x0c,0x0c,0x3e,0x00,0x3b,0x20,0x7e,0x0c,0x3b,0x28,0x7e,
    0x80,0x00,0x8a,0xbe,0x03,0x00,0x87,0xbf,0x12,0x00,0x52,0xd6,0x02,0x01,0x19,0x04,0x09,0x00,0xa0,0xbf,0xfe,0xff,0x88,0xbf,
    0x7e,0x0d,0x7e,0x8c,0x09,0x00,0x87,0xbf,0x7e,0x0b,0x0b,0x8b,0xfe,0xff,0x88,0xbf,0x0b,0x0a,0x0a,0x8c,0xfe,0xff,0x88,0xbf,
    0x7e,0x0a,0x7e,0x91,0x11,0x01,0xa5,0xbf,0x02,0x00,0x85,0xbf,0x7c,0x40,0x05,0xee,0x18,0x00,0x0c,0x00,0x10,0x00,0x04,0x00,
    0x7c,0x40,0x05,0xee,0x06,0x00,0x0c,0x00,0x10,0x08,0x04,0x00,0x7c,0x40,0x05,0xee,0x08,0x00,0x0c,0x00,0x10,0x10,0x04,0x00,
    0x80,0x00,0x8d,0xbe,0x80,0x00,0x8b,0xbe,0x7e,0x00,0x8c,0xbe,0x02,0x00,0xc0,0xbf,0x00,0x00,0xc5,0xbf,0x84,0x30,0xa2,0x7d,
    0xfe,0xff,0x88,0xbf,0x7e,0x0c,0x0c,0x8d,0x68,0x00,0xa5,0xbf,0x80,0x00,0x8e,0xbe,0x7e,0x00,0x8b,0xbe,0x86,0x30,0xa2,0x7d,
    0xfe,0xff,0x88,0xbf,0x7e,0x0b,0x0b,0x8d,0x34,0x00,0xa5,0xbf,0xc1,0x00,0x8f,0xbe,0x7e,0x00,0x8d,0xbe,0x87,0x30,0xa2,0x7d,
    0x2b,0x00,0xa5,0xbf,0x7e,0x00,0x8f,0xbe,0x88,0x30,0xa2,0x7d,0xfe,0xff,0x88,0xbf,0x7e,0x0f,0x0f,0x8d,0x10,0x00,0xa5,0xbf,
    0x7e,0x00,0x90,0xbe,0x89,0x30,0xb4,0x7d,0x08,0x00,0xa5,0xbf,0x7c,0x40,0x05,0xee,0x16,0x00,0x0c,0x00,0x12,0x00,0x00,0x00,
    0x00,0x00,0xc0,0xbf,0x7c,0xc0,0x0a,0xee,0x00,0x00,0x0c,0x00,0x00,0x00,0x00,0x00,0x7e,0x00,0x8e,0xbe,0x00,0x00,0xc5,0xbf,
    0xfe,0xff,0x88,0xbf,0x7e,0x10,0x7e,0x8c,0x09,0x00,0x87,0xbf,0x0e,0x7e,0x0e,0x8b,0xfe,0xff,0x88,0xbf,0x0f,0x30,0x8f,0xbe,
    0x0d,0x00,0xa5,0xbf,0x7c,0x00,0x0b,0xee,0x00,0x00,0x0c,0x00,0x00,0x00,0x00,0x00,0x00,0x00,0xc0,0xbf,0x00,0x00,0xc1,0xbf,
    0x7c,0x80,0x10,0xee,0x16,0x00,0x1c,0x03,0x12,0x00,0x00,0x00,0x00,0x00,0xc0,0xbf,0x7c,0xc0,0x0a,0xee,0x00,0x00,0x0c,0x00,
    0x00,0x00,0x00,0x00,0x0e,0x7e,0x0e,0x8c,0x00,0x00,0xc5,0xbf,0xfe,0xff,0x88,0xbf,0x7e,0x0f,0x7e,0x8c,0x09,0x00,0x87,0xbf,
    0x0e,0x7e,0x0e,0x8b,0x7e,0xc1,0x0f,0x8d,0xfe,0xff,0x88,0xbf,0x7e,0x0d,0x7e,0x8c,0x09,0x00,0x87,0xbf,0x0e,0x7e,0x0e,0x8b,
    0x0f,0x7e,0x0d,0x8b,0xfe,0xff,0x88,0xbf,0x0b,0x30,0x8b,0xbe,0x26,0x00,0xa5,0xbf,0x7e,0x00,0x8f,0xbe,0x85,0x30,0xa2,0x7d,
    0xfe,0xff,0x88,0xbf,0x7e,0x0f,0x0f,0x8d,0x0c,0x00,0xa5,0xbf,0x7c,0x00,0x0b,0xee,0x00,0x00,0x0c,0x00,0x00,0x00,0x00,0x00,
    0x00,0x00,0xc0,0xbf,0x00,0x00,0xc1,0xbf,0x7c,0xc0,0x12,0xee,0x16,0x00,0x1c,0x03,0x12,0x00,0x00,0x00,0x00,0x00,0xc0,0xbf,
    0x7c,0xc0,0x0a,0xee,0x00,0x00,0x0c,0x00,0x00,0x00,0x00,0x00,0x00,0x00,0xc5,0xbf,0xfe,0xff,0x88,0xbf,0x0f,0x30,0x8f,0xbe,
    0x0c,0x00,0xa5,0xbf,0x7c,0x00,0x0b,0xee,0x00,0x00,0x0c,0x00,0x00,0x00,0x00,0x00,0x00,0x00,0xc0,0xbf,0x00,0x00,0xc1,0xbf,
    0x7c,0x80,0x12,0xee,0x16,0x00,0x1c,0x03,0x12,0x00,0x00,0x00,0x00,0x00,0xc0,0xbf,0x7c,0xc0,0x0a,0xee,0x00,0x00,0x0c,0x00,
    0x00,0x00,0x00,0x00,0x00,0x00,0xc5,0xbf,0xfe,0xff,0x88,0xbf,0x7e,0x0f,0x7e,0x8c,0x09,0x00,0x87,0xbf,0x0e,0x7e,0x0e,0x8c,
    0xfe,0xff,0x88,0xbf,0x7e,0x0b,0x7e,0x8c,0x09,0x00,0x87,0xbf,0x0e,0x7e,0x0b,0x8b,0x0d,0x7e,0x0d,0x8b,0xfe,0xff,0x88,0xbf,
    0x0c,0x30,0x8c,0xbe,0x64,0x00,0xa5,0xbf,0x0b,0x00,0x8e,0xbe,0x7e,0x00,0x8f,0xbe,0x82,0x30,0xa2,0x7d,0xfe,0xff,0x88,0xbf,
    0x7e,0x0f,0x0f,0x8d,0x26,0x00,0xa5,0xbf,0x7e,0x00,0x8e,0xbe,0x83,0x30,0xa2,0x7d,0xfe,0xff,0x88,0xbf,0x7e,0x0e,0x0e,0x8d,
    0x0c,0x00,0xa5,0xbf,0x7c,0x00,0x0b,0xee,0x00,0x00,0x0c,0x00,0x00,0x00,0x00,0x00,0x00,0x00,0xc0,0xbf,0x00,0x00,0xc1,0xbf,
    0x7c,0x40,0x12,0xee,0x16,0x00,0x1c,0x03,0x12,0x00,0x00,0x00,0x00,0x00,0xc0,0xbf,0x7c,0xc0,0x0a,0xee,0x00,0x00,0x0c,0x00,
    0x00,0x00,0x00,0x00,0x00,0x00,0xc5,0xbf,0xfe,0xff,0x88,0xbf,0x0e,0x30,0x8e,0xbe,0x0c,0x00,0xa5,0xbf,0x7c,0x00,0x0b,0xee,
    0x00,0x00,0x0c,0x00,0x00,0x00,0x00,0x00,0x00,0x00,0xc0,0xbf,0x00,0x00,0xc1,0xbf,0x7c,0x00,0x11,0xee,0x16,0x00,0x1c,0x03,
    0x12,0x00,0x00,0x00,0x00,0x00,0xc0,0xbf,0x7c,0xc0,0x0a,0xee,0x00,0x00,0x0c,0x00,0x00,0x00,0x00,0x00,0x00,0x00,0xc5,0xbf,
    0xfe,0xff,0x88,0xbf,0x7e,0x0e,0x7e,0x8c,0x09,0x00,0x87,0xbf,0x0b,0x7e,0x0e,0x8c,0xfe,0xff,0x88,0xbf,0x0f,0x22,0x8f,0xbe,
    0x0d,0x00,0x90,0xbe,0xfe,0xff,0x88,0xbf,0x7e,0x0f,0x7e,0x8d,0x28,0x00,0xa5,0xbf,0x0e,0x00,0x90,0xbe,0x7e,0x00,0x91,0xbe,
    0x81,0x30,0xa2,0x7d,0xfe,0xff,0x88,0xbf,0x7e,0x11,0x11,0x8d,0x0d,0x00,0xa5,0xbf,0x7c,0x00,0x0b,0xee,0x00,0x00,0x0c,0x00,
    0x00,0x00,0x00,0x00,0x00,0x00,0xc0,0xbf,0x00,0x00,0xc1,0xbf,0x7c,0xc0,0x10,0xee,0x16,0x00,0x1c,0x03,0x12,0x00,0x00,0x00,
    0x00,0x00,0xc0,0xbf,0x7c,0xc0,0x0a,0xee,0x00,0x00,0x0c,0x00,0x00,0x00,0x00,0x00,0x0e,0x7e,0x10,0x8c,0x00,0x00,0xc5,0xbf,
    0xfe,0xff,0x88,0xbf,0x11,0x22,0x91,0xbe,0x0d,0x00,0x92,0xbe,0xfe,0xff,0x88,0xbf,0x7e,0x11,0x7e,0x8d,0x81,0x30,0xb4,0x7c,
    0x0d,0x7e,0x12,0x91,0x6a,0x7e,0x13,0x8b,0xfe,0xff,0x88,0xbf,0x12,0x13,0x12,0x8c,0x7e,0x11,0x7e,0x8c,0x09,0x00,0x87,0xbf,
    0x0e,0x7e,0x0e,0x91,0x10,0x7e,0x10,0x8b,0x0d,0x7e,0x11,0x91,0xfe,0xff,0x88,0xbf,0x12,0x7e,0x12,0x8b,0x0e,0x10,0x0e,0x8c,
    0xfe,0xff,0x88,0xbf,0x11,0x12,0x10,0x8c,0x7e,0x0f,0x7e,0x8c,0x09,0x00,0x87,0xbf,0x0b,0x7e,0x0b,0x91,0x0e,0x7e,0x0e,0x8b,
    0x0d,0x7e,0x0d,0x91,0xfe,0xff,0x88,0xbf,0x10,0x7e,0x0f,0x8b,0x0b,0x0e,0x0b,0x8c,0xfe,0xff,0x88,0xbf,0x0d,0x0f,0x0d,0x8c,
    0xfe,0xff,0x88,0xbf,0x7e,0x0c,0x7e,0x8c,0x0d,0x20,0x8c,0xbe,0x0d,0x00,0xa5,0xbf,0x7c,0x00,0x0b,0xee,0x00,0x00,0x0c,0x00,
    0x00,0x00,0x00,0x00,0x00,0x00,0xc0,0xbf,0x00,0x00,0xc1,0xbf,0x7c,0x40,0x10,0xee,0x16,0x00,0x1c,0x03,0x12,0x00,0x00,0x00,
    0x00,0x00,0xc0,0xbf,0x7c,0xc0,0x0a,0xee,0x00,0x00,0x0c,0x00,0x00,0x00,0x00,0x00,0x0b,0x7e,0x0b,0x8c,0x00,0x00,0xc5,0xbf,
    0xfe,0xff,0x88,0xbf,0x7e,0x0c,0x7e,0x8c,0x00,0x00,0xc0,0xbf,0x89,0x02,0x10,0x7e,0x80,0x00,0x8c,0xbe,0x0b,0x20,0x8d,0xbe,
    0x05,0x00,0xa5,0xbf,0x80,0x02,0x10,0x7e,0x7e,0x00,0x8c,0xbe,0x7c,0xc0,0x06,0xee,0x00,0x00,0x0c,0x0b,0x14,0x00,0x00,0x00,
    0x00,0x00,0xc5,0xbf,0xfe,0xff,0x88,0xbf,0x7e,0x0d,0x7e,0x8c,0xc1,0x00,0x8b,0xbe,0x0c,0x20,0x8d,0xbe,0xf1,0xfe,0xa5,0xbf,
    0x0e,0x00,0x52,0xd6,0x0e,0x01,0x05,0x03,0x14,0x00,0x52,0xd6,0x14,0x01,0x21,0x02,0x10,0x00,0x52,0xd6,0x10,0x01,0x61,0x02,
    0x8a,0x02,0x10,0x7e,0x04,0x00,0x87,0xbf,0x80,0x1c,0xb4,0x7c,0x6a,0x7e,0x0b,0x92,0xe6,0xfe,0xa0,0xbf,0x7e,0x0a,0x7e,0x8c,
    0x09,0x00,0x87,0xbf,0x7e,0x00,0x8a,0xbe,0x8a,0x10,0x94,0x7d,0x09,0x00,0xa5,0xbf,0x02,0x3a,0x0c,0x7e,0x80,0x02,0x10,0x7e,
    0x7c,0x00,0x0b,0xee,0x00,0x00,0x0c,0x00,0x00,0x00,0x00,0x00,0x00,0x00,0xc1,0xbf,0x7c,0xc0,0x06,0xee,0x00,0x00,0x0c,0x03,
    0x00,0x80,0x00,0x00,0x00,0x00,0xc5,0xbf,0xfe,0xff,0x88,0xbf,0x7e,0x0a,0x7e,0x8c,0xfe,0xff,0x88,0xbf,0x7e,0x09,0x7e,0x8c,
    0xfe,0xff,0x88,0xbf,0x7e,0x08,0x7e,0x8c,0xfe,0xff,0x88,0xbf,0x7e,0x07,0x7e,0x8c,0xfe,0xff,0x88,0xbf,0x7e,0x00,0x7e,0x8c,
    0xc1,0x00,0x80,0xbe,0x7e,0x00,0x87,0xbe,0x80,0x10,0x94,0x7d,0x5b,0xfe,0xa5,0xbf,0x02,0x81,0x82,0xa9,0x82,0x02,0x10,0x7e,
    0xfe,0xff,0x88,0xbf,0x02,0x80,0x10,0xbf,0xc1,0x80,0x00,0x98,0xfe,0xff,0x88,0xbf,0x00,0x7e,0x00,0x92,0x53,0xfe,0xa0,0xbf,
    0x7e,0x06,0x7e,0x8c,0x09,0x00,0x87,0xbf,0x7e,0x00,0x80,0xbe,0x88,0x10,0x82,0x7d,0xfe,0xff,0x88,0xbf,0x7e,0x00,0x00,0x8d,
    0xfe,0xff,0x88,0xbf,0x00,0x22,0x80,0xbe,0x83,0x3a,0x04,0x7e,0xfe,0xff,0x88,0xbf,0x7e,0x00,0x7e,0x8d,0x06,0x00,0xa5,0xbf,
    0x81,0x3a,0x04,0x7e,0x7e,0x00,0x82,0xbe,0x88,0x10,0x94,0x7d,0x82,0x3a,0x04,0x7e,0xfe,0xff,0x88,0xbf,0x7e,0x02,0x7e,0x8c,
    0x09,0x00,0x87,0xbf,0x7e,0x00,0x7e,0x8c,0x7c,0x00,0x0b,0xee,0x00,0x00,0x0c,0x00,0x00,0x00,0x00,0x00,0x00,0x00,0xc0,0xbf,
    0x00,0x00,0xc1,0xbf,0x7c,0xc0,0x06,0xee,0x00,0x00,0x0c,0x01,0x00,0x00,0x02,0x00,0x00,0x00,0xc5,0xbf,0xfe,0xff,0x88,0xbf,
    0x7e,0x01,0x7e,0x8c,0x1e,0x48,0x80,0xbe,0x00,0x00,0x9f,0xbf,0x00,0x00,0x9f,0xbf,0x00,0x00,0x9f,0xbf,0x00,0x00,0x9f,0xbf,
    0x00,0x00,0x9f,0xbf,0x00,0x00,0x9f,0xbf,0x00,0x00,0x9f,0xbf,0x00,0x00,0x9f,0xbf,0x00,0x00,0x9f,0xbf,0x00,0x00,0x9f,0xbf,
    0x00,0x00,0x9f,0xbf,0x00,0x00,0x9f,0xbf,0x00,0x00,0x9f,0xbf,0x00,0x00,0x9f,0xbf,0x00,0x00,0x9f,0xbf,0x00,0x00,0x9f,0xbf,
    0x00,0x00,0x9f,0xbf,0x00,0x00,0x9f,0xbf,0x00,0x00,0x9f,0xbf,0x00,0x00,0x9f,0xbf,0x00,0x00,0x9f,0xbf,0x00,0x00,0x9f,0xbf,
    0x00,0x00,0x9f,0xbf,0x00,0x00,0x9f,0xbf,0x00,0x00,0x9f,0xbf,0x00,0x00,0x9f,0xbf,0x00,0x00,0x9f,0xbf,0x00,0x00,0x9f,0xbf,
    0x00,0x00,0x9f,0xbf,0x00,0x00,0x9f,0xbf,0x00,0x00,0x9f,0xbf,0x00,0x00,0x9f,0xbf,0x00,0x00,0x9f,0xbf,0x00,0x00,0x9f,0xbf,
    0x00,0x00,0x9f,0xbf,0x00,0x00,0x9f,0xbf,0x00,0x00,0x9f,0xbf,0x00,0x00,0x9f,0xbf,0x00,0x00,0x9f,0xbf,0x00,0x00,0x9f,0xbf,
    0x00,0x00,0x9f,0xbf,0x00,0x00,0x9f,0xbf,0x00,0x00,0x9f,0xbf,0x00,0x00,0x9f,0xbf,0x00,0x00,0x9f,0xbf,0x00,0x00,0x9f,0xbf,
    0x00,0x00,0x9f,0xbf,0x00,0x00,0x9f,0xbf,0x00,0x00,0x9f,0xbf,0x00,0x00,0x9f,0xbf,0x00,0x00,0x9f,0xbf,0x00,0x00,0x9f,0xbf,
    0x00,0x00,0x9f,0xbf,0x00,0x00,0x9f,0xbf,0x00,0x00,0x9f,0xbf,0x00,0x00,0x9f,0xbf,0x00,0x00,0x9f,0xbf,0x00,0x00,0x9f,0xbf,
    0x00,0x00,0x9f,0xbf,0x00,0x00,0x9f,0xbf,0x00,0x00,0x9f,0xbf,0x00,0x00,0x9f,0xbf,0x00,0x00,0x9f,0xbf,0x00,0x00,0x9f,0xbf,
    0x00,0x00,0x9f,0xbf,0x00,0x00,0x9f,0xbf,0x00,0x00,0x9f,0xbf,0x00,0x00,0x9f,0xbf,0x00,0x00,0x9f,0xbf,0x00,0x00,0x9f,0xbf,
    0x00,0x00,0x9f,0xbf,0x00,0x00,0x9f,0xbf,0x00,0x00,0x9f,0xbf,0x00,0x00,0x9f,0xbf,0x00,0x00,0x9f,0xbf,0x00,0x00,0x9f,0xbf,
    0x00,0x00,0x9f,0xbf,0x00,0x00,0x9f,0xbf,0x00,0x00,0x9f,0xbf,0x00,0x00,0x9f,0xbf,0x00,0x00,0x9f,0xbf,0x00,0x00,0x9f,0xbf,
    0x00,0x00,0x9f,0xbf,0x00,0x00,0x9f,0xbf,0x00,0x00,0x9f,0xbf,0x00,0x00,0x9f,0xbf,0x00,0x00,0x9f,0xbf,0x00,0x00,0x9f,0xbf,
    0x00,0x00,0x9f,0xbf,0x00,0x00,0x9f,0xbf,0x00,0x00,0x9f,0xbf,0x00,0x00,0x9f,0xbf,0x00,0x00,0x9f,0xbf,0x00,0x00,0x9f,0xbf,
    0x00,0x00,0x9f,0xbf,0x00,0x00,0x9f,0xbf,0x00,0x00,0x9f,0xbf,0x00,0x00,0x9f,0xbf,0x00,0x00,0x9f,0xbf,0x00,0x00,0x9f,0xbf,
    0x00,0x00,0x9f,0xbf,0x00,0x00,0x9f,0xbf,0x06,0x00,0x00,0x00,0x00,0x00,0x00,0x00,0x00,0x05,0x00,0x00,0x00,0x00,0x00,0x00,
    0x0b,0x00,0x00,0x00,0x00,0x00,0x00,0x00,0x18,0x00,0x00,0x00,0x00,0x00,0x00,0x00,0x05,0x00,0x00,0x00,0x00,0x00,0x00,0x00,
    0xb0,0x05,0x00,0x00,0x00,0x00,0x00,0x00,0x0a,0x00,0x00,0x00,0x00,0x00,0x00,0x00,0x5e,0x00,0x00,0x00,0x00,0x00,0x00,0x00,
    0xf5,0xfe,0xff,0x6f,0x00,0x00,0x00,0x00,0x60,0x05,0x00,0x00,0x00,0x00,0x00,0x00,0x04,0x00,0x00,0x00,0x00,0x00,0x00,0x00,
    0x88,0x05,0x00,0x00,0x00,0x00,0x00,0x00,0x00,0x00,0x00,0x00,0x00,0x00,0x00,0x00,0x00,0x00,0x00,0x00,0x00,0x00,0x00,0x00,
    0x48,0x6f,0x6d,0x65,0x62,0x72,0x65,0x77,0x20,0x63,0x6c,0x61,0x6e,0x67,0x20,0x76,0x65,0x72,0x73,0x69,0x6f,0x6e,0x20,0x32,
    0x31,0x2e,0x31,0x2e,0x38,0x00,0x00,0x4c,0x69,0x6e,0x6b,0x65,0x72,0x3a,0x20,0x48,0x6f,0x6d,0x65,0x62,0x72,0x65,0x77,0x20,
    0x4c,0x4c,0x44,0x20,0x32,0x31,0x2e,0x31,0x2e,0x38,0x00,0x00,0x00,0x00,0x00,0x00,0x00,0x00,0x00,0x00,0x00,0x00,0x00,0x00,
    0x00,0x00,0x00,0x00,0x00,0x00,0x00,0x00,0x00,0x00,0x00,0x00,0x00,0x00,0x00,0x00,0x01,0x00,0x00,0x00,0x00,0x00,0xf1,0xff,
    0x00,0x00,0x00,0x00,0x00,0x00,0x00,0x00,0x00,0x00,0x00,0x00,0x00,0x00,0x00,0x00,0x29,0x00,0x00,0x00,0x00,0x00,0xf1,0xff,
    0x00,0x00,0x00,0x00,0x00,0x00,0x00,0x00,0x00,0x00,0x00,0x00,0x00,0x00,0x00,0x00,0x49,0x00,0x00,0x00,0x00,0x00,0xf1,0xff,
    0x12,0x00,0x00,0x00,0x00,0x00,0x00,0x00,0x00,0x00,0x00,0x00,0x00,0x00,0x00,0x00,0x69,0x00,0x00,0x00,0x00,0x00,0xf1,0xff,
    0x18,0x00,0x00,0x00,0x00,0x00,0x00,0x00,0x00,0x00,0x00,0x00,0x00,0x00,0x00,0x00,0x8e,0x00,0x00,0x00,0x00,0x00,0xf1,0xff,
    0x01,0x00,0x00,0x00,0x00,0x00,0x00,0x00,0x00,0x00,0x00,0x00,0x00,0x00,0x00,0x00,0xae,0x00,0x00,0x00,0x00,0x00,0xf1,0xff,
    0x00,0x00,0x00,0x00,0x00,0x00,0x00,0x00,0x00,0x00,0x00,0x00,0x00,0x00,0x00,0x00,0xd7,0x00,0x00,0x00,0x00,0x00,0xf1,0xff,
    0x00,0x00,0x00,0x00,0x00,0x00,0x00,0x00,0x00,0x00,0x00,0x00,0x00,0x00,0x00,0x00,0x02,0x01,0x00,0x00,0x00,0x00,0xf1,0xff,
    0x00,0x00,0x00,0x00,0x00,0x00,0x00,0x00,0x00,0x00,0x00,0x00,0x00,0x00,0x00,0x00,0x84,0x01,0x00,0x00,0x00,0x02,0x08,0x00,
    0x80,0x38,0x00,0x00,0x00,0x00,0x00,0x00,0x00,0x00,0x00,0x00,0x00,0x00,0x00,0x00,0x27,0x01,0x00,0x00,0x12,0x03,0x07,0x00,
    0x00,0x17,0x00,0x00,0x00,0x00,0x00,0x00,0x38,0x08,0x00,0x00,0x00,0x00,0x00,0x00,0x3e,0x01,0x00,0x00,0x11,0x03,0x06,0x00,
    0x40,0x06,0x00,0x00,0x00,0x00,0x00,0x00,0x40,0x00,0x00,0x00,0x00,0x00,0x00,0x00,0x58,0x01,0x00,0x00,0x12,0x03,0x07,0x00,
    0x38,0x1f,0x00,0x00,0x00,0x00,0x00,0x00,0xb0,0x07,0x00,0x00,0x00,0x00,0x00,0x00,0x00,0x2e,0x6e,0x6f,0x74,0x65,0x00,0x2e,
    0x64,0x79,0x6e,0x73,0x79,0x6d,0x00,0x2e,0x67,0x6e,0x75,0x2e,0x68,0x61,0x73,0x68,0x00,0x2e,0x68,0x61,0x73,0x68,0x00,0x2e,
    0x64,0x79,0x6e,0x73,0x74,0x72,0x00,0x2e,0x72,0x6f,0x64,0x61,0x74,0x61,0x00,0x2e,0x74,0x65,0x78,0x74,0x00,0x2e,0x64,0x79,
    0x6e,0x61,0x6d,0x69,0x63,0x00,0x2e,0x72,0x65,0x6c,0x72,0x6f,0x5f,0x70,0x61,0x64,0x64,0x69,0x6e,0x67,0x00,0x2e,0x41,0x4d,
    0x44,0x47,0x50,0x55,0x2e,0x67,0x70,0x72,0x5f,0x6d,0x61,0x78,0x69,0x6d,0x75,0x6d,0x73,0x00,0x2e,0x63,0x6f,0x6d,0x6d,0x65,
    0x6e,0x74,0x00,0x2e,0x73,0x79,0x6d,0x74,0x61,0x62,0x00,0x2e,0x73,0x68,0x73,0x74,0x72,0x74,0x61,0x62,0x00,0x2e,0x73,0x74,
    0x72,0x74,0x61,0x62,0x00,0x00,0x73,0x69,0x67,0x6e,0x61,0x6c,0x5f,0x6d,0x61,0x69,0x6c,0x62,0x6f,0x78,0x5f,0x73,0x65,0x72,
    0x76,0x69,0x63,0x65,0x2e,0x70,0x72,0x69,0x76,0x61,0x74,0x65,0x5f,0x73,0x65,0x67,0x5f,0x73,0x69,0x7a,0x65,0x00,0x73,0x69,
    0x67,0x6e,0x61,0x6c,0x5f,0x6d,0x61,0x69,0x6c,0x62,0x6f,0x78,0x5f,0x73,0x65,0x72,0x76,0x69,0x63,0x65,0x2e,0x6e,0x75,0x6d,
    0x5f,0x61,0x67,0x70,0x72,0x00,0x73,0x69,0x67,0x6e,0x61,0x6c,0x5f,0x6d,0x61,0x69,0x6c,0x62,0x6f,0x78,0x5f,0x73,0x65,0x72,
    0x76,0x69,0x63,0x65,0x2e,0x6e,0x75,0x6d,0x5f,0x76,0x67,0x70,0x72,0x00,0x73,0x69,0x67,0x6e,0x61,0x6c,0x5f,0x6d,0x61,0x69,
    0x6c,0x62,0x6f,0x78,0x5f,0x73,0x65,0x72,0x76,0x69,0x63,0x65,0x2e,0x6e,0x75,0x6d,0x62,0x65,0x72,0x65,0x64,0x5f,0x73,0x67,
    0x70,0x72,0x00,0x73,0x69,0x67,0x6e,0x61,0x6c,0x5f,0x6d,0x61,0x69,0x6c,0x62,0x6f,0x78,0x5f,0x73,0x65,0x72,0x76,0x69,0x63,
    0x65,0x2e,0x75,0x73,0x65,0x73,0x5f,0x76,0x63,0x63,0x00,0x73,0x69,0x67,0x6e,0x61,0x6c,0x5f,0x6d,0x61,0x69,0x6c,0x62,0x6f,
    0x78,0x5f,0x73,0x65,0x72,0x76,0x69,0x63,0x65,0x2e,0x75,0x73,0x65,0x73,0x5f,0x66,0x6c,0x61,0x74,0x5f,0x73,0x63,0x72,0x61,
    0x74,0x63,0x68,0x00,0x73,0x69,0x67,0x6e,0x61,0x6c,0x5f,0x6d,0x61,0x69,0x6c,0x62,0x6f,0x78,0x5f,0x73,0x65,0x72,0x76,0x69,
    0x63,0x65,0x2e,0x68,0x61,0x73,0x5f,0x64,0x79,0x6e,0x5f,0x73,0x69,0x7a,0x65,0x64,0x5f,0x73,0x74,0x61,0x63,0x6b,0x00,0x73,
    0x69,0x67,0x6e,0x61,0x6c,0x5f,0x6d,0x61,0x69,0x6c,0x62,0x6f,0x78,0x5f,0x73,0x65,0x72,0x76,0x69,0x63,0x65,0x2e,0x68,0x61,
    0x73,0x5f,0x72,0x65,0x63,0x75,0x72,0x73,0x69,0x6f,0x6e,0x00,0x73,0x69,0x67,0x6e,0x61,0x6c,0x5f,0x6d,0x61,0x69,0x6c,0x62,
    0x6f,0x78,0x5f,0x73,0x65,0x72,0x76,0x69,0x63,0x65,0x00,0x73,0x69,0x67,0x6e,0x61,0x6c,0x5f,0x6d,0x61,0x69,0x6c,0x62,0x6f,
    0x78,0x5f,0x73,0x65,0x72,0x76,0x69,0x63,0x65,0x2e,0x6b,0x64,0x00,0x5f,0x5f,0x63,0x6c,0x61,0x6e,0x67,0x5f,0x6f,0x63,0x6c,
    0x5f,0x6b,0x65,0x72,0x6e,0x5f,0x69,0x6d,0x70,0x5f,0x73,0x69,0x67,0x6e,0x61,0x6c,0x5f,0x6d,0x61,0x69,0x6c,0x62,0x6f,0x78,
    0x5f,0x73,0x65,0x72,0x76,0x69,0x63,0x65,0x00,0x5f,0x44,0x59,0x4e,0x41,0x4d,0x49,0x43,0x00,0x00,0x00,0x00,0x00,0x00,0x00,
    0x00,0x00,0x00,0x00,0x00,0x00,0x00,0x00,0x00,0x00,0x00,0x00,0x00,0x00,0x00,0x00,0x00,0x00,0x00,0x00,0x00,0x00,0x00,0x00,
    0x00,0x00,0x00,0x00,0x00,0x00,0x00,0x00,0x00,0x00,0x00,0x00,0x00,0x00,0x00,0x00,0x00,0x00,0x00,0x00,0x00,0x00,0x00,0x00,
    0x00,0x00,0x00,0x00,0x00,0x00,0x00,0x00,0x00,0x00,0x00,0x00,0x00,0x00,0x00,0x00,0x01,0x00,0x00,0x00,0x07,0x00,0x00,0x00,
    0x02,0x00,0x00,0x00,0x00,0x00,0x00,0x00,0x00,0x02,0x00,0x00,0x00,0x00,0x00,0x00,0x00,0x02,0x00,0x00,0x00,0x00,0x00,0x00,
    0x00,0x03,0x00,0x00,0x00,0x00,0x00,0x00,0x00,0x00,0x00,0x00,0x00,0x00,0x00,0x00,0x04,0x00,0x00,0x00,0x00,0x00,0x00,0x00,
    0x00,0x00,0x00,0x00,0x00,0x00,0x00,0x00,0x07,0x00,0x00,0x00,0x0b,0x00,0x00,0x00,0x02,0x00,0x00,0x00,0x00,0x00,0x00,0x00,
    0x00,0x05,0x00,0x00,0x00,0x00,0x00,0x00,0x00,0x05,0x00,0x00,0x00,0x00,0x00,0x00,0x60,0x00,0x00,0x00,0x00,0x00,0x00,0x00,
    0x05,0x00,0x00,0x00,0x01,0x00,0x00,0x00,0x08,0x00,0x00,0x00,0x00,0x00,0x00,0x00,0x18,0x00,0x00,0x00,0x00,0x00,0x00,0x00,
    0x0f,0x00,0x00,0x00,0xf6,0xff,0xff,0x6f,0x02,0x00,0x00,0x00,0x00,0x00,0x00,0x00,0x60,0x05,0x00,0x00,0x00,0x00,0x00,0x00,
    0x60,0x05,0x00,0x00,0x00,0x00,0x00,0x00,0x28,0x00,0x00,0x00,0x00,0x00,0x00,0x00,0x02,0x00,0x00,0x00,0x00,0x00,0x00,0x00,
    0x08,0x00,0x00,0x00,0x00,0x00,0x00,0x00,0x00,0x00,0x00,0x00,0x00,0x00,0x00,0x00,0x19,0x00,0x00,0x00,0x05,0x00,0x00,0x00,
    0x02,0x00,0x00,0x00,0x00,0x00,0x00,0x00,0x88,0x05,0x00,0x00,0x00,0x00,0x00,0x00,0x88,0x05,0x00,0x00,0x00,0x00,0x00,0x00,
    0x28,0x00,0x00,0x00,0x00,0x00,0x00,0x00,0x02,0x00,0x00,0x00,0x00,0x00,0x00,0x00,0x04,0x00,0x00,0x00,0x00,0x00,0x00,0x00,
    0x04,0x00,0x00,0x00,0x00,0x00,0x00,0x00,0x1f,0x00,0x00,0x00,0x03,0x00,0x00,0x00,0x02,0x00,0x00,0x00,0x00,0x00,0x00,0x00,
    0xb0,0x05,0x00,0x00,0x00,0x00,0x00,0x00,0xb0,0x05,0x00,0x00,0x00,0x00,0x00,0x00,0x5e,0x00,0x00,0x00,0x00,0x00,0x00,0x00,
    0x00,0x00,0x00,0x00,0x00,0x00,0x00,0x00,0x01,0x00,0x00,0x00,0x00,0x00,0x00,0x00,0x00,0x00,0x00,0x00,0x00,0x00,0x00,0x00,
    0x27,0x00,0x00,0x00,0x01,0x00,0x00,0x00,0x02,0x00,0x00,0x00,0x00,0x00,0x00,0x00,0x40,0x06,0x00,0x00,0x00,0x00,0x00,0x00,
    0x40,0x06,0x00,0x00,0x00,0x00,0x00,0x00,0x40,0x00,0x00,0x00,0x00,0x00,0x00,0x00,0x00,0x00,0x00,0x00,0x00,0x00,0x00,0x00,
    0x40,0x00,0x00,0x00,0x00,0x00,0x00,0x00,0x00,0x00,0x00,0x00,0x00,0x00,0x00,0x00,0x2f,0x00,0x00,0x00,0x01,0x00,0x00,0x00,
    0x06,0x00,0x00,0x00,0x00,0x00,0x00,0x00,0x00,0x17,0x00,0x00,0x00,0x00,0x00,0x00,0x00,0x07,0x00,0x00,0x00,0x00,0x00,0x00,
    0x80,0x11,0x00,0x00,0x00,0x00,0x00,0x00,0x00,0x00,0x00,0x00,0x00,0x00,0x00,0x00,0x00,0x01,0x00,0x00,0x00,0x00,0x00,0x00,
    0x00,0x00,0x00,0x00,0x00,0x00,0x00,0x00,0x35,0x00,0x00,0x00,0x06,0x00,0x00,0x00,0x03,0x00,0x00,0x00,0x00,0x00,0x00,0x00,
    0x80,0x38,0x00,0x00,0x00,0x00,0x00,0x00,0x80,0x18,0x00,0x00,0x00,0x00,0x00,0x00,0x70,0x00,0x00,0x00,0x00,0x00,0x00,0x00,
    0x05,0x00,0x00,0x00,0x00,0x00,0x00,0x00,0x08,0x00,0x00,0x00,0x00,0x00,0x00,0x00,0x10,0x00,0x00,0x00,0x00,0x00,0x00,0x00,
    0x3e,0x00,0x00,0x00,0x08,0x00,0x00,0x00,0x03,0x00,0x00,0x00,0x00,0x00,0x00,0x00,0xf0,0x38,0x00,0x00,0x00,0x00,0x00,0x00,
    0xf0,0x18,0x00,0x00,0x00,0x00,0x00,0x00,0x10,0x07,0x00,0x00,0x00,0x00,0x00,0x00,0x00,0x00,0x00,0x00,0x00,0x00,0x00,0x00,
    0x01,0x00,0x00,0x00,0x00,0x00,0x00,0x00,0x00,0x00,0x00,0x00,0x00,0x00,0x00,0x00,0x4d,0x00,0x00,0x00,0x01,0x00,0x00,0x00,
    0x00,0x00,0x00,0x00,0x00,0x00,0x00,0x00,0x00,0x00,0x00,0x00,0x00,0x00,0x00,0x00,0xf0,0x18,0x00,0x00,0x00,0x00,0x00,0x00,
    0x00,0x00,0x00,0x00,0x00,0x00,0x00,0x00,0x00,0x00,0x00,0x00,0x00,0x00,0x00,0x00,0x01,0x00,0x00,0x00,0x00,0x00,0x00,0x00,
    0x00,0x00,0x00,0x00,0x00,0x00,0x00,0x00,0x62,0x00,0x00,0x00,0x01,0x00,0x00,0x00,0x30,0x00,0x00,0x00,0x00,0x00,0x00,0x00,
    0x00,0x00,0x00,0x00,0x00,0x00,0x00,0x00,0xf0,0x18,0x00,0x00,0x00,0x00,0x00,0x00,0x3b,0x00,0x00,0x00,0x00,0x00,0x00,0x00,
    0x00,0x00,0x00,0x00,0x00,0x00,0x00,0x00,0x01,0x00,0x00,0x00,0x00,0x00,0x00,0x00,0x01,0x00,0x00,0x00,0x00,0x00,0x00,0x00,
    0x6b,0x00,0x00,0x00,0x02,0x00,0x00,0x00,0x00,0x00,0x00,0x00,0x00,0x00,0x00,0x00,0x00,0x00,0x00,0x00,0x00,0x00,0x00,0x00,
    0x30,0x19,0x00,0x00,0x00,0x00,0x00,0x00,0x38,0x01,0x00,0x00,0x00,0x00,0x00,0x00,0x0e,0x00,0x00,0x00,0x0a,0x00,0x00,0x00,
    0x08,0x00,0x00,0x00,0x00,0x00,0x00,0x00,0x18,0x00,0x00,0x00,0x00,0x00,0x00,0x00,0x73,0x00,0x00,0x00,0x03,0x00,0x00,0x00,
    0x00,0x00,0x00,0x00,0x00,0x00,0x00,0x00,0x00,0x00,0x00,0x00,0x00,0x00,0x00,0x00,0x68,0x1a,0x00,0x00,0x00,0x00,0x00,0x00,
    0x85,0x00,0x00,0x00,0x00,0x00,0x00,0x00,0x00,0x00,0x00,0x00,0x00,0x00,0x00,0x00,0x01,0x00,0x00,0x00,0x00,0x00,0x00,0x00,
    0x00,0x00,0x00,0x00,0x00,0x00,0x00,0x00,0x7d,0x00,0x00,0x00,0x03,0x00,0x00,0x00,0x00,0x00,0x00,0x00,0x00,0x00,0x00,0x00,
    0x00,0x00,0x00,0x00,0x00,0x00,0x00,0x00,0xed,0x1a,0x00,0x00,0x00,0x00,0x00,0x00,0x8d,0x01,0x00,0x00,0x00,0x00,0x00,0x00,
    0x00,0x00,0x00,0x00,0x00,0x00,0x00,0x00,0x01,0x00,0x00,0x00,0x00,0x00,0x00,0x00,0x00,0x00,0x00,0x00,0x00,0x00,0x00,0x00,
};
}
struct CodeObjects { const char *target; std::span<const uint8_t> operations, mailbox; };
inline constexpr CodeObjects kCodeObjects[] = {
    {"gfx9-generic", gfx9_generic::signal_operations, gfx9_generic::signal_mailbox_service},
    {"gfx9-4-generic", gfx9_4_generic::signal_operations, gfx9_4_generic::signal_mailbox_service},
    {"gfx10-1-generic", gfx10_1_generic::signal_operations, gfx10_1_generic::signal_mailbox_service},
    {"gfx10-3-generic", gfx10_3_generic::signal_operations, gfx10_3_generic::signal_mailbox_service},
    {"gfx11-generic", gfx11_generic::signal_operations, gfx11_generic::signal_mailbox_service},
    {"gfx12-generic", gfx12_generic::signal_operations, gfx12_generic::signal_mailbox_service},
    {"gfx908", gfx908::signal_operations, gfx908::signal_mailbox_service},
    {"gfx90a", gfx90a::signal_operations, gfx90a::signal_mailbox_service},
    {"gfx1250", gfx1250::signal_operations, gfx1250::signal_mailbox_service},
};
}
